URL A,URL B,Five-word containment,Automated review flag
https://crownwingparrots.co.uk/,https://crownwingparrots.co.uk/parrots/,0.42254,False
https://crownwingparrots.co.uk/,https://crownwingparrots.co.uk/parrot-care/,0.1122,False
https://crownwingparrots.co.uk/,https://crownwingparrots.co.uk/available-birds/,0.09571,False
https://crownwingparrots.co.uk/available-birds/,https://crownwingparrots.co.uk/parrots/,0.08451,False
https://crownwingparrots.co.uk/contact/,https://crownwingparrots.co.uk/privacy-policy/,0.05303,False
https://crownwingparrots.co.uk/parrots-for-sale/caiques/,https://crownwingparrots.co.uk/parrots-for-sale/parakeets-small-parrots/,0.05226,False
https://crownwingparrots.co.uk/parrots-for-sale/parakeets-small-parrots/,https://crownwingparrots.co.uk/parrots-for-sale/small-parrots/,0.05088,False
https://crownwingparrots.co.uk/parrots-for-sale/small-parrots/,https://crownwingparrots.co.uk/parrots-for-sale/talking-parrots/,0.05088,False
https://crownwingparrots.co.uk/parrots-for-sale/small-parrots/,https://crownwingparrots.co.uk/parrots/parakeets-small-psittacines/,0.05088,False
https://crownwingparrots.co.uk/parrots-for-sale/amazon-parrots/,https://crownwingparrots.co.uk/parrots-for-sale/eclectus-parrots/,0.04974,False
https://crownwingparrots.co.uk/parrots-for-sale/amazon-parrots/,https://crownwingparrots.co.uk/parrots-for-sale/macaws/,0.04918,False
https://crownwingparrots.co.uk/parrots-for-sale/caiques/,https://crownwingparrots.co.uk/parrots-for-sale/macaws/,0.04878,False
https://crownwingparrots.co.uk/guides/choosing-a-parrot/,https://crownwingparrots.co.uk/parrots/conures/,0.04843,False
https://crownwingparrots.co.uk/parrots-for-sale/parakeets-small-parrots/,https://crownwingparrots.co.uk/parrots-for-sale/talking-parrots/,0.04822,False
https://crownwingparrots.co.uk/parrots-for-sale/talking-parrots/,https://crownwingparrots.co.uk/parrots/amazons/,0.04822,False
https://crownwingparrots.co.uk/parrots-for-sale/talking-parrots/,https://crownwingparrots.co.uk/parrots/parakeets-small-psittacines/,0.04822,False
https://crownwingparrots.co.uk/parrots-for-sale/macaws/,https://crownwingparrots.co.uk/parrots-for-sale/parakeets-small-parrots/,0.04785,False
https://crownwingparrots.co.uk/parrots-for-sale/amazon-parrots/,https://crownwingparrots.co.uk/parrots-for-sale/caiques/,0.04704,False
https://crownwingparrots.co.uk/parrots/amazons/,https://crownwingparrots.co.uk/parrots/macaws/,0.04682,False
https://crownwingparrots.co.uk/parrots-for-sale/conures/,https://crownwingparrots.co.uk/parrots-for-sale/parakeets-small-parrots/,0.04651,False
https://crownwingparrots.co.uk/parrots-for-sale/african-grey-parrots/,https://crownwingparrots.co.uk/parrots-for-sale/amazon-parrots/,0.0459,False
https://crownwingparrots.co.uk/business-policies/,https://crownwingparrots.co.uk/cookie-policy/,0.04575,False
https://crownwingparrots.co.uk/cookie-policy/,https://crownwingparrots.co.uk/privacy-policy/,0.04575,False
https://crownwingparrots.co.uk/parrots-for-sale/amazon-parrots/,https://crownwingparrots.co.uk/parrots-for-sale/large-parrots/,0.04506,False
https://crownwingparrots.co.uk/parrots-for-sale/large-parrots/,https://crownwingparrots.co.uk/parrots-for-sale/talking-parrots/,0.04506,False
https://crownwingparrots.co.uk/parrots-for-sale/large-parrots/,https://crownwingparrots.co.uk/parrots/amazons/,0.04506,False
https://crownwingparrots.co.uk/parrots/african-parrots/,https://crownwingparrots.co.uk/parrots/cockatoos/,0.0449,False
https://crownwingparrots.co.uk/parrots-for-sale/african-grey-parrots/,https://crownwingparrots.co.uk/parrots-for-sale/conures/,0.04485,False
https://crownwingparrots.co.uk/parrots-for-sale/african-grey-parrots/,https://crownwingparrots.co.uk/parrots-for-sale/eclectus-parrots/,0.0446,False
https://crownwingparrots.co.uk/parrots-for-sale/eclectus-parrots/,https://crownwingparrots.co.uk/parrots-for-sale/macaws/,0.0446,False
https://crownwingparrots.co.uk/parrots-for-sale/eclectus-parrots/,https://crownwingparrots.co.uk/parrots-for-sale/parakeets-small-parrots/,0.0446,False
https://crownwingparrots.co.uk/parrots/amazons/blue-fronted-amazon-parrot/,https://crownwingparrots.co.uk/parrots/caiques/black-headed-caique/,0.0443,False
https://crownwingparrots.co.uk/parrots/caiques/black-headed-caique/,https://crownwingparrots.co.uk/parrots/caiques/white-bellied-caique/,0.0443,False
https://crownwingparrots.co.uk/parrots-for-sale/conures/,https://crownwingparrots.co.uk/parrots-for-sale/small-parrots/,0.04425,False
https://crownwingparrots.co.uk/parrots-for-sale/african-grey-parrots/,https://crownwingparrots.co.uk/parrots-for-sale/talking-parrots/,0.04403,False
https://crownwingparrots.co.uk/parrots-for-sale/amazon-parrots/,https://crownwingparrots.co.uk/parrots-for-sale/talking-parrots/,0.04403,False
https://crownwingparrots.co.uk/parrots-for-sale/talking-parrots/,https://crownwingparrots.co.uk/parrots/african-parrots/,0.04403,False
https://crownwingparrots.co.uk/parrots/caiques/,https://crownwingparrots.co.uk/parrots/eclectus/,0.04365,False
https://crownwingparrots.co.uk/parrots/caiques/,https://crownwingparrots.co.uk/parrots/macaws/,0.04365,False
https://crownwingparrots.co.uk/parrots/african-parrots/,https://crownwingparrots.co.uk/parrots/amazons/,0.04353,False
https://crownwingparrots.co.uk/,https://crownwingparrots.co.uk/parrots-for-sale/,0.04348,False
https://crownwingparrots.co.uk/parrots-for-sale/amazon-parrots/,https://crownwingparrots.co.uk/parrots-for-sale/conures/,0.04319,False
https://crownwingparrots.co.uk/parrots/amazons/,https://crownwingparrots.co.uk/parrots/eclectus/,0.04305,False
https://crownwingparrots.co.uk/parrots/cockatoos/,https://crownwingparrots.co.uk/parrots/eclectus/,0.04305,False
https://crownwingparrots.co.uk/parrots-for-sale/amazon-parrots/,https://crownwingparrots.co.uk/parrots-for-sale/parakeets-small-parrots/,0.0429,False
https://crownwingparrots.co.uk/parrots/amazons/,https://crownwingparrots.co.uk/parrots/cockatoos/,0.04248,False
https://crownwingparrots.co.uk/parrots/african-parrots/,https://crownwingparrots.co.uk/parrots/conures/,0.04237,False
https://crownwingparrots.co.uk/parrots/african-parrots/,https://crownwingparrots.co.uk/parrots/caiques/,0.04236,False
https://crownwingparrots.co.uk/parrots/amazons/,https://crownwingparrots.co.uk/parrots/caiques/,0.04236,False
https://crownwingparrots.co.uk/parrots/caiques/,https://crownwingparrots.co.uk/parrots/cockatoos/,0.04236,False
https://crownwingparrots.co.uk/parrots/caiques/,https://crownwingparrots.co.uk/parrots/conures/,0.04236,False
https://crownwingparrots.co.uk/parrots/caiques/,https://crownwingparrots.co.uk/parrots/parakeets-small-psittacines/,0.04236,False
https://crownwingparrots.co.uk/parrots-for-sale/caiques/,https://crownwingparrots.co.uk/parrots-for-sale/small-parrots/,0.04204,False
https://crownwingparrots.co.uk/parrots-for-sale/small-parrots/,https://crownwingparrots.co.uk/parrots/caiques/,0.04204,False
https://crownwingparrots.co.uk/parrots-for-sale/small-parrots/,https://crownwingparrots.co.uk/parrots/conures/,0.04204,False
https://crownwingparrots.co.uk/parrots/african-parrots/,https://crownwingparrots.co.uk/parrots/eclectus/,0.04182,False
https://crownwingparrots.co.uk/parrots/conures/,https://crownwingparrots.co.uk/parrots/eclectus/,0.04182,False
https://crownwingparrots.co.uk/parrots/eclectus/,https://crownwingparrots.co.uk/parrots/parakeets-small-psittacines/,0.04182,False
https://crownwingparrots.co.uk/parrots-for-sale/caiques/,https://crownwingparrots.co.uk/parrots-for-sale/conures/,0.04181,False
https://crownwingparrots.co.uk/parrots-for-sale/caiques/,https://crownwingparrots.co.uk/parrots-for-sale/eclectus-parrots/,0.04181,False
https://crownwingparrots.co.uk/parrots/cockatoos/,https://crownwingparrots.co.uk/parrots/conures/,0.04126,False
https://crownwingparrots.co.uk/parrots-for-sale/african-grey-parrots/,https://crownwingparrots.co.uk/parrots-for-sale/parakeets-small-parrots/,0.04125,False
https://crownwingparrots.co.uk/parrots-for-sale/cockatoos/,https://crownwingparrots.co.uk/parrots-for-sale/eclectus-parrots/,0.04117,False
https://crownwingparrots.co.uk/parrots/conures/,https://crownwingparrots.co.uk/parrots/parakeets-small-psittacines/,0.04116,False
https://crownwingparrots.co.uk/parrots-for-sale/cockatoos/,https://crownwingparrots.co.uk/parrots-for-sale/large-parrots/,0.04077,False
https://crownwingparrots.co.uk/parrots-for-sale/large-parrots/,https://crownwingparrots.co.uk/parrots-for-sale/macaws/,0.04077,False
https://crownwingparrots.co.uk/parrots-for-sale/large-parrots/,https://crownwingparrots.co.uk/parrots/cockatoos/,0.04077,False
https://crownwingparrots.co.uk/parrots-for-sale/large-parrots/,https://crownwingparrots.co.uk/parrots/macaws/,0.04077,False
https://crownwingparrots.co.uk/parrots/eclectus/,https://crownwingparrots.co.uk/parrots/macaws/,0.04059,False
https://crownwingparrots.co.uk/parrots/cockatoos/,https://crownwingparrots.co.uk/parrots/macaws/,0.04005,False
https://crownwingparrots.co.uk/parrots/cockatoos/,https://crownwingparrots.co.uk/parrots/parakeets-small-psittacines/,0.04005,False
https://crownwingparrots.co.uk/parrots/amazons/,https://crownwingparrots.co.uk/parrots/conures/,0.03995,False
https://crownwingparrots.co.uk/parrots/conures/,https://crownwingparrots.co.uk/parrots/macaws/,0.03995,False
https://crownwingparrots.co.uk/parrots/african-parrots/,https://crownwingparrots.co.uk/parrots/macaws/,0.0399,False
https://crownwingparrots.co.uk/parrots/african-parrots/,https://crownwingparrots.co.uk/parrots/parakeets-small-psittacines/,0.0399,False
https://crownwingparrots.co.uk/parrots/amazons/,https://crownwingparrots.co.uk/parrots/parakeets-small-psittacines/,0.03971,False
https://crownwingparrots.co.uk/parrots/macaws/,https://crownwingparrots.co.uk/parrots/parakeets-small-psittacines/,0.03971,False
https://crownwingparrots.co.uk/parrots-for-sale/conures/,https://crownwingparrots.co.uk/parrots-for-sale/eclectus-parrots/,0.03945,False
https://crownwingparrots.co.uk/guides/choosing-a-parrot/,https://crownwingparrots.co.uk/parrots/eclectus/,0.03936,False
https://crownwingparrots.co.uk/parrots-for-sale/parakeets-small-parrots/,https://crownwingparrots.co.uk/parrots/parakeets-small-psittacines/,0.03795,False
https://crownwingparrots.co.uk/parrots-for-sale/cockatoos/,https://crownwingparrots.co.uk/parrots-for-sale/macaws/,0.0374,False
https://crownwingparrots.co.uk/parrots-for-sale/african-grey-parrots/,https://crownwingparrots.co.uk/parrots-for-sale/caiques/,0.03659,False
https://crownwingparrots.co.uk/parrots-for-sale/cockatoos/,https://crownwingparrots.co.uk/parrots-for-sale/parakeets-small-parrots/,0.0363,False
https://crownwingparrots.co.uk/parrots-for-sale/amazon-parrots/,https://crownwingparrots.co.uk/parrots-for-sale/cockatoos/,0.03607,False
https://crownwingparrots.co.uk/parrots-for-sale/amazon-parrots/,https://crownwingparrots.co.uk/parrots/amazons/,0.03443,False
https://crownwingparrots.co.uk/parrots/conures/green-cheeked-conure/,https://crownwingparrots.co.uk/parrots/conures/sun-conure/,0.03359,False
https://crownwingparrots.co.uk/parrots/caiques/black-headed-caique/,https://crownwingparrots.co.uk/parrots/parakeets-small-psittacines/budgerigar/,0.03323,False
https://crownwingparrots.co.uk/parrots-for-sale/cockatoos/,https://crownwingparrots.co.uk/parrots-for-sale/conures/,0.03322,False
https://crownwingparrots.co.uk/parrots-for-sale/caiques/,https://crownwingparrots.co.uk/parrots-for-sale/cockatoos/,0.0331,False
https://crownwingparrots.co.uk/parrots-for-sale/caiques/,https://crownwingparrots.co.uk/parrots/caiques/,0.0331,False
https://crownwingparrots.co.uk/parrots-for-sale/eclectus-parrots/,https://crownwingparrots.co.uk/parrots/eclectus/,0.03259,False
https://crownwingparrots.co.uk/parrots-for-sale/african-grey-parrots/,https://crownwingparrots.co.uk/parrots-for-sale/cockatoos/,0.03252,False
https://crownwingparrots.co.uk/parrots/caiques/white-bellied-caique/,https://crownwingparrots.co.uk/parrots/cockatoos/galah-cockatoo/,0.03246,False
https://crownwingparrots.co.uk/parrots/caiques/white-bellied-caique/,https://crownwingparrots.co.uk/parrots/conures/sun-conure/,0.03246,False
https://crownwingparrots.co.uk/parrots/amazons/blue-fronted-amazon-parrot/,https://crownwingparrots.co.uk/parrots/cockatoos/galah-cockatoo/,0.03187,False
https://crownwingparrots.co.uk/parrots/amazons/blue-fronted-amazon-parrot/,https://crownwingparrots.co.uk/parrots/macaws/blue-and-gold-macaw/,0.03187,False
https://crownwingparrots.co.uk/parrots/african-parrots/congo-african-grey-parrot/,https://crownwingparrots.co.uk/parrots/african-parrots/timneh-parrot/,0.03179,False
https://crownwingparrots.co.uk/parrots/caiques/black-headed-caique/,https://crownwingparrots.co.uk/parrots/cockatoos/galah-cockatoo/,0.03165,False
https://crownwingparrots.co.uk/parrots-for-sale/conures/,https://crownwingparrots.co.uk/parrots-for-sale/macaws/,0.03156,False
https://crownwingparrots.co.uk/parrots-for-sale/conures/,https://crownwingparrots.co.uk/parrots/conures/,0.03156,False
https://crownwingparrots.co.uk/guides/choosing-a-parrot/,https://crownwingparrots.co.uk/parrots/amazons/,0.03121,False
https://crownwingparrots.co.uk/parrots/cockatoos/galah-cockatoo/,https://crownwingparrots.co.uk/parrots/macaws/blue-and-gold-macaw/,0.03107,False
https://crownwingparrots.co.uk/parrots/amazons/blue-fronted-amazon-parrot/,https://crownwingparrots.co.uk/parrots/caiques/white-bellied-caique/,0.03091,False
https://crownwingparrots.co.uk/parrots-for-sale/cockatoos/,https://crownwingparrots.co.uk/parrots/cockatoos/,0.03089,False
https://crownwingparrots.co.uk/parrots-for-sale/african-grey-parrots/,https://crownwingparrots.co.uk/parrots-for-sale/macaws/,0.03079,False
https://crownwingparrots.co.uk/parrots-for-sale/african-grey-parrots/,https://crownwingparrots.co.uk/parrots/african-parrots/,0.03079,False
https://crownwingparrots.co.uk/parrots/conures/sun-conure/,https://crownwingparrots.co.uk/parrots/parakeets-small-psittacines/indian-ringneck-parakeet/,0.03035,False
https://crownwingparrots.co.uk/business-policies/,https://crownwingparrots.co.uk/contact/,0.0303,False
https://crownwingparrots.co.uk/contact/,https://crownwingparrots.co.uk/cookie-policy/,0.0303,False
https://crownwingparrots.co.uk/contact/,https://crownwingparrots.co.uk/parrots-for-sale/,0.0303,False
https://crownwingparrots.co.uk/parrots/caiques/white-bellied-caique/,https://crownwingparrots.co.uk/parrots/macaws/blue-and-gold-macaw/,0.02937,False
https://crownwingparrots.co.uk/parrots/caiques/white-bellied-caique/,https://crownwingparrots.co.uk/parrots/parakeets-small-psittacines/budgerigar/,0.02937,False
https://crownwingparrots.co.uk/parrots/amazons/yellow-naped-amazon-parrot/,https://crownwingparrots.co.uk/parrots/parakeets-small-psittacines/peach-faced-lovebird/,0.0288,False
https://crownwingparrots.co.uk/parrots/caiques/black-headed-caique/,https://crownwingparrots.co.uk/parrots/macaws/blue-and-gold-macaw/,0.02848,False
https://crownwingparrots.co.uk/parrots-for-sale/conures/,https://crownwingparrots.co.uk/parrots-for-sale/large-parrots/,0.0279,False
https://crownwingparrots.co.uk/parrots/african-parrots/congo-african-grey-parrot/,https://crownwingparrots.co.uk/parrots/conures/sun-conure/,0.02748,False
https://crownwingparrots.co.uk/parrots/african-parrots/timneh-parrot/,https://crownwingparrots.co.uk/parrots/amazons/blue-fronted-amazon-parrot/,0.02731,False
https://crownwingparrots.co.uk/parrots-for-sale/talking-parrots/,https://crownwingparrots.co.uk/parrots/macaws/,0.02725,False
https://crownwingparrots.co.uk/parrots/conures/green-cheeked-conure/,https://crownwingparrots.co.uk/parrots/parakeets-small-psittacines/indian-ringneck-parakeet/,0.02716,False
https://crownwingparrots.co.uk/guides/,https://crownwingparrots.co.uk/guides/buying-a-parrot/,0.02696,False
https://crownwingparrots.co.uk/parrots/amazons/blue-fronted-amazon-parrot/,https://crownwingparrots.co.uk/parrots/amazons/yellow-naped-amazon-parrot/,0.0258,False
https://crownwingparrots.co.uk/parrots/amazons/blue-fronted-amazon-parrot/,https://crownwingparrots.co.uk/parrots/parakeets-small-psittacines/budgerigar/,0.0258,False
https://crownwingparrots.co.uk/parrots-for-sale/talking-parrots/,https://crownwingparrots.co.uk/parrots/conures/,0.02516,False
https://crownwingparrots.co.uk/guides/parrot-ownership-costs/,https://crownwingparrots.co.uk/parrot-care/,0.02439,False
https://crownwingparrots.co.uk/parrots-for-sale/african-grey-parrots/,https://crownwingparrots.co.uk/parrots-for-sale/small-parrots/,0.02434,False
https://crownwingparrots.co.uk/parrots-for-sale/amazon-parrots/,https://crownwingparrots.co.uk/parrots-for-sale/small-parrots/,0.02434,False
https://crownwingparrots.co.uk/parrots-for-sale/cockatoos/,https://crownwingparrots.co.uk/parrots-for-sale/small-parrots/,0.02434,False
https://crownwingparrots.co.uk/parrots-for-sale/eclectus-parrots/,https://crownwingparrots.co.uk/parrots-for-sale/small-parrots/,0.02434,False
https://crownwingparrots.co.uk/parrots-for-sale/large-parrots/,https://crownwingparrots.co.uk/parrots-for-sale/small-parrots/,0.02434,False
https://crownwingparrots.co.uk/parrots-for-sale/macaws/,https://crownwingparrots.co.uk/parrots-for-sale/small-parrots/,0.02434,False
https://crownwingparrots.co.uk/parrots-for-sale/small-parrots/,https://crownwingparrots.co.uk/parrots/african-parrots/,0.02434,False
https://crownwingparrots.co.uk/parrots-for-sale/small-parrots/,https://crownwingparrots.co.uk/parrots/amazons/,0.02434,False
https://crownwingparrots.co.uk/parrots-for-sale/small-parrots/,https://crownwingparrots.co.uk/parrots/cockatoos/,0.02434,False
https://crownwingparrots.co.uk/parrots-for-sale/small-parrots/,https://crownwingparrots.co.uk/parrots/eclectus/,0.02434,False
https://crownwingparrots.co.uk/parrots-for-sale/small-parrots/,https://crownwingparrots.co.uk/parrots/macaws/,0.02434,False
https://crownwingparrots.co.uk/parrots/african-parrots/congo-african-grey-parrot/,https://crownwingparrots.co.uk/parrots/amazons/blue-fronted-amazon-parrot/,0.02428,False
https://crownwingparrots.co.uk/parrots/macaws/blue-and-gold-macaw/,https://crownwingparrots.co.uk/parrots/parakeets-small-psittacines/budgerigar/,0.0241,False
https://crownwingparrots.co.uk/parrots/amazons/yellow-naped-amazon-parrot/,https://crownwingparrots.co.uk/parrots/eclectus/papuan-eclectus-parrot/,0.02399,False
https://crownwingparrots.co.uk/parrots-for-sale/macaws/,https://crownwingparrots.co.uk/parrots/macaws/,0.02366,False
https://crownwingparrots.co.uk/parrots-for-sale/african-grey-parrots/,https://crownwingparrots.co.uk/parrots-for-sale/large-parrots/,0.02361,False
https://crownwingparrots.co.uk/parrots-for-sale/caiques/,https://crownwingparrots.co.uk/parrots-for-sale/large-parrots/,0.02361,False
https://crownwingparrots.co.uk/parrots-for-sale/eclectus-parrots/,https://crownwingparrots.co.uk/parrots-for-sale/large-parrots/,0.02361,False
https://crownwingparrots.co.uk/parrots-for-sale/large-parrots/,https://crownwingparrots.co.uk/parrots-for-sale/parakeets-small-parrots/,0.02361,False
https://crownwingparrots.co.uk/parrots-for-sale/large-parrots/,https://crownwingparrots.co.uk/parrots/african-parrots/,0.02361,False
https://crownwingparrots.co.uk/parrots-for-sale/large-parrots/,https://crownwingparrots.co.uk/parrots/caiques/,0.02361,False
https://crownwingparrots.co.uk/parrots-for-sale/large-parrots/,https://crownwingparrots.co.uk/parrots/conures/,0.02361,False
https://crownwingparrots.co.uk/parrots-for-sale/large-parrots/,https://crownwingparrots.co.uk/parrots/eclectus/,0.02361,False
https://crownwingparrots.co.uk/parrots-for-sale/large-parrots/,https://crownwingparrots.co.uk/parrots/parakeets-small-psittacines/,0.02361,False
https://crownwingparrots.co.uk/parrots/amazons/yellow-naped-amazon-parrot/,https://crownwingparrots.co.uk/parrots/caiques/white-bellied-caique/,0.02318,False
https://crownwingparrots.co.uk/guides/choosing-a-parrot/,https://crownwingparrots.co.uk/parrots/cockatoos/,0.02306,False
https://crownwingparrots.co.uk/parrots-for-sale/caiques/,https://crownwingparrots.co.uk/parrots-for-sale/talking-parrots/,0.02306,False
https://crownwingparrots.co.uk/parrots-for-sale/cockatoos/,https://crownwingparrots.co.uk/parrots-for-sale/talking-parrots/,0.02306,False
https://crownwingparrots.co.uk/parrots-for-sale/conures/,https://crownwingparrots.co.uk/parrots-for-sale/talking-parrots/,0.02306,False
https://crownwingparrots.co.uk/parrots-for-sale/eclectus-parrots/,https://crownwingparrots.co.uk/parrots-for-sale/talking-parrots/,0.02306,False
https://crownwingparrots.co.uk/parrots-for-sale/macaws/,https://crownwingparrots.co.uk/parrots-for-sale/talking-parrots/,0.02306,False
https://crownwingparrots.co.uk/parrots-for-sale/talking-parrots/,https://crownwingparrots.co.uk/parrots/caiques/,0.02306,False
https://crownwingparrots.co.uk/parrots-for-sale/talking-parrots/,https://crownwingparrots.co.uk/parrots/cockatoos/,0.02306,False
https://crownwingparrots.co.uk/parrots-for-sale/talking-parrots/,https://crownwingparrots.co.uk/parrots/eclectus/,0.02306,False
https://crownwingparrots.co.uk/parrots/african-parrots/timneh-parrot/,https://crownwingparrots.co.uk/parrots/conures/sun-conure/,0.0229,False
https://crownwingparrots.co.uk/parrots/amazons/yellow-naped-amazon-parrot/,https://crownwingparrots.co.uk/parrots/conures/sun-conure/,0.0229,False
https://crownwingparrots.co.uk/parrots/cockatoos/galah-cockatoo/,https://crownwingparrots.co.uk/parrots/conures/green-cheeked-conure/,0.0228,False
https://crownwingparrots.co.uk/parrots/amazons/blue-fronted-amazon-parrot/,https://crownwingparrots.co.uk/parrots/eclectus/papuan-eclectus-parrot/,0.02276,False
https://crownwingparrots.co.uk/locations/belfast/,https://crownwingparrots.co.uk/locations/nottingham/,0.02268,False
https://crownwingparrots.co.uk/parrots-for-sale/caiques/,https://crownwingparrots.co.uk/parrots/eclectus/,0.02265,False
https://crownwingparrots.co.uk/parrots/cockatoos/galah-cockatoo/,https://crownwingparrots.co.uk/parrots/parakeets-small-psittacines/budgerigar/,0.02259,False
https://crownwingparrots.co.uk/parrots/conures/sun-conure/,https://crownwingparrots.co.uk/parrots/parakeets-small-psittacines/peach-faced-lovebird/,0.0224,False
https://crownwingparrots.co.uk/parrots/african-parrots/timneh-parrot/,https://crownwingparrots.co.uk/parrots/caiques/black-headed-caique/,0.02215,False
https://crownwingparrots.co.uk/locations/belfast/,https://crownwingparrots.co.uk/locations/birmingham/,0.02204,False
https://crownwingparrots.co.uk/parrots-for-sale/parakeets-small-parrots/,https://crownwingparrots.co.uk/parrots/eclectus/,0.02145,False
https://crownwingparrots.co.uk/parrots-for-sale/amazon-parrots/,https://crownwingparrots.co.uk/parrots/eclectus/,0.02131,False
https://crownwingparrots.co.uk/parrots-for-sale/cockatoos/,https://crownwingparrots.co.uk/parrots/eclectus/,0.02114,False
https://crownwingparrots.co.uk/parrots/amazons/yellow-naped-amazon-parrot/,https://crownwingparrots.co.uk/parrots/cockatoos/umbrella-cockatoo/,0.02108,False
https://crownwingparrots.co.uk/parrots/african-parrots/timneh-parrot/,https://crownwingparrots.co.uk/parrots/amazons/yellow-naped-amazon-parrot/,0.02099,False
https://crownwingparrots.co.uk/parrots/amazons/blue-fronted-amazon-parrot/,https://crownwingparrots.co.uk/parrots/parakeets-small-psittacines/peach-faced-lovebird/,0.0208,False
https://crownwingparrots.co.uk/parrots/parakeets-small-psittacines/budgerigar/,https://crownwingparrots.co.uk/parrots/parakeets-small-psittacines/peach-faced-lovebird/,0.0208,False
https://crownwingparrots.co.uk/parrots/african-parrots/congo-african-grey-parrot/,https://crownwingparrots.co.uk/parrots/macaws/scarlet-macaw/,0.02071,False
https://crownwingparrots.co.uk/parrots/macaws/blue-and-gold-macaw/,https://crownwingparrots.co.uk/parrots/macaws/scarlet-macaw/,0.02071,False
https://crownwingparrots.co.uk/guides/choosing-a-parrot/,https://crownwingparrots.co.uk/parrots/parakeets-small-psittacines/,0.02046,False
https://crownwingparrots.co.uk/parrots-for-sale/conures/,https://crownwingparrots.co.uk/parrots/eclectus/,0.01993,False
https://crownwingparrots.co.uk/parrots/cockatoos/umbrella-cockatoo/,https://crownwingparrots.co.uk/parrots/conures/sun-conure/,0.01985,False
https://crownwingparrots.co.uk/guides/parrot-diet-nutrition/,https://crownwingparrots.co.uk/locations/glasgow/,0.01974,False
https://crownwingparrots.co.uk/parrots-for-sale/amazon-parrots/,https://crownwingparrots.co.uk/parrots/conures/,0.01967,False
https://crownwingparrots.co.uk/parrots/cockatoos/galah-cockatoo/,https://crownwingparrots.co.uk/parrots/cockatoos/umbrella-cockatoo/,0.01958,False
https://crownwingparrots.co.uk/guides/parrot-diet-nutrition/,https://crownwingparrots.co.uk/parrot-care/,0.01951,False
https://crownwingparrots.co.uk/guides/parrot-housing-enrichment/,https://crownwingparrots.co.uk/parrot-care/,0.01951,False
https://crownwingparrots.co.uk/parrots-for-sale/cockatoos/,https://crownwingparrots.co.uk/parrots/parakeets-small-psittacines/,0.01951,False
https://crownwingparrots.co.uk/parrots/african-parrots/congo-african-grey-parrot/,https://crownwingparrots.co.uk/parrots/eclectus/papuan-eclectus-parrot/,0.01935,False
https://crownwingparrots.co.uk/parrots/cockatoos/galah-cockatoo/,https://crownwingparrots.co.uk/parrots/eclectus/papuan-eclectus-parrot/,0.01935,False
https://crownwingparrots.co.uk/parrots-for-sale/caiques/,https://crownwingparrots.co.uk/parrots/african-parrots/,0.01916,False
https://crownwingparrots.co.uk/parrots-for-sale/caiques/,https://crownwingparrots.co.uk/parrots/amazons/,0.01916,False
https://crownwingparrots.co.uk/parrots-for-sale/caiques/,https://crownwingparrots.co.uk/parrots/cockatoos/,0.01916,False
https://crownwingparrots.co.uk/parrots-for-sale/caiques/,https://crownwingparrots.co.uk/parrots/conures/,0.01916,False
https://crownwingparrots.co.uk/parrots-for-sale/caiques/,https://crownwingparrots.co.uk/parrots/macaws/,0.01916,False
https://crownwingparrots.co.uk/parrots-for-sale/caiques/,https://crownwingparrots.co.uk/parrots/parakeets-small-psittacines/,0.01916,False
https://crownwingparrots.co.uk/parrots-for-sale/african-grey-parrots/,https://crownwingparrots.co.uk/parrots/caiques/,0.01906,False
https://crownwingparrots.co.uk/parrots-for-sale/eclectus-parrots/,https://crownwingparrots.co.uk/parrots/african-parrots/,0.01887,False
https://crownwingparrots.co.uk/parrots-for-sale/eclectus-parrots/,https://crownwingparrots.co.uk/parrots/amazons/,0.01887,False
https://crownwingparrots.co.uk/parrots-for-sale/eclectus-parrots/,https://crownwingparrots.co.uk/parrots/caiques/,0.01887,False
https://crownwingparrots.co.uk/parrots-for-sale/eclectus-parrots/,https://crownwingparrots.co.uk/parrots/cockatoos/,0.01887,False
https://crownwingparrots.co.uk/parrots-for-sale/eclectus-parrots/,https://crownwingparrots.co.uk/parrots/conures/,0.01887,False
https://crownwingparrots.co.uk/parrots-for-sale/eclectus-parrots/,https://crownwingparrots.co.uk/parrots/macaws/,0.01887,False
https://crownwingparrots.co.uk/parrots-for-sale/eclectus-parrots/,https://crownwingparrots.co.uk/parrots/parakeets-small-psittacines/,0.01887,False
https://crownwingparrots.co.uk/locations/glasgow/,https://crownwingparrots.co.uk/locations/liverpool/,0.01879,False
https://crownwingparrots.co.uk/parrots/amazons/blue-fronted-amazon-parrot/,https://crownwingparrots.co.uk/parrots/conures/sun-conure/,0.01832,False
https://crownwingparrots.co.uk/parrots/cockatoos/galah-cockatoo/,https://crownwingparrots.co.uk/parrots/conures/sun-conure/,0.01832,False
https://crownwingparrots.co.uk/parrots/conures/sun-conure/,https://crownwingparrots.co.uk/parrots/eclectus/papuan-eclectus-parrot/,0.01832,False
https://crownwingparrots.co.uk/parrots-for-sale/conures/,https://crownwingparrots.co.uk/parrots/african-parrots/,0.01827,False
https://crownwingparrots.co.uk/parrots-for-sale/conures/,https://crownwingparrots.co.uk/parrots/amazons/,0.01827,False
https://crownwingparrots.co.uk/parrots-for-sale/conures/,https://crownwingparrots.co.uk/parrots/caiques/,0.01827,False
https://crownwingparrots.co.uk/parrots-for-sale/conures/,https://crownwingparrots.co.uk/parrots/cockatoos/,0.01827,False
https://crownwingparrots.co.uk/parrots-for-sale/conures/,https://crownwingparrots.co.uk/parrots/macaws/,0.01827,False
https://crownwingparrots.co.uk/parrots-for-sale/conures/,https://crownwingparrots.co.uk/parrots/parakeets-small-psittacines/,0.01827,False
https://crownwingparrots.co.uk/parrots/conures/green-cheeked-conure/,https://crownwingparrots.co.uk/parrots/parakeets-small-psittacines/budgerigar/,0.01824,False
https://crownwingparrots.co.uk/parrots-for-sale/parakeets-small-parrots/,https://crownwingparrots.co.uk/parrots/african-parrots/,0.01815,False
https://crownwingparrots.co.uk/parrots-for-sale/parakeets-small-parrots/,https://crownwingparrots.co.uk/parrots/amazons/,0.01815,False
https://crownwingparrots.co.uk/parrots-for-sale/parakeets-small-parrots/,https://crownwingparrots.co.uk/parrots/caiques/,0.01815,False
https://crownwingparrots.co.uk/parrots-for-sale/parakeets-small-parrots/,https://crownwingparrots.co.uk/parrots/cockatoos/,0.01815,False
https://crownwingparrots.co.uk/parrots-for-sale/parakeets-small-parrots/,https://crownwingparrots.co.uk/parrots/conures/,0.01815,False
https://crownwingparrots.co.uk/parrots-for-sale/parakeets-small-parrots/,https://crownwingparrots.co.uk/parrots/macaws/,0.01815,False
https://crownwingparrots.co.uk/parrots/cockatoos/umbrella-cockatoo/,https://crownwingparrots.co.uk/parrots/eclectus/papuan-eclectus-parrot/,0.01807,False
https://crownwingparrots.co.uk/parrots-for-sale/amazon-parrots/,https://crownwingparrots.co.uk/parrots/african-parrots/,0.01803,False
https://crownwingparrots.co.uk/parrots-for-sale/amazon-parrots/,https://crownwingparrots.co.uk/parrots/caiques/,0.01803,False
https://crownwingparrots.co.uk/parrots-for-sale/amazon-parrots/,https://crownwingparrots.co.uk/parrots/cockatoos/,0.01803,False
https://crownwingparrots.co.uk/parrots-for-sale/amazon-parrots/,https://crownwingparrots.co.uk/parrots/macaws/,0.01803,False
https://crownwingparrots.co.uk/parrots-for-sale/amazon-parrots/,https://crownwingparrots.co.uk/parrots/parakeets-small-psittacines/,0.01803,False
https://crownwingparrots.co.uk/parrots/african-parrots/congo-african-grey-parrot/,https://crownwingparrots.co.uk/parrots/amazons/yellow-naped-amazon-parrot/,0.01799,False
https://crownwingparrots.co.uk/parrots/amazons/yellow-naped-amazon-parrot/,https://crownwingparrots.co.uk/parrots/cockatoos/galah-cockatoo/,0.01799,False
https://crownwingparrots.co.uk/business-policies/,https://crownwingparrots.co.uk/privacy-policy/,0.01793,False
https://crownwingparrots.co.uk/parrots-for-sale/cockatoos/,https://crownwingparrots.co.uk/parrots/african-parrots/,0.01789,False
https://crownwingparrots.co.uk/parrots-for-sale/cockatoos/,https://crownwingparrots.co.uk/parrots/amazons/,0.01789,False
https://crownwingparrots.co.uk/parrots-for-sale/cockatoos/,https://crownwingparrots.co.uk/parrots/caiques/,0.01789,False
https://crownwingparrots.co.uk/parrots-for-sale/cockatoos/,https://crownwingparrots.co.uk/parrots/conures/,0.01789,False
https://crownwingparrots.co.uk/parrots-for-sale/cockatoos/,https://crownwingparrots.co.uk/parrots/macaws/,0.01789,False
https://crownwingparrots.co.uk/parrots/african-parrots/timneh-parrot/,https://crownwingparrots.co.uk/parrots/eclectus/papuan-eclectus-parrot/,0.01786,False
https://crownwingparrots.co.uk/parrots-for-sale/african-grey-parrots/,https://crownwingparrots.co.uk/parrots/eclectus/,0.0176,False
https://crownwingparrots.co.uk/parrots/african-parrots/timneh-parrot/,https://crownwingparrots.co.uk/parrots/parakeets-small-psittacines/peach-faced-lovebird/,0.0176,False
https://crownwingparrots.co.uk/parrots/eclectus/papuan-eclectus-parrot/,https://crownwingparrots.co.uk/parrots/parakeets-small-psittacines/peach-faced-lovebird/,0.0176,False
https://crownwingparrots.co.uk/parrots/macaws/blue-and-gold-macaw/,https://crownwingparrots.co.uk/parrots/parakeets-small-psittacines/peach-faced-lovebird/,0.0176,False
https://crownwingparrots.co.uk/parrots/macaws/scarlet-macaw/,https://crownwingparrots.co.uk/parrots/parakeets-small-psittacines/indian-ringneck-parakeet/,0.01757,False
https://crownwingparrots.co.uk/parrots/parakeets-small-psittacines/budgerigar/,https://crownwingparrots.co.uk/parrots/parakeets-small-psittacines/indian-ringneck-parakeet/,0.01757,False
https://crownwingparrots.co.uk/parrots/caiques/black-headed-caique/,https://crownwingparrots.co.uk/parrots/eclectus/papuan-eclectus-parrot/,0.01741,False
https://crownwingparrots.co.uk/guides/,https://crownwingparrots.co.uk/guides/parrot-ownership-costs/,0.01716,False
https://crownwingparrots.co.uk/parrots/african-parrots/timneh-parrot/,https://crownwingparrots.co.uk/parrots/parakeets-small-psittacines/budgerigar/,0.01657,False
https://crownwingparrots.co.uk/available-birds/,https://crownwingparrots.co.uk/parrots/conures/,0.0165,False
https://crownwingparrots.co.uk/available-birds/,https://crownwingparrots.co.uk/parrots/eclectus/,0.0165,False
https://crownwingparrots.co.uk/parrots/amazons/yellow-naped-amazon-parrot/,https://crownwingparrots.co.uk/parrots/macaws/scarlet-macaw/,0.01649,False
https://crownwingparrots.co.uk/locations/bristol/,https://crownwingparrots.co.uk/locations/newcastle/,0.01646,False
https://crownwingparrots.co.uk/parrots-for-sale/african-grey-parrots/,https://crownwingparrots.co.uk/parrots/amazons/,0.01613,False
https://crownwingparrots.co.uk/parrots-for-sale/african-grey-parrots/,https://crownwingparrots.co.uk/parrots/cockatoos/,0.01613,False
https://crownwingparrots.co.uk/parrots-for-sale/african-grey-parrots/,https://crownwingparrots.co.uk/parrots/conures/,0.01613,False
https://crownwingparrots.co.uk/parrots-for-sale/african-grey-parrots/,https://crownwingparrots.co.uk/parrots/macaws/,0.01613,False
https://crownwingparrots.co.uk/parrots-for-sale/african-grey-parrots/,https://crownwingparrots.co.uk/parrots/parakeets-small-psittacines/,0.01613,False
https://crownwingparrots.co.uk/locations/belfast/,https://crownwingparrots.co.uk/locations/manchester/,0.01603,False
https://crownwingparrots.co.uk/parrots/african-parrots/congo-african-grey-parrot/,https://crownwingparrots.co.uk/parrots/parakeets-small-psittacines/peach-faced-lovebird/,0.016,False
https://crownwingparrots.co.uk/parrots/parakeets-small-psittacines/indian-ringneck-parakeet/,https://crownwingparrots.co.uk/parrots/parakeets-small-psittacines/peach-faced-lovebird/,0.016,False
https://crownwingparrots.co.uk/parrots/african-parrots/congo-african-grey-parrot/,https://crownwingparrots.co.uk/parrots/parakeets-small-psittacines/indian-ringneck-parakeet/,0.01597,False
https://crownwingparrots.co.uk/parrots/african-parrots/congo-african-grey-parrot/,https://crownwingparrots.co.uk/parrots/caiques/black-headed-caique/,0.01582,False
https://crownwingparrots.co.uk/parrots/caiques/black-headed-caique/,https://crownwingparrots.co.uk/parrots/cockatoos/umbrella-cockatoo/,0.01582,False
https://crownwingparrots.co.uk/parrots/caiques/white-bellied-caique/,https://crownwingparrots.co.uk/parrots/macaws/scarlet-macaw/,0.01546,False
https://crownwingparrots.co.uk/parrots/amazons/yellow-naped-amazon-parrot/,https://crownwingparrots.co.uk/parrots/conures/green-cheeked-conure/,0.0152,False
https://crownwingparrots.co.uk/parrots/amazons/blue-fronted-amazon-parrot/,https://crownwingparrots.co.uk/parrots/macaws/scarlet-macaw/,0.01517,False
https://crownwingparrots.co.uk/,https://crownwingparrots.co.uk/contact/,0.01515,False
https://crownwingparrots.co.uk/available-birds/,https://crownwingparrots.co.uk/contact/,0.01515,False
https://crownwingparrots.co.uk/contact/,https://crownwingparrots.co.uk/locations/belfast/,0.01515,False
https://crownwingparrots.co.uk/parrots/african-parrots/congo-african-grey-parrot/,https://crownwingparrots.co.uk/parrots/cockatoos/umbrella-cockatoo/,0.01506,False
https://crownwingparrots.co.uk/parrots/african-parrots/timneh-parrot/,https://crownwingparrots.co.uk/parrots/cockatoos/umbrella-cockatoo/,0.01506,False
https://crownwingparrots.co.uk/parrots-for-sale/macaws/,https://crownwingparrots.co.uk/parrots/eclectus/,0.01494,False
https://crownwingparrots.co.uk/parrots/african-parrots/congo-african-grey-parrot/,https://crownwingparrots.co.uk/parrots/cockatoos/galah-cockatoo/,0.01473,False
https://crownwingparrots.co.uk/guides/choosing-a-parrot/,https://crownwingparrots.co.uk/parrot-care/,0.01463,False
https://crownwingparrots.co.uk/locations/glasgow/,https://crownwingparrots.co.uk/parrot-care/,0.01463,False
https://crownwingparrots.co.uk/locations/bristol/,https://crownwingparrots.co.uk/locations/glasgow/,0.01461,False
https://crownwingparrots.co.uk/locations/manchester/,https://crownwingparrots.co.uk/locations/nottingham/,0.01443,False
https://crownwingparrots.co.uk/locations/birmingham/,https://crownwingparrots.co.uk/locations/newcastle/,0.0144,False
https://crownwingparrots.co.uk/parrots/cockatoos/umbrella-cockatoo/,https://crownwingparrots.co.uk/parrots/parakeets-small-psittacines/peach-faced-lovebird/,0.0144,False
https://crownwingparrots.co.uk/parrots/caiques/white-bellied-caique/,https://crownwingparrots.co.uk/parrots/parakeets-small-psittacines/indian-ringneck-parakeet/,0.01438,False
https://crownwingparrots.co.uk/parrots/cockatoos/galah-cockatoo/,https://crownwingparrots.co.uk/parrots/parakeets-small-psittacines/indian-ringneck-parakeet/,0.01438,False
https://crownwingparrots.co.uk/locations/birmingham/,https://crownwingparrots.co.uk/locations/liverpool/,0.01429,False
https://crownwingparrots.co.uk/parrots/caiques/black-headed-caique/,https://crownwingparrots.co.uk/parrots/conures/green-cheeked-conure/,0.01424,False
https://crownwingparrots.co.uk/parrots/caiques/black-headed-caique/,https://crownwingparrots.co.uk/parrots/conures/sun-conure/,0.01424,False
https://crownwingparrots.co.uk/locations/bristol/,https://crownwingparrots.co.uk/locations/leeds/,0.01423,False
https://crownwingparrots.co.uk/guides/choosing-a-parrot/,https://crownwingparrots.co.uk/parrots/macaws/,0.0142,False
https://crownwingparrots.co.uk/locations/edinburgh/,https://crownwingparrots.co.uk/locations/manchester/,0.01414,False
https://crownwingparrots.co.uk/parrots-for-sale/macaws/,https://crownwingparrots.co.uk/parrots/caiques/,0.01412,False
https://crownwingparrots.co.uk/parrots/,https://crownwingparrots.co.uk/parrots/conures/,0.01408,False
https://crownwingparrots.co.uk/parrots/,https://crownwingparrots.co.uk/parrots/eclectus/,0.01408,False
https://crownwingparrots.co.uk/parrots/caiques/white-bellied-caique/,https://crownwingparrots.co.uk/parrots/conures/green-cheeked-conure/,0.01391,False
https://crownwingparrots.co.uk/parrots-for-sale/macaws/,https://crownwingparrots.co.uk/parrots/african-parrots/,0.0137,False
https://crownwingparrots.co.uk/parrots-for-sale/macaws/,https://crownwingparrots.co.uk/parrots/amazons/,0.0137,False
https://crownwingparrots.co.uk/parrots-for-sale/macaws/,https://crownwingparrots.co.uk/parrots/cockatoos/,0.0137,False
https://crownwingparrots.co.uk/parrots-for-sale/macaws/,https://crownwingparrots.co.uk/parrots/conures/,0.0137,False
https://crownwingparrots.co.uk/parrots-for-sale/macaws/,https://crownwingparrots.co.uk/parrots/parakeets-small-psittacines/,0.0137,False
https://crownwingparrots.co.uk/parrots/conures/green-cheeked-conure/,https://crownwingparrots.co.uk/parrots/macaws/blue-and-gold-macaw/,0.01368,False
https://crownwingparrots.co.uk/locations/birmingham/,https://crownwingparrots.co.uk/locations/manchester/,0.01359,False
https://crownwingparrots.co.uk/parrots/amazons/yellow-naped-amazon-parrot/,https://crownwingparrots.co.uk/parrots/macaws/blue-and-gold-macaw/,0.01349,False
https://crownwingparrots.co.uk/available-birds/,https://crownwingparrots.co.uk/parrots-for-sale/,0.0132,False
https://crownwingparrots.co.uk/available-birds/,https://crownwingparrots.co.uk/parrots/african-parrots/,0.0132,False
https://crownwingparrots.co.uk/available-birds/,https://crownwingparrots.co.uk/parrots/caiques/,0.0132,False
https://crownwingparrots.co.uk/available-birds/,https://crownwingparrots.co.uk/parrots/cockatoos/,0.0132,False
https://crownwingparrots.co.uk/available-birds/,https://crownwingparrots.co.uk/parrots/parakeets-small-psittacines/,0.0132,False
https://crownwingparrots.co.uk/,https://crownwingparrots.co.uk/guides/parrot-diet-nutrition/,0.01316,False
https://crownwingparrots.co.uk/parrots/caiques/black-headed-caique/,https://crownwingparrots.co.uk/parrots/parakeets-small-psittacines/peach-faced-lovebird/,0.0128,False
https://crownwingparrots.co.uk/parrots/caiques/white-bellied-caique/,https://crownwingparrots.co.uk/parrots/parakeets-small-psittacines/peach-faced-lovebird/,0.0128,False
https://crownwingparrots.co.uk/parrots/caiques/black-headed-caique/,https://crownwingparrots.co.uk/parrots/parakeets-small-psittacines/indian-ringneck-parakeet/,0.01278,False
https://crownwingparrots.co.uk/parrots/macaws/blue-and-gold-macaw/,https://crownwingparrots.co.uk/parrots/parakeets-small-psittacines/indian-ringneck-parakeet/,0.01278,False
https://crownwingparrots.co.uk/guides/buying-a-parrot-checklist/,https://crownwingparrots.co.uk/locations/newcastle/,0.01276,False
https://crownwingparrots.co.uk/parrots/amazons/yellow-naped-amazon-parrot/,https://crownwingparrots.co.uk/parrots/caiques/black-headed-caique/,0.01266,False
https://crownwingparrots.co.uk/locations/glasgow/,https://crownwingparrots.co.uk/locations/manchester/,0.01253,False
https://crownwingparrots.co.uk/locations/leeds/,https://crownwingparrots.co.uk/locations/nottingham/,0.01237,False
https://crownwingparrots.co.uk/parrots/african-parrots/congo-african-grey-parrot/,https://crownwingparrots.co.uk/parrots/caiques/white-bellied-caique/,0.01236,False
https://crownwingparrots.co.uk/locations/cardiff/,https://crownwingparrots.co.uk/locations/liverpool/,0.01232,False
https://crownwingparrots.co.uk/guides/,https://crownwingparrots.co.uk/guides/cites-parrots-uk/,0.01225,False
https://crownwingparrots.co.uk/parrots/conures/sun-conure/,https://crownwingparrots.co.uk/parrots/macaws/blue-and-gold-macaw/,0.01221,False
https://crownwingparrots.co.uk/locations/leeds/,https://crownwingparrots.co.uk/locations/london/,0.0122,False
https://crownwingparrots.co.uk/parrots/african-parrots/timneh-parrot/,https://crownwingparrots.co.uk/parrots/conures/green-cheeked-conure/,0.01216,False
https://crownwingparrots.co.uk/parrots/cockatoos/umbrella-cockatoo/,https://crownwingparrots.co.uk/parrots/conures/green-cheeked-conure/,0.01216,False
https://crownwingparrots.co.uk/parrots/amazons/blue-fronted-amazon-parrot/,https://crownwingparrots.co.uk/parrots/cockatoos/umbrella-cockatoo/,0.01214,False
https://crownwingparrots.co.uk/locations/bristol/,https://crownwingparrots.co.uk/locations/london/,0.01179,False
https://crownwingparrots.co.uk/parrots/african-parrots/timneh-parrot/,https://crownwingparrots.co.uk/parrots/cockatoos/galah-cockatoo/,0.01178,False
https://crownwingparrots.co.uk/parrots/cockatoos/galah-cockatoo/,https://crownwingparrots.co.uk/parrots/parakeets-small-psittacines/peach-faced-lovebird/,0.0112,False
https://crownwingparrots.co.uk/parrots/conures/green-cheeked-conure/,https://crownwingparrots.co.uk/parrots/parakeets-small-psittacines/peach-faced-lovebird/,0.0112,False
https://crownwingparrots.co.uk/guides/choosing-a-parrot/,https://crownwingparrots.co.uk/parrots/african-parrots/,0.01088,False
https://crownwingparrots.co.uk/parrots/african-parrots/timneh-parrot/,https://crownwingparrots.co.uk/parrots/caiques/white-bellied-caique/,0.01082,False
https://crownwingparrots.co.uk/parrots/caiques/white-bellied-caique/,https://crownwingparrots.co.uk/parrots/cockatoos/umbrella-cockatoo/,0.01082,False
https://crownwingparrots.co.uk/parrots/caiques/white-bellied-caique/,https://crownwingparrots.co.uk/parrots/eclectus/papuan-eclectus-parrot/,0.01082,False
https://crownwingparrots.co.uk/parrots/conures/sun-conure/,https://crownwingparrots.co.uk/parrots/macaws/scarlet-macaw/,0.01069,False
https://crownwingparrots.co.uk/parrots/african-parrots/congo-african-grey-parrot/,https://crownwingparrots.co.uk/parrots/conures/green-cheeked-conure/,0.01064,False
https://crownwingparrots.co.uk/parrots/amazons/blue-fronted-amazon-parrot/,https://crownwingparrots.co.uk/parrots/conures/green-cheeked-conure/,0.01064,False
https://crownwingparrots.co.uk/parrots/conures/green-cheeked-conure/,https://crownwingparrots.co.uk/parrots/eclectus/papuan-eclectus-parrot/,0.01064,False
https://crownwingparrots.co.uk/parrots/conures/green-cheeked-conure/,https://crownwingparrots.co.uk/parrots/macaws/scarlet-macaw/,0.01064,False
https://crownwingparrots.co.uk/parrots/,https://crownwingparrots.co.uk/parrots/african-parrots/,0.01056,False
https://crownwingparrots.co.uk/parrots/,https://crownwingparrots.co.uk/parrots/caiques/,0.01056,False
https://crownwingparrots.co.uk/parrots/,https://crownwingparrots.co.uk/parrots/cockatoos/,0.01056,False
https://crownwingparrots.co.uk/parrots/,https://crownwingparrots.co.uk/parrots/parakeets-small-psittacines/,0.01056,False
https://crownwingparrots.co.uk/parrots/cockatoos/umbrella-cockatoo/,https://crownwingparrots.co.uk/parrots/macaws/scarlet-macaw/,0.01054,False
https://crownwingparrots.co.uk/parrots/cockatoos/umbrella-cockatoo/,https://crownwingparrots.co.uk/parrots/parakeets-small-psittacines/budgerigar/,0.01054,False
https://crownwingparrots.co.uk/locations/belfast/,https://crownwingparrots.co.uk/locations/glasgow/,0.01044,False
https://crownwingparrots.co.uk/locations/cardiff/,https://crownwingparrots.co.uk/locations/glasgow/,0.01044,False
https://crownwingparrots.co.uk/locations/glasgow/,https://crownwingparrots.co.uk/locations/leeds/,0.01044,False
https://crownwingparrots.co.uk/parrots/eclectus/papuan-eclectus-parrot/,https://crownwingparrots.co.uk/parrots/macaws/scarlet-macaw/,0.01042,False
https://crownwingparrots.co.uk/parrots/african-parrots/congo-african-grey-parrot/,https://crownwingparrots.co.uk/parrots/macaws/blue-and-gold-macaw/,0.01036,False
https://crownwingparrots.co.uk/parrots/african-parrots/timneh-parrot/,https://crownwingparrots.co.uk/parrots/macaws/blue-and-gold-macaw/,0.01036,False
https://crownwingparrots.co.uk/locations/birmingham/,https://crownwingparrots.co.uk/locations/nottingham/,0.01031,False
https://crownwingparrots.co.uk/locations/edinburgh/,https://crownwingparrots.co.uk/locations/nottingham/,0.01031,False
https://crownwingparrots.co.uk/locations/newcastle/,https://crownwingparrots.co.uk/locations/nottingham/,0.01031,False
https://crownwingparrots.co.uk/locations/belfast/,https://crownwingparrots.co.uk/locations/newcastle/,0.01029,False
https://crownwingparrots.co.uk/locations/cardiff/,https://crownwingparrots.co.uk/locations/newcastle/,0.01029,False
https://crownwingparrots.co.uk/locations/liverpool/,https://crownwingparrots.co.uk/locations/newcastle/,0.01029,False
https://crownwingparrots.co.uk/locations/manchester/,https://crownwingparrots.co.uk/locations/newcastle/,0.01029,False
https://crownwingparrots.co.uk/locations/birmingham/,https://crownwingparrots.co.uk/locations/cardiff/,0.01027,False
https://crownwingparrots.co.uk/,https://crownwingparrots.co.uk/parrots/conures/,0.01023,False
https://crownwingparrots.co.uk/,https://crownwingparrots.co.uk/parrots/eclectus/,0.01023,False
https://crownwingparrots.co.uk/guides/buying-a-parrot-checklist/,https://crownwingparrots.co.uk/locations/birmingham/,0.0102,False
https://crownwingparrots.co.uk/locations/belfast/,https://crownwingparrots.co.uk/locations/liverpool/,0.0102,False
https://crownwingparrots.co.uk/locations/bristol/,https://crownwingparrots.co.uk/locations/liverpool/,0.0102,False
https://crownwingparrots.co.uk/locations/liverpool/,https://crownwingparrots.co.uk/locations/manchester/,0.0102,False
https://crownwingparrots.co.uk/locations/belfast/,https://crownwingparrots.co.uk/locations/london/,0.01002,False
https://crownwingparrots.co.uk/available-birds/,https://crownwingparrots.co.uk/parrots/african-parrots/congo-african-grey-parrot/,0.0099,False
https://crownwingparrots.co.uk/available-birds/,https://crownwingparrots.co.uk/parrots/amazons/,0.0099,False
https://crownwingparrots.co.uk/available-birds/,https://crownwingparrots.co.uk/parrots/macaws/,0.0099,False
https://crownwingparrots.co.uk/guides/buying-a-parrot/,https://crownwingparrots.co.uk/parrots-for-sale/amazon-parrots/,0.00984,False
https://crownwingparrots.co.uk/guides/,https://crownwingparrots.co.uk/parrot-care/,0.00976,False
https://crownwingparrots.co.uk/guides/preparing-for-a-parrot/,https://crownwingparrots.co.uk/parrot-care/,0.00976,False
https://crownwingparrots.co.uk/guides/buying-a-parrot/,https://crownwingparrots.co.uk/locations/birmingham/,0.00954,False
https://crownwingparrots.co.uk/parrots/caiques/black-headed-caique/,https://crownwingparrots.co.uk/parrots/macaws/scarlet-macaw/,0.00949,False
https://crownwingparrots.co.uk/parrots/cockatoos/umbrella-cockatoo/,https://crownwingparrots.co.uk/parrots/macaws/blue-and-gold-macaw/,0.00904,False
https://crownwingparrots.co.uk/guides/choosing-a-parrot/,https://crownwingparrots.co.uk/parrots/caiques/,0.00899,False
https://crownwingparrots.co.uk/parrots/african-parrots/,https://crownwingparrots.co.uk/parrots/eclectus/papuan-eclectus-parrot/,0.00893,False
https://crownwingparrots.co.uk/parrot-prices-uk/,https://crownwingparrots.co.uk/parrots-for-sale/amazon-parrots/,0.00888,False
https://crownwingparrots.co.uk/parrots/african-parrots/timneh-parrot/,https://crownwingparrots.co.uk/parrots/macaws/scarlet-macaw/,0.00888,False
https://crownwingparrots.co.uk/parrots/cockatoos/galah-cockatoo/,https://crownwingparrots.co.uk/parrots/macaws/scarlet-macaw/,0.00888,False
https://crownwingparrots.co.uk/guides/buying-a-parrot/,https://crownwingparrots.co.uk/parrots-for-sale/african-grey-parrots/,0.0088,False
https://crownwingparrots.co.uk/guides/buying-a-parrot/,https://crownwingparrots.co.uk/parrots-for-sale/caiques/,0.00871,False
https://crownwingparrots.co.uk/parrots/african-parrots/timneh-parrot/,https://crownwingparrots.co.uk/parrots/caiques/,0.0086,False
https://crownwingparrots.co.uk/locations/birmingham/,https://crownwingparrots.co.uk/locations/glasgow/,0.00835,False
https://crownwingparrots.co.uk/locations/edinburgh/,https://crownwingparrots.co.uk/locations/glasgow/,0.00835,False
https://crownwingparrots.co.uk/locations/glasgow/,https://crownwingparrots.co.uk/locations/london/,0.00835,False
https://crownwingparrots.co.uk/locations/glasgow/,https://crownwingparrots.co.uk/locations/newcastle/,0.00835,False
https://crownwingparrots.co.uk/locations/glasgow/,https://crownwingparrots.co.uk/locations/nottingham/,0.00835,False
https://crownwingparrots.co.uk/locations/glasgow/,https://crownwingparrots.co.uk/locations/sheffield/,0.00835,False
https://crownwingparrots.co.uk/locations/bristol/,https://crownwingparrots.co.uk/locations/nottingham/,0.00825,False
https://crownwingparrots.co.uk/locations/cardiff/,https://crownwingparrots.co.uk/locations/nottingham/,0.00825,False
https://crownwingparrots.co.uk/locations/liverpool/,https://crownwingparrots.co.uk/locations/nottingham/,0.00825,False
https://crownwingparrots.co.uk/locations/london/,https://crownwingparrots.co.uk/locations/nottingham/,0.00825,False
https://crownwingparrots.co.uk/locations/nottingham/,https://crownwingparrots.co.uk/locations/sheffield/,0.00825,False
https://crownwingparrots.co.uk/locations/edinburgh/,https://crownwingparrots.co.uk/locations/newcastle/,0.00823,False
https://crownwingparrots.co.uk/locations/leeds/,https://crownwingparrots.co.uk/locations/newcastle/,0.00823,False
https://crownwingparrots.co.uk/locations/london/,https://crownwingparrots.co.uk/locations/newcastle/,0.00823,False
https://crownwingparrots.co.uk/locations/newcastle/,https://crownwingparrots.co.uk/locations/sheffield/,0.00823,False
https://crownwingparrots.co.uk/locations/belfast/,https://crownwingparrots.co.uk/locations/cardiff/,0.00821,False
https://crownwingparrots.co.uk/locations/bristol/,https://crownwingparrots.co.uk/locations/cardiff/,0.00821,False
https://crownwingparrots.co.uk/locations/cardiff/,https://crownwingparrots.co.uk/locations/edinburgh/,0.00821,False
https://crownwingparrots.co.uk/locations/cardiff/,https://crownwingparrots.co.uk/locations/leeds/,0.00821,False
https://crownwingparrots.co.uk/locations/cardiff/,https://crownwingparrots.co.uk/locations/london/,0.00821,False
https://crownwingparrots.co.uk/locations/cardiff/,https://crownwingparrots.co.uk/locations/manchester/,0.00821,False
https://crownwingparrots.co.uk/locations/cardiff/,https://crownwingparrots.co.uk/locations/sheffield/,0.00821,False
https://crownwingparrots.co.uk/locations/belfast/,https://crownwingparrots.co.uk/locations/sheffield/,0.00818,False
https://crownwingparrots.co.uk/locations/birmingham/,https://crownwingparrots.co.uk/locations/sheffield/,0.00818,False
https://crownwingparrots.co.uk/locations/bristol/,https://crownwingparrots.co.uk/locations/sheffield/,0.00818,False
https://crownwingparrots.co.uk/locations/edinburgh/,https://crownwingparrots.co.uk/locations/sheffield/,0.00818,False
https://crownwingparrots.co.uk/locations/leeds/,https://crownwingparrots.co.uk/locations/sheffield/,0.00818,False
https://crownwingparrots.co.uk/locations/liverpool/,https://crownwingparrots.co.uk/locations/sheffield/,0.00818,False
https://crownwingparrots.co.uk/locations/london/,https://crownwingparrots.co.uk/locations/sheffield/,0.00818,False
https://crownwingparrots.co.uk/locations/manchester/,https://crownwingparrots.co.uk/locations/sheffield/,0.00818,False
https://crownwingparrots.co.uk/guides/buying-a-parrot/,https://crownwingparrots.co.uk/locations/liverpool/,0.00816,False
https://crownwingparrots.co.uk/locations/edinburgh/,https://crownwingparrots.co.uk/locations/liverpool/,0.00816,False
https://crownwingparrots.co.uk/locations/leeds/,https://crownwingparrots.co.uk/locations/liverpool/,0.00816,False
https://crownwingparrots.co.uk/locations/liverpool/,https://crownwingparrots.co.uk/locations/london/,0.00816,False
https://crownwingparrots.co.uk/locations/belfast/,https://crownwingparrots.co.uk/locations/leeds/,0.00813,False
https://crownwingparrots.co.uk/locations/birmingham/,https://crownwingparrots.co.uk/locations/leeds/,0.00813,False
https://crownwingparrots.co.uk/locations/edinburgh/,https://crownwingparrots.co.uk/locations/leeds/,0.00813,False
https://crownwingparrots.co.uk/locations/leeds/,https://crownwingparrots.co.uk/locations/manchester/,0.00813,False
https://crownwingparrots.co.uk/locations/belfast/,https://crownwingparrots.co.uk/locations/edinburgh/,0.00808,False
https://crownwingparrots.co.uk/locations/birmingham/,https://crownwingparrots.co.uk/locations/edinburgh/,0.00808,False
https://crownwingparrots.co.uk/locations/bristol/,https://crownwingparrots.co.uk/locations/edinburgh/,0.00808,False
https://crownwingparrots.co.uk/locations/edinburgh/,https://crownwingparrots.co.uk/locations/london/,0.00808,False
https://crownwingparrots.co.uk/guides/buying-a-parrot/,https://crownwingparrots.co.uk/locations/belfast/,0.00802,False
https://crownwingparrots.co.uk/locations/belfast/,https://crownwingparrots.co.uk/locations/bristol/,0.00802,False
https://crownwingparrots.co.uk/parrots/macaws/scarlet-macaw/,https://crownwingparrots.co.uk/parrots/parakeets-small-psittacines/peach-faced-lovebird/,0.008,False
https://crownwingparrots.co.uk/parrots/amazons/blue-fronted-amazon-parrot/,https://crownwingparrots.co.uk/parrots/parakeets-small-psittacines/indian-ringneck-parakeet/,0.00799,False
https://crownwingparrots.co.uk/parrots/amazons/yellow-naped-amazon-parrot/,https://crownwingparrots.co.uk/parrots/parakeets-small-psittacines/indian-ringneck-parakeet/,0.00799,False
https://crownwingparrots.co.uk/parrots/eclectus/papuan-eclectus-parrot/,https://crownwingparrots.co.uk/parrots/parakeets-small-psittacines/indian-ringneck-parakeet/,0.00799,False
https://crownwingparrots.co.uk/locations/birmingham/,https://crownwingparrots.co.uk/locations/bristol/,0.00786,False
https://crownwingparrots.co.uk/locations/bristol/,https://crownwingparrots.co.uk/locations/manchester/,0.00786,False
https://crownwingparrots.co.uk/guides/buying-a-parrot/,https://crownwingparrots.co.uk/locations/manchester/,0.00777,False
https://crownwingparrots.co.uk/locations/london/,https://crownwingparrots.co.uk/locations/manchester/,0.00777,False
https://crownwingparrots.co.uk/parrots/african-parrots/,https://crownwingparrots.co.uk/parrots/caiques/white-bellied-caique/,0.00773,False
https://crownwingparrots.co.uk/,https://crownwingparrots.co.uk/parrots/african-parrots/,0.00767,False
https://crownwingparrots.co.uk/,https://crownwingparrots.co.uk/parrots/caiques/,0.00767,False
https://crownwingparrots.co.uk/,https://crownwingparrots.co.uk/parrots/cockatoos/,0.00767,False
https://crownwingparrots.co.uk/,https://crownwingparrots.co.uk/parrots/parakeets-small-psittacines/,0.00767,False
https://crownwingparrots.co.uk/guides/buying-a-parrot-checklist/,https://crownwingparrots.co.uk/guides/buying-a-parrot/,0.00765,False
https://crownwingparrots.co.uk/guides/buying-a-parrot-checklist/,https://crownwingparrots.co.uk/locations/manchester/,0.00765,False
https://crownwingparrots.co.uk/locations/birmingham/,https://crownwingparrots.co.uk/locations/london/,0.00763,False
https://crownwingparrots.co.uk/contact/,https://crownwingparrots.co.uk/guides/buying-a-parrot/,0.00758,False
https://crownwingparrots.co.uk/parrots-for-sale/,https://crownwingparrots.co.uk/parrots-for-sale/african-grey-parrots/,0.00753,False
https://crownwingparrots.co.uk/parrots/amazons/yellow-naped-amazon-parrot/,https://crownwingparrots.co.uk/parrots/parakeets-small-psittacines/budgerigar/,0.00753,False
https://crownwingparrots.co.uk/parrots/eclectus/papuan-eclectus-parrot/,https://crownwingparrots.co.uk/parrots/macaws/blue-and-gold-macaw/,0.00744,False
https://crownwingparrots.co.uk/guides/,https://crownwingparrots.co.uk/guides/choosing-a-parrot/,0.00735,False
https://crownwingparrots.co.uk/guides/choosing-a-parrot/,https://crownwingparrots.co.uk/parrots/african-parrots/timneh-parrot/,0.00716,False
https://crownwingparrots.co.uk/parrots/,https://crownwingparrots.co.uk/parrots/amazons/,0.00704,False
https://crownwingparrots.co.uk/parrots/,https://crownwingparrots.co.uk/parrots/macaws/,0.00704,False
https://crownwingparrots.co.uk/guides/parrot-housing-enrichment/,https://crownwingparrots.co.uk/locations/bristol/,0.00702,False
https://crownwingparrots.co.uk/guides/parrot-housing-enrichment/,https://crownwingparrots.co.uk/parrots-for-sale/amazon-parrots/,0.00702,False
https://crownwingparrots.co.uk/guides/preparing-for-a-parrot/,https://crownwingparrots.co.uk/parrots/cockatoos/galah-cockatoo/,0.0069,False
https://crownwingparrots.co.uk/guides/buying-a-parrot/,https://crownwingparrots.co.uk/parrots-for-sale/eclectus-parrots/,0.00686,False
https://crownwingparrots.co.uk/available-birds/,https://crownwingparrots.co.uk/guides/,0.0066,False
https://crownwingparrots.co.uk/available-birds/,https://crownwingparrots.co.uk/parrots-for-sale/conures/,0.0066,False
https://crownwingparrots.co.uk/available-birds/,https://crownwingparrots.co.uk/parrots/amazons/blue-fronted-amazon-parrot/,0.0066,False
https://crownwingparrots.co.uk/available-birds/,https://crownwingparrots.co.uk/parrots/macaws/scarlet-macaw/,0.0066,False
https://crownwingparrots.co.uk/guides/buying-a-parrot/,https://crownwingparrots.co.uk/parrots-for-sale/parakeets-small-parrots/,0.0066,False
https://crownwingparrots.co.uk/guides/parrot-diet-nutrition/,https://crownwingparrots.co.uk/parrots/eclectus/papuan-eclectus-parrot/,0.00658,False
https://crownwingparrots.co.uk/parrots/african-parrots/timneh-parrot/,https://crownwingparrots.co.uk/parrots/parakeets-small-psittacines/indian-ringneck-parakeet/,0.00639,False
https://crownwingparrots.co.uk/parrots/cockatoos/umbrella-cockatoo/,https://crownwingparrots.co.uk/parrots/parakeets-small-psittacines/indian-ringneck-parakeet/,0.00639,False
https://crownwingparrots.co.uk/locations/glasgow/,https://crownwingparrots.co.uk/parrots/eclectus/,0.00626,False
https://crownwingparrots.co.uk/guides/cites-parrots-uk/,https://crownwingparrots.co.uk/locations/liverpool/,0.00612,False
https://crownwingparrots.co.uk/parrots/conures/sun-conure/,https://crownwingparrots.co.uk/parrots/parakeets-small-psittacines/budgerigar/,0.00611,False
https://crownwingparrots.co.uk/guides/choosing-a-parrot/,https://crownwingparrots.co.uk/locations/leeds/,0.0061,False
https://crownwingparrots.co.uk/parrots/african-parrots/congo-african-grey-parrot/,https://crownwingparrots.co.uk/parrots/parakeets-small-psittacines/budgerigar/,0.00602,False
https://crownwingparrots.co.uk/parrots/eclectus/papuan-eclectus-parrot/,https://crownwingparrots.co.uk/parrots/parakeets-small-psittacines/budgerigar/,0.00602,False
https://crownwingparrots.co.uk/parrots/macaws/scarlet-macaw/,https://crownwingparrots.co.uk/parrots/parakeets-small-psittacines/budgerigar/,0.00602,False
https://crownwingparrots.co.uk/guides/buying-a-parrot/,https://crownwingparrots.co.uk/parrot-prices-uk/,0.00592,False
https://crownwingparrots.co.uk/locations/birmingham/,https://crownwingparrots.co.uk/parrots-for-sale/parakeets-small-parrots/,0.00573,False
https://crownwingparrots.co.uk/guides/buying-a-parrot/,https://crownwingparrots.co.uk/guides/choosing-a-parrot/,0.00531,False
https://crownwingparrots.co.uk/guides/choosing-a-parrot/,https://crownwingparrots.co.uk/parrots-for-sale/caiques/,0.00523,False
https://crownwingparrots.co.uk/,https://crownwingparrots.co.uk/guides/,0.00512,False
https://crownwingparrots.co.uk/,https://crownwingparrots.co.uk/guides/choosing-a-parrot/,0.00512,False
https://crownwingparrots.co.uk/,https://crownwingparrots.co.uk/parrots/amazons/,0.00512,False
https://crownwingparrots.co.uk/,https://crownwingparrots.co.uk/parrots/macaws/,0.00512,False
https://crownwingparrots.co.uk/guides/buying-a-parrot-checklist/,https://crownwingparrots.co.uk/parrots-for-sale/african-grey-parrots/,0.0051,False
https://crownwingparrots.co.uk/guides/buying-a-parrot-checklist/,https://crownwingparrots.co.uk/parrots-for-sale/caiques/,0.0051,False
https://crownwingparrots.co.uk/guides/buying-a-parrot/,https://crownwingparrots.co.uk/parrots-for-sale/conures/,0.00498,False
https://crownwingparrots.co.uk/guides/choosing-a-parrot/,https://crownwingparrots.co.uk/parrots-for-sale/macaws/,0.00498,False
https://crownwingparrots.co.uk/guides/buying-a-parrot/,https://crownwingparrots.co.uk/parrots/eclectus/,0.00492,False
https://crownwingparrots.co.uk/guides/choosing-a-parrot/,https://crownwingparrots.co.uk/parrots-for-sale/amazon-parrots/,0.00492,False
https://crownwingparrots.co.uk/guides/buying-a-parrot/,https://crownwingparrots.co.uk/parrots-for-sale/cockatoos/,0.00488,False
https://crownwingparrots.co.uk/locations/bristol/,https://crownwingparrots.co.uk/parrot-care/,0.00488,False
https://crownwingparrots.co.uk/parrot-care/,https://crownwingparrots.co.uk/parrot-prices-uk/,0.00488,False
https://crownwingparrots.co.uk/parrot-care/,https://crownwingparrots.co.uk/parrots-for-sale/amazon-parrots/,0.00488,False
https://crownwingparrots.co.uk/guides/choosing-a-parrot/,https://crownwingparrots.co.uk/parrots/amazons/blue-fronted-amazon-parrot/,0.00455,False
https://crownwingparrots.co.uk/guides/choosing-a-parrot/,https://crownwingparrots.co.uk/parrots/macaws/blue-and-gold-macaw/,0.00444,False
https://crownwingparrots.co.uk/parrots/african-parrots/,https://crownwingparrots.co.uk/parrots/macaws/scarlet-macaw/,0.00444,False
https://crownwingparrots.co.uk/parrots/conures/,https://crownwingparrots.co.uk/parrots/macaws/blue-and-gold-macaw/,0.00444,False
https://crownwingparrots.co.uk/parrots-for-sale/talking-parrots/,https://crownwingparrots.co.uk/parrots/african-parrots/timneh-parrot/,0.00419,False
https://crownwingparrots.co.uk/parrots-for-sale/talking-parrots/,https://crownwingparrots.co.uk/parrots/parakeets-small-psittacines/peach-faced-lovebird/,0.00419,False
https://crownwingparrots.co.uk/locations/glasgow/,https://crownwingparrots.co.uk/parrots/african-parrots/congo-african-grey-parrot/,0.00418,False
https://crownwingparrots.co.uk/locations/liverpool/,https://crownwingparrots.co.uk/parrots-for-sale/eclectus-parrots/,0.00408,False
https://crownwingparrots.co.uk/guides/buying-a-parrot/,https://crownwingparrots.co.uk/locations/leeds/,0.00407,False
https://crownwingparrots.co.uk/locations/leeds/,https://crownwingparrots.co.uk/parrots-for-sale/macaws/,0.00407,False
https://crownwingparrots.co.uk/locations/edinburgh/,https://crownwingparrots.co.uk/parrots/conures/sun-conure/,0.00404,False
https://crownwingparrots.co.uk/locations/edinburgh/,https://crownwingparrots.co.uk/parrots/eclectus/papuan-eclectus-parrot/,0.00404,False
https://crownwingparrots.co.uk/guides/choosing-a-parrot/,https://crownwingparrots.co.uk/locations/belfast/,0.00401,False
https://crownwingparrots.co.uk/locations/belfast/,https://crownwingparrots.co.uk/parrots-for-sale/amazon-parrots/,0.00401,False
https://crownwingparrots.co.uk/locations/belfast/,https://crownwingparrots.co.uk/parrots-for-sale/caiques/,0.00401,False
https://crownwingparrots.co.uk/locations/belfast/,https://crownwingparrots.co.uk/parrots-for-sale/cockatoos/,0.00401,False
https://crownwingparrots.co.uk/locations/belfast/,https://crownwingparrots.co.uk/parrots-for-sale/conures/,0.00401,False
https://crownwingparrots.co.uk/locations/belfast/,https://crownwingparrots.co.uk/parrots-for-sale/parakeets-small-parrots/,0.00401,False
https://crownwingparrots.co.uk/locations/belfast/,https://crownwingparrots.co.uk/parrots/eclectus/,0.00401,False
https://crownwingparrots.co.uk/guides/choosing-a-parrot/,https://crownwingparrots.co.uk/locations/manchester/,0.00388,False
https://crownwingparrots.co.uk/locations/manchester/,https://crownwingparrots.co.uk/parrots-for-sale/african-grey-parrots/,0.00388,False
https://crownwingparrots.co.uk/locations/manchester/,https://crownwingparrots.co.uk/parrots-for-sale/caiques/,0.00388,False
https://crownwingparrots.co.uk/locations/birmingham/,https://crownwingparrots.co.uk/parrots-for-sale/amazon-parrots/,0.00382,False
https://crownwingparrots.co.uk/locations/birmingham/,https://crownwingparrots.co.uk/parrots-for-sale/caiques/,0.00382,False
https://crownwingparrots.co.uk/locations/birmingham/,https://crownwingparrots.co.uk/parrots-for-sale/cockatoos/,0.00382,False
https://crownwingparrots.co.uk/locations/birmingham/,https://crownwingparrots.co.uk/parrots/eclectus/,0.00382,False
https://crownwingparrots.co.uk/guides/buying-a-parrot/,https://crownwingparrots.co.uk/parrots-for-sale/,0.00377,False
https://crownwingparrots.co.uk/guides/choosing-a-parrot/,https://crownwingparrots.co.uk/parrots-for-sale/,0.00377,False
https://crownwingparrots.co.uk/parrots-for-sale/,https://crownwingparrots.co.uk/parrots-for-sale/amazon-parrots/,0.00377,False
https://crownwingparrots.co.uk/parrots-for-sale/,https://crownwingparrots.co.uk/parrots-for-sale/caiques/,0.00377,False
https://crownwingparrots.co.uk/parrots-for-sale/,https://crownwingparrots.co.uk/parrots-for-sale/cockatoos/,0.00377,False
https://crownwingparrots.co.uk/parrots-for-sale/,https://crownwingparrots.co.uk/parrots-for-sale/conures/,0.00377,False
https://crownwingparrots.co.uk/parrots-for-sale/,https://crownwingparrots.co.uk/parrots-for-sale/eclectus-parrots/,0.00377,False
https://crownwingparrots.co.uk/parrots-for-sale/,https://crownwingparrots.co.uk/parrots-for-sale/macaws/,0.00377,False
https://crownwingparrots.co.uk/parrots-for-sale/,https://crownwingparrots.co.uk/parrots-for-sale/parakeets-small-parrots/,0.00377,False
https://crownwingparrots.co.uk/guides/parrot-ownership-costs/,https://crownwingparrots.co.uk/locations/london/,0.0037,False
https://crownwingparrots.co.uk/parrots-for-sale/macaws/,https://crownwingparrots.co.uk/parrots/,0.00352,False
https://crownwingparrots.co.uk/guides/parrot-diet-nutrition/,https://crownwingparrots.co.uk/guides/parrot-housing-enrichment/,0.00351,False
https://crownwingparrots.co.uk/guides/parrot-housing-enrichment/,https://crownwingparrots.co.uk/locations/birmingham/,0.00351,False
https://crownwingparrots.co.uk/guides/parrot-housing-enrichment/,https://crownwingparrots.co.uk/parrot-prices-uk/,0.00351,False
https://crownwingparrots.co.uk/guides/parrot-housing-enrichment/,https://crownwingparrots.co.uk/parrots-for-sale/african-grey-parrots/,0.00351,False
https://crownwingparrots.co.uk/guides/parrot-housing-enrichment/,https://crownwingparrots.co.uk/parrots/cockatoos/galah-cockatoo/,0.00351,False
https://crownwingparrots.co.uk/guides/buying-a-parrot/,https://crownwingparrots.co.uk/guides/preparing-for-a-parrot/,0.00345,False
https://crownwingparrots.co.uk/guides/choosing-a-parrot/,https://crownwingparrots.co.uk/guides/preparing-for-a-parrot/,0.00345,False
https://crownwingparrots.co.uk/guides/preparing-for-a-parrot/,https://crownwingparrots.co.uk/parrots-for-sale/,0.00345,False
https://crownwingparrots.co.uk/guides/preparing-for-a-parrot/,https://crownwingparrots.co.uk/parrots/eclectus/,0.00345,False
https://crownwingparrots.co.uk/guides/choosing-a-parrot/,https://crownwingparrots.co.uk/parrots-for-sale/conures/,0.00332,False
https://crownwingparrots.co.uk/guides/buying-a-parrot-checklist/,https://crownwingparrots.co.uk/guides/parrot-diet-nutrition/,0.00329,False
https://crownwingparrots.co.uk/guides/parrot-diet-nutrition/,https://crownwingparrots.co.uk/parrots-for-sale/conures/,0.00329,False
https://crownwingparrots.co.uk/parrots-for-sale/amazon-parrots/,https://crownwingparrots.co.uk/parrots/conures/green-cheeked-conure/,0.00328,False
https://crownwingparrots.co.uk/guides/choosing-a-parrot/,https://crownwingparrots.co.uk/our-approach/,0.00321,False
https://crownwingparrots.co.uk/locations/newcastle/,https://crownwingparrots.co.uk/our-approach/,0.00321,False
https://crownwingparrots.co.uk/our-approach/,https://crownwingparrots.co.uk/parrots-for-sale/,0.00321,False
https://crownwingparrots.co.uk/our-approach/,https://crownwingparrots.co.uk/parrots-for-sale/small-parrots/,0.00321,False
https://crownwingparrots.co.uk/our-approach/,https://crownwingparrots.co.uk/parrots/parakeets-small-psittacines/budgerigar/,0.00321,False
https://crownwingparrots.co.uk/parrots/cockatoos/,https://crownwingparrots.co.uk/parrots/parakeets-small-psittacines/indian-ringneck-parakeet/,0.00319,False
https://crownwingparrots.co.uk/parrots/caiques/,https://crownwingparrots.co.uk/parrots/caiques/black-headed-caique/,0.00316,False
https://crownwingparrots.co.uk/guides/buying-a-parrot/,https://crownwingparrots.co.uk/guides/cites-parrots-uk/,0.00312,False
https://crownwingparrots.co.uk/parrots/conures/,https://crownwingparrots.co.uk/parrots/conures/sun-conure/,0.00305,False
https://crownwingparrots.co.uk/parrots/african-parrots/,https://crownwingparrots.co.uk/parrots/amazons/blue-fronted-amazon-parrot/,0.00303,False
https://crownwingparrots.co.uk/guides/choosing-a-parrot/,https://crownwingparrots.co.uk/parrots/cockatoos/umbrella-cockatoo/,0.00301,False
https://crownwingparrots.co.uk/guides/choosing-a-parrot/,https://crownwingparrots.co.uk/parrot-prices-uk/,0.00296,False
https://crownwingparrots.co.uk/locations/leeds/,https://crownwingparrots.co.uk/parrot-prices-uk/,0.00296,False
https://crownwingparrots.co.uk/parrots/cockatoos/,https://crownwingparrots.co.uk/parrots/macaws/scarlet-macaw/,0.00296,False
https://crownwingparrots.co.uk/parrots/cockatoos/galah-cockatoo/,https://crownwingparrots.co.uk/parrots/macaws/,0.00295,False
https://crownwingparrots.co.uk/guides/choosing-a-parrot/,https://crownwingparrots.co.uk/parrots-for-sale/african-grey-parrots/,0.00293,False
https://crownwingparrots.co.uk/guides/buying-a-parrot/,https://crownwingparrots.co.uk/parrots/african-parrots/congo-african-grey-parrot/,0.00289,False
https://crownwingparrots.co.uk/parrots/african-parrots/,https://crownwingparrots.co.uk/parrots/african-parrots/congo-african-grey-parrot/,0.00289,False
https://crownwingparrots.co.uk/parrots/african-parrots/congo-african-grey-parrot/,https://crownwingparrots.co.uk/parrots/cockatoos/,0.00289,False
https://crownwingparrots.co.uk/parrots/african-parrots/timneh-parrot/,https://crownwingparrots.co.uk/parrots/amazons/,0.00287,False
https://crownwingparrots.co.uk/parrots/african-parrots/timneh-parrot/,https://crownwingparrots.co.uk/parrots/cockatoos/,0.00287,False
https://crownwingparrots.co.uk/parrots/african-parrots/timneh-parrot/,https://crownwingparrots.co.uk/parrots/macaws/,0.00287,False
https://crownwingparrots.co.uk/,https://crownwingparrots.co.uk/locations/edinburgh/,0.00256,False
https://crownwingparrots.co.uk/guides/buying-a-parrot-checklist/,https://crownwingparrots.co.uk/locations/belfast/,0.00255,False
https://crownwingparrots.co.uk/guides/buying-a-parrot-checklist/,https://crownwingparrots.co.uk/locations/cardiff/,0.00255,False
https://crownwingparrots.co.uk/guides/buying-a-parrot-checklist/,https://crownwingparrots.co.uk/locations/liverpool/,0.00255,False
https://crownwingparrots.co.uk/guides/buying-a-parrot-checklist/,https://crownwingparrots.co.uk/locations/nottingham/,0.00255,False
https://crownwingparrots.co.uk/guides/buying-a-parrot-checklist/,https://crownwingparrots.co.uk/parrots-for-sale/,0.00255,False
https://crownwingparrots.co.uk/guides/buying-a-parrot-checklist/,https://crownwingparrots.co.uk/parrots-for-sale/amazon-parrots/,0.00255,False
https://crownwingparrots.co.uk/guides/buying-a-parrot-checklist/,https://crownwingparrots.co.uk/parrots-for-sale/conures/,0.00255,False
https://crownwingparrots.co.uk/guides/buying-a-parrot-checklist/,https://crownwingparrots.co.uk/parrots-for-sale/eclectus-parrots/,0.00255,False
https://crownwingparrots.co.uk/guides/buying-a-parrot-checklist/,https://crownwingparrots.co.uk/parrots-for-sale/macaws/,0.00255,False
https://crownwingparrots.co.uk/guides/buying-a-parrot-checklist/,https://crownwingparrots.co.uk/parrots-for-sale/parakeets-small-parrots/,0.00255,False
https://crownwingparrots.co.uk/guides/buying-a-parrot/,https://crownwingparrots.co.uk/parrots-for-sale/macaws/,0.00249,False
https://crownwingparrots.co.uk/guides/,https://crownwingparrots.co.uk/parrots-for-sale/,0.00245,False
https://crownwingparrots.co.uk/locations/edinburgh/,https://crownwingparrots.co.uk/parrots-for-sale/small-parrots/,0.00221,False
https://crownwingparrots.co.uk/locations/manchester/,https://crownwingparrots.co.uk/parrots-for-sale/small-parrots/,0.00221,False
https://crownwingparrots.co.uk/parrots-for-sale/small-parrots/,https://crownwingparrots.co.uk/parrots/cockatoos/umbrella-cockatoo/,0.00221,False
https://crownwingparrots.co.uk/parrots-for-sale/small-parrots/,https://crownwingparrots.co.uk/parrots/conures/sun-conure/,0.00221,False
https://crownwingparrots.co.uk/parrots-for-sale/small-parrots/,https://crownwingparrots.co.uk/parrots/eclectus/papuan-eclectus-parrot/,0.00221,False
https://crownwingparrots.co.uk/parrots-for-sale/small-parrots/,https://crownwingparrots.co.uk/parrots/parakeets-small-psittacines/budgerigar/,0.00221,False
https://crownwingparrots.co.uk/business-policies/,https://crownwingparrots.co.uk/parrots-for-sale/large-parrots/,0.00215,False
https://crownwingparrots.co.uk/parrots-for-sale/large-parrots/,https://crownwingparrots.co.uk/parrots/conures/green-cheeked-conure/,0.00215,False
https://crownwingparrots.co.uk/locations/newcastle/,https://crownwingparrots.co.uk/parrots-for-sale/talking-parrots/,0.0021,False
https://crownwingparrots.co.uk/guides/cites-parrots-uk/,https://crownwingparrots.co.uk/locations/glasgow/,0.00209,False
https://crownwingparrots.co.uk/guides/parrot-ownership-costs/,https://crownwingparrots.co.uk/locations/glasgow/,0.00209,False
https://crownwingparrots.co.uk/locations/glasgow/,https://crownwingparrots.co.uk/parrots-for-sale/conures/,0.00209,False
https://crownwingparrots.co.uk/locations/glasgow/,https://crownwingparrots.co.uk/parrots-for-sale/eclectus-parrots/,0.00209,False
https://crownwingparrots.co.uk/guides/buying-a-parrot/,https://crownwingparrots.co.uk/locations/newcastle/,0.00206,False
https://crownwingparrots.co.uk/locations/newcastle/,https://crownwingparrots.co.uk/parrots-for-sale/,0.00206,False
https://crownwingparrots.co.uk/locations/newcastle/,https://crownwingparrots.co.uk/parrots/caiques/white-bellied-caique/,0.00206,False
https://crownwingparrots.co.uk/locations/newcastle/,https://crownwingparrots.co.uk/parrots/parakeets-small-psittacines/budgerigar/,0.00206,False
https://crownwingparrots.co.uk/locations/nottingham/,https://crownwingparrots.co.uk/parrots-for-sale/african-grey-parrots/,0.00206,False
https://crownwingparrots.co.uk/locations/nottingham/,https://crownwingparrots.co.uk/parrots/cockatoos/,0.00206,False
https://crownwingparrots.co.uk/guides/buying-a-parrot/,https://crownwingparrots.co.uk/locations/cardiff/,0.00205,False
https://crownwingparrots.co.uk/locations/cardiff/,https://crownwingparrots.co.uk/parrots/macaws/,0.00205,False
https://crownwingparrots.co.uk/locations/cardiff/,https://crownwingparrots.co.uk/parrots/parakeets-small-psittacines/peach-faced-lovebird/,0.00205,False
https://crownwingparrots.co.uk/business-policies/,https://crownwingparrots.co.uk/locations/liverpool/,0.00204,False
https://crownwingparrots.co.uk/locations/liverpool/,https://crownwingparrots.co.uk/parrots-for-sale/,0.00204,False
https://crownwingparrots.co.uk/locations/liverpool/,https://crownwingparrots.co.uk/parrots-for-sale/african-grey-parrots/,0.00204,False
https://crownwingparrots.co.uk/locations/liverpool/,https://crownwingparrots.co.uk/parrots-for-sale/conures/,0.00204,False
https://crownwingparrots.co.uk/locations/liverpool/,https://crownwingparrots.co.uk/parrots-for-sale/macaws/,0.00204,False
https://crownwingparrots.co.uk/locations/liverpool/,https://crownwingparrots.co.uk/parrots/parakeets-small-psittacines/,0.00204,False
https://crownwingparrots.co.uk/locations/sheffield/,https://crownwingparrots.co.uk/parrots/amazons/blue-fronted-amazon-parrot/,0.00204,False
https://crownwingparrots.co.uk/locations/sheffield/,https://crownwingparrots.co.uk/parrots/conures/sun-conure/,0.00204,False
https://crownwingparrots.co.uk/guides/parrot-ownership-costs/,https://crownwingparrots.co.uk/locations/leeds/,0.00203,False
https://crownwingparrots.co.uk/locations/leeds/,https://crownwingparrots.co.uk/parrots-for-sale/amazon-parrots/,0.00203,False
https://crownwingparrots.co.uk/locations/leeds/,https://crownwingparrots.co.uk/parrots/african-parrots/congo-african-grey-parrot/,0.00203,False
https://crownwingparrots.co.uk/locations/leeds/,https://crownwingparrots.co.uk/parrots/eclectus/,0.00203,False
https://crownwingparrots.co.uk/locations/edinburgh/,https://crownwingparrots.co.uk/parrots/amazons/,0.00202,False
https://crownwingparrots.co.uk/locations/edinburgh/,https://crownwingparrots.co.uk/parrots/cockatoos/umbrella-cockatoo/,0.00202,False
https://crownwingparrots.co.uk/locations/edinburgh/,https://crownwingparrots.co.uk/parrots/eclectus/,0.00202,False
https://crownwingparrots.co.uk/guides/cites-parrots-uk/,https://crownwingparrots.co.uk/locations/belfast/,0.002,False
https://crownwingparrots.co.uk/locations/belfast/,https://crownwingparrots.co.uk/parrots-for-sale/african-grey-parrots/,0.002,False
https://crownwingparrots.co.uk/locations/belfast/,https://crownwingparrots.co.uk/parrots-for-sale/eclectus-parrots/,0.002,False
https://crownwingparrots.co.uk/locations/belfast/,https://crownwingparrots.co.uk/parrots-for-sale/macaws/,0.002,False
https://crownwingparrots.co.uk/locations/belfast/,https://crownwingparrots.co.uk/parrots/parakeets-small-psittacines/peach-faced-lovebird/,0.002,False
https://crownwingparrots.co.uk/locations/belfast/,https://crownwingparrots.co.uk/privacy-policy/,0.002,False
https://crownwingparrots.co.uk/business-policies/,https://crownwingparrots.co.uk/locations/bristol/,0.00196,False
https://crownwingparrots.co.uk/guides/buying-a-parrot/,https://crownwingparrots.co.uk/locations/bristol/,0.00196,False
https://crownwingparrots.co.uk/guides/parrot-ownership-costs/,https://crownwingparrots.co.uk/locations/bristol/,0.00196,False
https://crownwingparrots.co.uk/locations/bristol/,https://crownwingparrots.co.uk/parrots-for-sale/amazon-parrots/,0.00196,False
https://crownwingparrots.co.uk/locations/manchester/,https://crownwingparrots.co.uk/parrots-for-sale/amazon-parrots/,0.00194,False
https://crownwingparrots.co.uk/locations/manchester/,https://crownwingparrots.co.uk/parrots-for-sale/cockatoos/,0.00194,False
https://crownwingparrots.co.uk/locations/manchester/,https://crownwingparrots.co.uk/parrots-for-sale/eclectus-parrots/,0.00194,False
https://crownwingparrots.co.uk/locations/manchester/,https://crownwingparrots.co.uk/parrots-for-sale/macaws/,0.00194,False
https://crownwingparrots.co.uk/locations/manchester/,https://crownwingparrots.co.uk/parrots-for-sale/parakeets-small-parrots/,0.00194,False
https://crownwingparrots.co.uk/locations/manchester/,https://crownwingparrots.co.uk/parrots/african-parrots/congo-african-grey-parrot/,0.00194,False
https://crownwingparrots.co.uk/locations/manchester/,https://crownwingparrots.co.uk/parrots/cockatoos/umbrella-cockatoo/,0.00194,False
https://crownwingparrots.co.uk/locations/manchester/,https://crownwingparrots.co.uk/parrots/conures/sun-conure/,0.00194,False
https://crownwingparrots.co.uk/locations/manchester/,https://crownwingparrots.co.uk/parrots/eclectus/,0.00194,False
https://crownwingparrots.co.uk/locations/manchester/,https://crownwingparrots.co.uk/parrots/eclectus/papuan-eclectus-parrot/,0.00194,False
https://crownwingparrots.co.uk/locations/manchester/,https://crownwingparrots.co.uk/parrots/parakeets-small-psittacines/,0.00194,False
https://crownwingparrots.co.uk/guides/choosing-a-parrot/,https://crownwingparrots.co.uk/locations/birmingham/,0.00191,False
https://crownwingparrots.co.uk/locations/birmingham/,https://crownwingparrots.co.uk/parrots-for-sale/african-grey-parrots/,0.00191,False
https://crownwingparrots.co.uk/locations/birmingham/,https://crownwingparrots.co.uk/parrots-for-sale/conures/,0.00191,False
https://crownwingparrots.co.uk/locations/birmingham/,https://crownwingparrots.co.uk/parrots-for-sale/eclectus-parrots/,0.00191,False
https://crownwingparrots.co.uk/locations/birmingham/,https://crownwingparrots.co.uk/parrots-for-sale/macaws/,0.00191,False
https://crownwingparrots.co.uk/locations/birmingham/,https://crownwingparrots.co.uk/parrots/african-parrots/congo-african-grey-parrot/,0.00191,False
https://crownwingparrots.co.uk/locations/birmingham/,https://crownwingparrots.co.uk/parrots/amazons/,0.00191,False
https://crownwingparrots.co.uk/locations/birmingham/,https://crownwingparrots.co.uk/parrots/caiques/white-bellied-caique/,0.00191,False
https://crownwingparrots.co.uk/locations/birmingham/,https://crownwingparrots.co.uk/parrots/parakeets-small-psittacines/,0.00191,False
https://crownwingparrots.co.uk/locations/london/,https://crownwingparrots.co.uk/parrots-for-sale/conures/,0.00185,False
https://crownwingparrots.co.uk/locations/london/,https://crownwingparrots.co.uk/parrots/conures/sun-conure/,0.00185,False
https://crownwingparrots.co.uk/guides/parrot-ownership-costs/,https://crownwingparrots.co.uk/parrots-for-sale/caiques/,0.00174,False
https://crownwingparrots.co.uk/parrots-for-sale/caiques/,https://crownwingparrots.co.uk/parrots/caiques/white-bellied-caique/,0.00174,False
https://crownwingparrots.co.uk/parrots-for-sale/caiques/,https://crownwingparrots.co.uk/parrots/cockatoos/galah-cockatoo/,0.00174,False
https://crownwingparrots.co.uk/guides/choosing-a-parrot/,https://crownwingparrots.co.uk/parrots-for-sale/eclectus-parrots/,0.00172,False
https://crownwingparrots.co.uk/guides/cites-parrots-uk/,https://crownwingparrots.co.uk/parrots-for-sale/eclectus-parrots/,0.00172,False
https://crownwingparrots.co.uk/guides/cites-parrots-uk/,https://crownwingparrots.co.uk/parrots-for-sale/conures/,0.00166,False
https://crownwingparrots.co.uk/guides/choosing-a-parrot/,https://crownwingparrots.co.uk/parrots-for-sale/parakeets-small-parrots/,0.00165,False
https://crownwingparrots.co.uk/guides/parrot-ownership-costs/,https://crownwingparrots.co.uk/parrots-for-sale/parakeets-small-parrots/,0.00165,False
https://crownwingparrots.co.uk/parrots-for-sale/parakeets-small-parrots/,https://crownwingparrots.co.uk/privacy-policy/,0.00165,False
https://crownwingparrots.co.uk/guides/parrot-ownership-costs/,https://crownwingparrots.co.uk/parrots-for-sale/amazon-parrots/,0.00164,False
https://crownwingparrots.co.uk/parrots-for-sale/amazon-parrots/,https://crownwingparrots.co.uk/parrots/amazons/blue-fronted-amazon-parrot/,0.00164,False
https://crownwingparrots.co.uk/guides/choosing-a-parrot/,https://crownwingparrots.co.uk/parrots-for-sale/cockatoos/,0.00163,False
https://crownwingparrots.co.uk/parrots/cockatoos/,https://crownwingparrots.co.uk/parrots/parakeets-small-psittacines/peach-faced-lovebird/,0.0016,False
https://crownwingparrots.co.uk/parrots/eclectus/,https://crownwingparrots.co.uk/parrots/parakeets-small-psittacines/indian-ringneck-parakeet/,0.0016,False
https://crownwingparrots.co.uk/guides/choosing-a-parrot/,https://crownwingparrots.co.uk/parrots/caiques/black-headed-caique/,0.00158,False
https://crownwingparrots.co.uk/parrots-for-sale/macaws/,https://crownwingparrots.co.uk/parrots/caiques/white-bellied-caique/,0.00155,False
https://crownwingparrots.co.uk/guides/parrot-ownership-costs/,https://crownwingparrots.co.uk/parrots/conures/sun-conure/,0.00153,False
https://crownwingparrots.co.uk/parrots/african-parrots/,https://crownwingparrots.co.uk/parrots/conures/sun-conure/,0.00153,False
https://crownwingparrots.co.uk/parrots/cockatoos/,https://crownwingparrots.co.uk/parrots/conures/sun-conure/,0.00153,False
https://crownwingparrots.co.uk/business-policies/,https://crownwingparrots.co.uk/parrots/conures/green-cheeked-conure/,0.00152,False
https://crownwingparrots.co.uk/parrots-for-sale/african-grey-parrots/,https://crownwingparrots.co.uk/parrots/conures/green-cheeked-conure/,0.00152,False
https://crownwingparrots.co.uk/parrots/amazons/blue-fronted-amazon-parrot/,https://crownwingparrots.co.uk/parrots/caiques/,0.00152,False
https://crownwingparrots.co.uk/parrots/amazons/blue-fronted-amazon-parrot/,https://crownwingparrots.co.uk/parrots/cockatoos/,0.00152,False
https://crownwingparrots.co.uk/parrots/amazons/blue-fronted-amazon-parrot/,https://crownwingparrots.co.uk/parrots/conures/,0.00152,False
https://crownwingparrots.co.uk/parrots/conures/,https://crownwingparrots.co.uk/parrots/conures/green-cheeked-conure/,0.00152,False
https://crownwingparrots.co.uk/parrots/conures/green-cheeked-conure/,https://crownwingparrots.co.uk/parrots/eclectus/,0.00152,False
https://crownwingparrots.co.uk/parrots-for-sale/macaws/,https://crownwingparrots.co.uk/parrots/parakeets-small-psittacines/budgerigar/,0.00151,False
https://crownwingparrots.co.uk/parrots/amazons/,https://crownwingparrots.co.uk/parrots/parakeets-small-psittacines/budgerigar/,0.00151,False
https://crownwingparrots.co.uk/parrots/cockatoos/,https://crownwingparrots.co.uk/parrots/cockatoos/umbrella-cockatoo/,0.00151,False
https://crownwingparrots.co.uk/parrots/eclectus/,https://crownwingparrots.co.uk/parrots/parakeets-small-psittacines/budgerigar/,0.00151,False
https://crownwingparrots.co.uk/parrots/amazons/yellow-naped-amazon-parrot/,https://crownwingparrots.co.uk/parrots/caiques/,0.0015,False
https://crownwingparrots.co.uk/parrots/eclectus/,https://crownwingparrots.co.uk/parrots/eclectus/papuan-eclectus-parrot/,0.00149,False
https://crownwingparrots.co.uk/parrots/african-parrots/,https://crownwingparrots.co.uk/parrots/macaws/blue-and-gold-macaw/,0.00148,False
https://crownwingparrots.co.uk/guides/buying-a-parrot/,https://crownwingparrots.co.uk/parrots/cockatoos/galah-cockatoo/,0.00147,False
https://crownwingparrots.co.uk/parrots/cockatoos/,https://crownwingparrots.co.uk/parrots/cockatoos/galah-cockatoo/,0.00147,False
https://crownwingparrots.co.uk/guides/choosing-a-parrot/,https://crownwingparrots.co.uk/parrots/african-parrots/congo-african-grey-parrot/,0.00145,False
https://crownwingparrots.co.uk/guides/parrot-ownership-costs/,https://crownwingparrots.co.uk/parrots/african-parrots/congo-african-grey-parrot/,0.00145,False
https://crownwingparrots.co.uk/parrots/african-parrots/congo-african-grey-parrot/,https://crownwingparrots.co.uk/parrots/parakeets-small-psittacines/,0.00145,False
https://crownwingparrots.co.uk/guides/buying-a-parrot/,https://crownwingparrots.co.uk/parrots/african-parrots/timneh-parrot/,0.00143,False
https://crownwingparrots.co.uk/guides/buying-a-parrot/,https://crownwingparrots.co.uk/guides/parrot-ownership-costs/,0.00131,False
https://crownwingparrots.co.uk/guides/buying-a-parrot/,https://crownwingparrots.co.uk/parrots/caiques/,0.00128,False
https://crownwingparrots.co.uk/business-policies/,https://crownwingparrots.co.uk/parrots/eclectus/,0.00123,False
https://crownwingparrots.co.uk/business-policies/,https://crownwingparrots.co.uk/parrots/african-parrots/,0.00121,False
https://crownwingparrots.co.uk/guides/buying-a-parrot/,https://crownwingparrots.co.uk/parrots/parakeets-small-psittacines/,0.0012,False
https://crownwingparrots.co.uk/guides/cites-parrots-uk/,https://crownwingparrots.co.uk/parrots/amazons/,0.0012,False
https://crownwingparrots.co.uk/guides/cites-parrots-uk/,https://crownwingparrots.co.uk/parrots/macaws/,0.00118,False
https://crownwingparrots.co.uk/business-policies/,https://crownwingparrots.co.uk/guides/buying-a-parrot/,0.00077,False
https://crownwingparrots.co.uk/,https://crownwingparrots.co.uk/business-policies/,0.0,False
https://crownwingparrots.co.uk/,https://crownwingparrots.co.uk/cookie-policy/,0.0,False
https://crownwingparrots.co.uk/,https://crownwingparrots.co.uk/guides/buying-a-parrot-checklist/,0.0,False
https://crownwingparrots.co.uk/,https://crownwingparrots.co.uk/guides/buying-a-parrot/,0.0,False
https://crownwingparrots.co.uk/,https://crownwingparrots.co.uk/guides/cites-parrots-uk/,0.0,False
https://crownwingparrots.co.uk/,https://crownwingparrots.co.uk/guides/parrot-housing-enrichment/,0.0,False
https://crownwingparrots.co.uk/,https://crownwingparrots.co.uk/guides/parrot-ownership-costs/,0.0,False
https://crownwingparrots.co.uk/,https://crownwingparrots.co.uk/guides/preparing-for-a-parrot/,0.0,False
https://crownwingparrots.co.uk/,https://crownwingparrots.co.uk/locations/,0.0,False
https://crownwingparrots.co.uk/,https://crownwingparrots.co.uk/locations/belfast/,0.0,False
https://crownwingparrots.co.uk/,https://crownwingparrots.co.uk/locations/birmingham/,0.0,False
https://crownwingparrots.co.uk/,https://crownwingparrots.co.uk/locations/bristol/,0.0,False
https://crownwingparrots.co.uk/,https://crownwingparrots.co.uk/locations/cardiff/,0.0,False
https://crownwingparrots.co.uk/,https://crownwingparrots.co.uk/locations/glasgow/,0.0,False
https://crownwingparrots.co.uk/,https://crownwingparrots.co.uk/locations/leeds/,0.0,False
https://crownwingparrots.co.uk/,https://crownwingparrots.co.uk/locations/liverpool/,0.0,False
https://crownwingparrots.co.uk/,https://crownwingparrots.co.uk/locations/london/,0.0,False
https://crownwingparrots.co.uk/,https://crownwingparrots.co.uk/locations/manchester/,0.0,False
https://crownwingparrots.co.uk/,https://crownwingparrots.co.uk/locations/newcastle/,0.0,False
https://crownwingparrots.co.uk/,https://crownwingparrots.co.uk/locations/nottingham/,0.0,False
https://crownwingparrots.co.uk/,https://crownwingparrots.co.uk/locations/sheffield/,0.0,False
https://crownwingparrots.co.uk/,https://crownwingparrots.co.uk/our-approach/,0.0,False
https://crownwingparrots.co.uk/,https://crownwingparrots.co.uk/parrot-prices-uk/,0.0,False
https://crownwingparrots.co.uk/,https://crownwingparrots.co.uk/parrots-for-sale/african-grey-parrots/,0.0,False
https://crownwingparrots.co.uk/,https://crownwingparrots.co.uk/parrots-for-sale/amazon-parrots/,0.0,False
https://crownwingparrots.co.uk/,https://crownwingparrots.co.uk/parrots-for-sale/caiques/,0.0,False
https://crownwingparrots.co.uk/,https://crownwingparrots.co.uk/parrots-for-sale/cockatoos/,0.0,False
https://crownwingparrots.co.uk/,https://crownwingparrots.co.uk/parrots-for-sale/conures/,0.0,False
https://crownwingparrots.co.uk/,https://crownwingparrots.co.uk/parrots-for-sale/eclectus-parrots/,0.0,False
https://crownwingparrots.co.uk/,https://crownwingparrots.co.uk/parrots-for-sale/large-parrots/,0.0,False
https://crownwingparrots.co.uk/,https://crownwingparrots.co.uk/parrots-for-sale/macaws/,0.0,False
https://crownwingparrots.co.uk/,https://crownwingparrots.co.uk/parrots-for-sale/parakeets-small-parrots/,0.0,False
https://crownwingparrots.co.uk/,https://crownwingparrots.co.uk/parrots-for-sale/small-parrots/,0.0,False
https://crownwingparrots.co.uk/,https://crownwingparrots.co.uk/parrots-for-sale/talking-parrots/,0.0,False
https://crownwingparrots.co.uk/,https://crownwingparrots.co.uk/parrots/african-parrots/congo-african-grey-parrot/,0.0,False
https://crownwingparrots.co.uk/,https://crownwingparrots.co.uk/parrots/african-parrots/timneh-parrot/,0.0,False
https://crownwingparrots.co.uk/,https://crownwingparrots.co.uk/parrots/amazons/blue-fronted-amazon-parrot/,0.0,False
https://crownwingparrots.co.uk/,https://crownwingparrots.co.uk/parrots/amazons/yellow-naped-amazon-parrot/,0.0,False
https://crownwingparrots.co.uk/,https://crownwingparrots.co.uk/parrots/caiques/black-headed-caique/,0.0,False
https://crownwingparrots.co.uk/,https://crownwingparrots.co.uk/parrots/caiques/white-bellied-caique/,0.0,False
https://crownwingparrots.co.uk/,https://crownwingparrots.co.uk/parrots/cockatoos/galah-cockatoo/,0.0,False
https://crownwingparrots.co.uk/,https://crownwingparrots.co.uk/parrots/cockatoos/umbrella-cockatoo/,0.0,False
https://crownwingparrots.co.uk/,https://crownwingparrots.co.uk/parrots/conures/green-cheeked-conure/,0.0,False
https://crownwingparrots.co.uk/,https://crownwingparrots.co.uk/parrots/conures/sun-conure/,0.0,False
https://crownwingparrots.co.uk/,https://crownwingparrots.co.uk/parrots/eclectus/papuan-eclectus-parrot/,0.0,False
https://crownwingparrots.co.uk/,https://crownwingparrots.co.uk/parrots/macaws/blue-and-gold-macaw/,0.0,False
https://crownwingparrots.co.uk/,https://crownwingparrots.co.uk/parrots/macaws/scarlet-macaw/,0.0,False
https://crownwingparrots.co.uk/,https://crownwingparrots.co.uk/parrots/parakeets-small-psittacines/budgerigar/,0.0,False
https://crownwingparrots.co.uk/,https://crownwingparrots.co.uk/parrots/parakeets-small-psittacines/indian-ringneck-parakeet/,0.0,False
https://crownwingparrots.co.uk/,https://crownwingparrots.co.uk/parrots/parakeets-small-psittacines/peach-faced-lovebird/,0.0,False
https://crownwingparrots.co.uk/,https://crownwingparrots.co.uk/privacy-policy/,0.0,False
https://crownwingparrots.co.uk/available-birds/,https://crownwingparrots.co.uk/business-policies/,0.0,False
https://crownwingparrots.co.uk/available-birds/,https://crownwingparrots.co.uk/cookie-policy/,0.0,False
https://crownwingparrots.co.uk/available-birds/,https://crownwingparrots.co.uk/guides/buying-a-parrot-checklist/,0.0,False
https://crownwingparrots.co.uk/available-birds/,https://crownwingparrots.co.uk/guides/buying-a-parrot/,0.0,False
https://crownwingparrots.co.uk/available-birds/,https://crownwingparrots.co.uk/guides/choosing-a-parrot/,0.0,False
https://crownwingparrots.co.uk/available-birds/,https://crownwingparrots.co.uk/guides/cites-parrots-uk/,0.0,False
https://crownwingparrots.co.uk/available-birds/,https://crownwingparrots.co.uk/guides/parrot-diet-nutrition/,0.0,False
https://crownwingparrots.co.uk/available-birds/,https://crownwingparrots.co.uk/guides/parrot-housing-enrichment/,0.0,False
https://crownwingparrots.co.uk/available-birds/,https://crownwingparrots.co.uk/guides/parrot-ownership-costs/,0.0,False
https://crownwingparrots.co.uk/available-birds/,https://crownwingparrots.co.uk/guides/preparing-for-a-parrot/,0.0,False
https://crownwingparrots.co.uk/available-birds/,https://crownwingparrots.co.uk/locations/,0.0,False
https://crownwingparrots.co.uk/available-birds/,https://crownwingparrots.co.uk/locations/belfast/,0.0,False
https://crownwingparrots.co.uk/available-birds/,https://crownwingparrots.co.uk/locations/birmingham/,0.0,False
https://crownwingparrots.co.uk/available-birds/,https://crownwingparrots.co.uk/locations/bristol/,0.0,False
https://crownwingparrots.co.uk/available-birds/,https://crownwingparrots.co.uk/locations/cardiff/,0.0,False
https://crownwingparrots.co.uk/available-birds/,https://crownwingparrots.co.uk/locations/edinburgh/,0.0,False
https://crownwingparrots.co.uk/available-birds/,https://crownwingparrots.co.uk/locations/glasgow/,0.0,False
https://crownwingparrots.co.uk/available-birds/,https://crownwingparrots.co.uk/locations/leeds/,0.0,False
https://crownwingparrots.co.uk/available-birds/,https://crownwingparrots.co.uk/locations/liverpool/,0.0,False
https://crownwingparrots.co.uk/available-birds/,https://crownwingparrots.co.uk/locations/london/,0.0,False
https://crownwingparrots.co.uk/available-birds/,https://crownwingparrots.co.uk/locations/manchester/,0.0,False
https://crownwingparrots.co.uk/available-birds/,https://crownwingparrots.co.uk/locations/newcastle/,0.0,False
https://crownwingparrots.co.uk/available-birds/,https://crownwingparrots.co.uk/locations/nottingham/,0.0,False
https://crownwingparrots.co.uk/available-birds/,https://crownwingparrots.co.uk/locations/sheffield/,0.0,False
https://crownwingparrots.co.uk/available-birds/,https://crownwingparrots.co.uk/our-approach/,0.0,False
https://crownwingparrots.co.uk/available-birds/,https://crownwingparrots.co.uk/parrot-care/,0.0,False
https://crownwingparrots.co.uk/available-birds/,https://crownwingparrots.co.uk/parrot-prices-uk/,0.0,False
https://crownwingparrots.co.uk/available-birds/,https://crownwingparrots.co.uk/parrots-for-sale/african-grey-parrots/,0.0,False
https://crownwingparrots.co.uk/available-birds/,https://crownwingparrots.co.uk/parrots-for-sale/amazon-parrots/,0.0,False
https://crownwingparrots.co.uk/available-birds/,https://crownwingparrots.co.uk/parrots-for-sale/caiques/,0.0,False
https://crownwingparrots.co.uk/available-birds/,https://crownwingparrots.co.uk/parrots-for-sale/cockatoos/,0.0,False
https://crownwingparrots.co.uk/available-birds/,https://crownwingparrots.co.uk/parrots-for-sale/eclectus-parrots/,0.0,False
https://crownwingparrots.co.uk/available-birds/,https://crownwingparrots.co.uk/parrots-for-sale/large-parrots/,0.0,False
https://crownwingparrots.co.uk/available-birds/,https://crownwingparrots.co.uk/parrots-for-sale/macaws/,0.0,False
https://crownwingparrots.co.uk/available-birds/,https://crownwingparrots.co.uk/parrots-for-sale/parakeets-small-parrots/,0.0,False
https://crownwingparrots.co.uk/available-birds/,https://crownwingparrots.co.uk/parrots-for-sale/small-parrots/,0.0,False
https://crownwingparrots.co.uk/available-birds/,https://crownwingparrots.co.uk/parrots-for-sale/talking-parrots/,0.0,False
https://crownwingparrots.co.uk/available-birds/,https://crownwingparrots.co.uk/parrots/african-parrots/timneh-parrot/,0.0,False
https://crownwingparrots.co.uk/available-birds/,https://crownwingparrots.co.uk/parrots/amazons/yellow-naped-amazon-parrot/,0.0,False
https://crownwingparrots.co.uk/available-birds/,https://crownwingparrots.co.uk/parrots/caiques/black-headed-caique/,0.0,False
https://crownwingparrots.co.uk/available-birds/,https://crownwingparrots.co.uk/parrots/caiques/white-bellied-caique/,0.0,False
https://crownwingparrots.co.uk/available-birds/,https://crownwingparrots.co.uk/parrots/cockatoos/galah-cockatoo/,0.0,False
https://crownwingparrots.co.uk/available-birds/,https://crownwingparrots.co.uk/parrots/cockatoos/umbrella-cockatoo/,0.0,False
https://crownwingparrots.co.uk/available-birds/,https://crownwingparrots.co.uk/parrots/conures/green-cheeked-conure/,0.0,False
https://crownwingparrots.co.uk/available-birds/,https://crownwingparrots.co.uk/parrots/conures/sun-conure/,0.0,False
https://crownwingparrots.co.uk/available-birds/,https://crownwingparrots.co.uk/parrots/eclectus/papuan-eclectus-parrot/,0.0,False
https://crownwingparrots.co.uk/available-birds/,https://crownwingparrots.co.uk/parrots/macaws/blue-and-gold-macaw/,0.0,False
https://crownwingparrots.co.uk/available-birds/,https://crownwingparrots.co.uk/parrots/parakeets-small-psittacines/budgerigar/,0.0,False
https://crownwingparrots.co.uk/available-birds/,https://crownwingparrots.co.uk/parrots/parakeets-small-psittacines/indian-ringneck-parakeet/,0.0,False
https://crownwingparrots.co.uk/available-birds/,https://crownwingparrots.co.uk/parrots/parakeets-small-psittacines/peach-faced-lovebird/,0.0,False
https://crownwingparrots.co.uk/available-birds/,https://crownwingparrots.co.uk/privacy-policy/,0.0,False
https://crownwingparrots.co.uk/business-policies/,https://crownwingparrots.co.uk/guides/,0.0,False
https://crownwingparrots.co.uk/business-policies/,https://crownwingparrots.co.uk/guides/buying-a-parrot-checklist/,0.0,False
https://crownwingparrots.co.uk/business-policies/,https://crownwingparrots.co.uk/guides/choosing-a-parrot/,0.0,False
https://crownwingparrots.co.uk/business-policies/,https://crownwingparrots.co.uk/guides/cites-parrots-uk/,0.0,False
https://crownwingparrots.co.uk/business-policies/,https://crownwingparrots.co.uk/guides/parrot-diet-nutrition/,0.0,False
https://crownwingparrots.co.uk/business-policies/,https://crownwingparrots.co.uk/guides/parrot-housing-enrichment/,0.0,False
https://crownwingparrots.co.uk/business-policies/,https://crownwingparrots.co.uk/guides/parrot-ownership-costs/,0.0,False
https://crownwingparrots.co.uk/business-policies/,https://crownwingparrots.co.uk/guides/preparing-for-a-parrot/,0.0,False
https://crownwingparrots.co.uk/business-policies/,https://crownwingparrots.co.uk/locations/,0.0,False
https://crownwingparrots.co.uk/business-policies/,https://crownwingparrots.co.uk/locations/belfast/,0.0,False
https://crownwingparrots.co.uk/business-policies/,https://crownwingparrots.co.uk/locations/birmingham/,0.0,False
https://crownwingparrots.co.uk/business-policies/,https://crownwingparrots.co.uk/locations/cardiff/,0.0,False
https://crownwingparrots.co.uk/business-policies/,https://crownwingparrots.co.uk/locations/edinburgh/,0.0,False
https://crownwingparrots.co.uk/business-policies/,https://crownwingparrots.co.uk/locations/glasgow/,0.0,False
https://crownwingparrots.co.uk/business-policies/,https://crownwingparrots.co.uk/locations/leeds/,0.0,False
https://crownwingparrots.co.uk/business-policies/,https://crownwingparrots.co.uk/locations/london/,0.0,False
https://crownwingparrots.co.uk/business-policies/,https://crownwingparrots.co.uk/locations/manchester/,0.0,False
https://crownwingparrots.co.uk/business-policies/,https://crownwingparrots.co.uk/locations/newcastle/,0.0,False
https://crownwingparrots.co.uk/business-policies/,https://crownwingparrots.co.uk/locations/nottingham/,0.0,False
https://crownwingparrots.co.uk/business-policies/,https://crownwingparrots.co.uk/locations/sheffield/,0.0,False
https://crownwingparrots.co.uk/business-policies/,https://crownwingparrots.co.uk/our-approach/,0.0,False
https://crownwingparrots.co.uk/business-policies/,https://crownwingparrots.co.uk/parrot-care/,0.0,False
https://crownwingparrots.co.uk/business-policies/,https://crownwingparrots.co.uk/parrot-prices-uk/,0.0,False
https://crownwingparrots.co.uk/business-policies/,https://crownwingparrots.co.uk/parrots-for-sale/,0.0,False
https://crownwingparrots.co.uk/business-policies/,https://crownwingparrots.co.uk/parrots-for-sale/african-grey-parrots/,0.0,False
https://crownwingparrots.co.uk/business-policies/,https://crownwingparrots.co.uk/parrots-for-sale/amazon-parrots/,0.0,False
https://crownwingparrots.co.uk/business-policies/,https://crownwingparrots.co.uk/parrots-for-sale/caiques/,0.0,False
https://crownwingparrots.co.uk/business-policies/,https://crownwingparrots.co.uk/parrots-for-sale/cockatoos/,0.0,False
https://crownwingparrots.co.uk/business-policies/,https://crownwingparrots.co.uk/parrots-for-sale/conures/,0.0,False
https://crownwingparrots.co.uk/business-policies/,https://crownwingparrots.co.uk/parrots-for-sale/eclectus-parrots/,0.0,False
https://crownwingparrots.co.uk/business-policies/,https://crownwingparrots.co.uk/parrots-for-sale/macaws/,0.0,False
https://crownwingparrots.co.uk/business-policies/,https://crownwingparrots.co.uk/parrots-for-sale/parakeets-small-parrots/,0.0,False
https://crownwingparrots.co.uk/business-policies/,https://crownwingparrots.co.uk/parrots-for-sale/small-parrots/,0.0,False
https://crownwingparrots.co.uk/business-policies/,https://crownwingparrots.co.uk/parrots-for-sale/talking-parrots/,0.0,False
https://crownwingparrots.co.uk/business-policies/,https://crownwingparrots.co.uk/parrots/,0.0,False
https://crownwingparrots.co.uk/business-policies/,https://crownwingparrots.co.uk/parrots/african-parrots/congo-african-grey-parrot/,0.0,False
https://crownwingparrots.co.uk/business-policies/,https://crownwingparrots.co.uk/parrots/african-parrots/timneh-parrot/,0.0,False
https://crownwingparrots.co.uk/business-policies/,https://crownwingparrots.co.uk/parrots/amazons/,0.0,False
https://crownwingparrots.co.uk/business-policies/,https://crownwingparrots.co.uk/parrots/amazons/blue-fronted-amazon-parrot/,0.0,False
https://crownwingparrots.co.uk/business-policies/,https://crownwingparrots.co.uk/parrots/amazons/yellow-naped-amazon-parrot/,0.0,False
https://crownwingparrots.co.uk/business-policies/,https://crownwingparrots.co.uk/parrots/caiques/,0.0,False
https://crownwingparrots.co.uk/business-policies/,https://crownwingparrots.co.uk/parrots/caiques/black-headed-caique/,0.0,False
https://crownwingparrots.co.uk/business-policies/,https://crownwingparrots.co.uk/parrots/caiques/white-bellied-caique/,0.0,False
https://crownwingparrots.co.uk/business-policies/,https://crownwingparrots.co.uk/parrots/cockatoos/,0.0,False
https://crownwingparrots.co.uk/business-policies/,https://crownwingparrots.co.uk/parrots/cockatoos/galah-cockatoo/,0.0,False
https://crownwingparrots.co.uk/business-policies/,https://crownwingparrots.co.uk/parrots/cockatoos/umbrella-cockatoo/,0.0,False
https://crownwingparrots.co.uk/business-policies/,https://crownwingparrots.co.uk/parrots/conures/,0.0,False
https://crownwingparrots.co.uk/business-policies/,https://crownwingparrots.co.uk/parrots/conures/sun-conure/,0.0,False
https://crownwingparrots.co.uk/business-policies/,https://crownwingparrots.co.uk/parrots/eclectus/papuan-eclectus-parrot/,0.0,False
https://crownwingparrots.co.uk/business-policies/,https://crownwingparrots.co.uk/parrots/macaws/,0.0,False
https://crownwingparrots.co.uk/business-policies/,https://crownwingparrots.co.uk/parrots/macaws/blue-and-gold-macaw/,0.0,False
https://crownwingparrots.co.uk/business-policies/,https://crownwingparrots.co.uk/parrots/macaws/scarlet-macaw/,0.0,False
https://crownwingparrots.co.uk/business-policies/,https://crownwingparrots.co.uk/parrots/parakeets-small-psittacines/,0.0,False
https://crownwingparrots.co.uk/business-policies/,https://crownwingparrots.co.uk/parrots/parakeets-small-psittacines/budgerigar/,0.0,False
https://crownwingparrots.co.uk/business-policies/,https://crownwingparrots.co.uk/parrots/parakeets-small-psittacines/indian-ringneck-parakeet/,0.0,False
https://crownwingparrots.co.uk/business-policies/,https://crownwingparrots.co.uk/parrots/parakeets-small-psittacines/peach-faced-lovebird/,0.0,False
https://crownwingparrots.co.uk/contact/,https://crownwingparrots.co.uk/guides/,0.0,False
https://crownwingparrots.co.uk/contact/,https://crownwingparrots.co.uk/guides/buying-a-parrot-checklist/,0.0,False
https://crownwingparrots.co.uk/contact/,https://crownwingparrots.co.uk/guides/choosing-a-parrot/,0.0,False
https://crownwingparrots.co.uk/contact/,https://crownwingparrots.co.uk/guides/cites-parrots-uk/,0.0,False
https://crownwingparrots.co.uk/contact/,https://crownwingparrots.co.uk/guides/parrot-diet-nutrition/,0.0,False
https://crownwingparrots.co.uk/contact/,https://crownwingparrots.co.uk/guides/parrot-housing-enrichment/,0.0,False
https://crownwingparrots.co.uk/contact/,https://crownwingparrots.co.uk/guides/parrot-ownership-costs/,0.0,False
https://crownwingparrots.co.uk/contact/,https://crownwingparrots.co.uk/guides/preparing-for-a-parrot/,0.0,False
https://crownwingparrots.co.uk/contact/,https://crownwingparrots.co.uk/locations/,0.0,False
https://crownwingparrots.co.uk/contact/,https://crownwingparrots.co.uk/locations/birmingham/,0.0,False
https://crownwingparrots.co.uk/contact/,https://crownwingparrots.co.uk/locations/bristol/,0.0,False
https://crownwingparrots.co.uk/contact/,https://crownwingparrots.co.uk/locations/cardiff/,0.0,False
https://crownwingparrots.co.uk/contact/,https://crownwingparrots.co.uk/locations/edinburgh/,0.0,False
https://crownwingparrots.co.uk/contact/,https://crownwingparrots.co.uk/locations/glasgow/,0.0,False
https://crownwingparrots.co.uk/contact/,https://crownwingparrots.co.uk/locations/leeds/,0.0,False
https://crownwingparrots.co.uk/contact/,https://crownwingparrots.co.uk/locations/liverpool/,0.0,False
https://crownwingparrots.co.uk/contact/,https://crownwingparrots.co.uk/locations/london/,0.0,False
https://crownwingparrots.co.uk/contact/,https://crownwingparrots.co.uk/locations/manchester/,0.0,False
https://crownwingparrots.co.uk/contact/,https://crownwingparrots.co.uk/locations/newcastle/,0.0,False
https://crownwingparrots.co.uk/contact/,https://crownwingparrots.co.uk/locations/nottingham/,0.0,False
https://crownwingparrots.co.uk/contact/,https://crownwingparrots.co.uk/locations/sheffield/,0.0,False
https://crownwingparrots.co.uk/contact/,https://crownwingparrots.co.uk/our-approach/,0.0,False
https://crownwingparrots.co.uk/contact/,https://crownwingparrots.co.uk/parrot-care/,0.0,False
https://crownwingparrots.co.uk/contact/,https://crownwingparrots.co.uk/parrot-prices-uk/,0.0,False
https://crownwingparrots.co.uk/contact/,https://crownwingparrots.co.uk/parrots-for-sale/african-grey-parrots/,0.0,False
https://crownwingparrots.co.uk/contact/,https://crownwingparrots.co.uk/parrots-for-sale/amazon-parrots/,0.0,False
https://crownwingparrots.co.uk/contact/,https://crownwingparrots.co.uk/parrots-for-sale/caiques/,0.0,False
https://crownwingparrots.co.uk/contact/,https://crownwingparrots.co.uk/parrots-for-sale/cockatoos/,0.0,False
https://crownwingparrots.co.uk/contact/,https://crownwingparrots.co.uk/parrots-for-sale/conures/,0.0,False
https://crownwingparrots.co.uk/contact/,https://crownwingparrots.co.uk/parrots-for-sale/eclectus-parrots/,0.0,False
https://crownwingparrots.co.uk/contact/,https://crownwingparrots.co.uk/parrots-for-sale/large-parrots/,0.0,False
https://crownwingparrots.co.uk/contact/,https://crownwingparrots.co.uk/parrots-for-sale/macaws/,0.0,False
https://crownwingparrots.co.uk/contact/,https://crownwingparrots.co.uk/parrots-for-sale/parakeets-small-parrots/,0.0,False
https://crownwingparrots.co.uk/contact/,https://crownwingparrots.co.uk/parrots-for-sale/small-parrots/,0.0,False
https://crownwingparrots.co.uk/contact/,https://crownwingparrots.co.uk/parrots-for-sale/talking-parrots/,0.0,False
https://crownwingparrots.co.uk/contact/,https://crownwingparrots.co.uk/parrots/,0.0,False
https://crownwingparrots.co.uk/contact/,https://crownwingparrots.co.uk/parrots/african-parrots/,0.0,False
https://crownwingparrots.co.uk/contact/,https://crownwingparrots.co.uk/parrots/african-parrots/congo-african-grey-parrot/,0.0,False
https://crownwingparrots.co.uk/contact/,https://crownwingparrots.co.uk/parrots/african-parrots/timneh-parrot/,0.0,False
https://crownwingparrots.co.uk/contact/,https://crownwingparrots.co.uk/parrots/amazons/,0.0,False
https://crownwingparrots.co.uk/contact/,https://crownwingparrots.co.uk/parrots/amazons/blue-fronted-amazon-parrot/,0.0,False
https://crownwingparrots.co.uk/contact/,https://crownwingparrots.co.uk/parrots/amazons/yellow-naped-amazon-parrot/,0.0,False
https://crownwingparrots.co.uk/contact/,https://crownwingparrots.co.uk/parrots/caiques/,0.0,False
https://crownwingparrots.co.uk/contact/,https://crownwingparrots.co.uk/parrots/caiques/black-headed-caique/,0.0,False
https://crownwingparrots.co.uk/contact/,https://crownwingparrots.co.uk/parrots/caiques/white-bellied-caique/,0.0,False
https://crownwingparrots.co.uk/contact/,https://crownwingparrots.co.uk/parrots/cockatoos/,0.0,False
https://crownwingparrots.co.uk/contact/,https://crownwingparrots.co.uk/parrots/cockatoos/galah-cockatoo/,0.0,False
https://crownwingparrots.co.uk/contact/,https://crownwingparrots.co.uk/parrots/cockatoos/umbrella-cockatoo/,0.0,False
https://crownwingparrots.co.uk/contact/,https://crownwingparrots.co.uk/parrots/conures/,0.0,False
https://crownwingparrots.co.uk/contact/,https://crownwingparrots.co.uk/parrots/conures/green-cheeked-conure/,0.0,False
https://crownwingparrots.co.uk/contact/,https://crownwingparrots.co.uk/parrots/conures/sun-conure/,0.0,False
https://crownwingparrots.co.uk/contact/,https://crownwingparrots.co.uk/parrots/eclectus/,0.0,False
https://crownwingparrots.co.uk/contact/,https://crownwingparrots.co.uk/parrots/eclectus/papuan-eclectus-parrot/,0.0,False
https://crownwingparrots.co.uk/contact/,https://crownwingparrots.co.uk/parrots/macaws/,0.0,False
https://crownwingparrots.co.uk/contact/,https://crownwingparrots.co.uk/parrots/macaws/blue-and-gold-macaw/,0.0,False
https://crownwingparrots.co.uk/contact/,https://crownwingparrots.co.uk/parrots/macaws/scarlet-macaw/,0.0,False
https://crownwingparrots.co.uk/contact/,https://crownwingparrots.co.uk/parrots/parakeets-small-psittacines/,0.0,False
https://crownwingparrots.co.uk/contact/,https://crownwingparrots.co.uk/parrots/parakeets-small-psittacines/budgerigar/,0.0,False
https://crownwingparrots.co.uk/contact/,https://crownwingparrots.co.uk/parrots/parakeets-small-psittacines/indian-ringneck-parakeet/,0.0,False
https://crownwingparrots.co.uk/contact/,https://crownwingparrots.co.uk/parrots/parakeets-small-psittacines/peach-faced-lovebird/,0.0,False
https://crownwingparrots.co.uk/cookie-policy/,https://crownwingparrots.co.uk/guides/,0.0,False
https://crownwingparrots.co.uk/cookie-policy/,https://crownwingparrots.co.uk/guides/buying-a-parrot-checklist/,0.0,False
https://crownwingparrots.co.uk/cookie-policy/,https://crownwingparrots.co.uk/guides/buying-a-parrot/,0.0,False
https://crownwingparrots.co.uk/cookie-policy/,https://crownwingparrots.co.uk/guides/choosing-a-parrot/,0.0,False
https://crownwingparrots.co.uk/cookie-policy/,https://crownwingparrots.co.uk/guides/cites-parrots-uk/,0.0,False
https://crownwingparrots.co.uk/cookie-policy/,https://crownwingparrots.co.uk/guides/parrot-diet-nutrition/,0.0,False
https://crownwingparrots.co.uk/cookie-policy/,https://crownwingparrots.co.uk/guides/parrot-housing-enrichment/,0.0,False
https://crownwingparrots.co.uk/cookie-policy/,https://crownwingparrots.co.uk/guides/parrot-ownership-costs/,0.0,False
https://crownwingparrots.co.uk/cookie-policy/,https://crownwingparrots.co.uk/guides/preparing-for-a-parrot/,0.0,False
https://crownwingparrots.co.uk/cookie-policy/,https://crownwingparrots.co.uk/locations/,0.0,False
https://crownwingparrots.co.uk/cookie-policy/,https://crownwingparrots.co.uk/locations/belfast/,0.0,False
https://crownwingparrots.co.uk/cookie-policy/,https://crownwingparrots.co.uk/locations/birmingham/,0.0,False
https://crownwingparrots.co.uk/cookie-policy/,https://crownwingparrots.co.uk/locations/bristol/,0.0,False
https://crownwingparrots.co.uk/cookie-policy/,https://crownwingparrots.co.uk/locations/cardiff/,0.0,False
https://crownwingparrots.co.uk/cookie-policy/,https://crownwingparrots.co.uk/locations/edinburgh/,0.0,False
https://crownwingparrots.co.uk/cookie-policy/,https://crownwingparrots.co.uk/locations/glasgow/,0.0,False
https://crownwingparrots.co.uk/cookie-policy/,https://crownwingparrots.co.uk/locations/leeds/,0.0,False
https://crownwingparrots.co.uk/cookie-policy/,https://crownwingparrots.co.uk/locations/liverpool/,0.0,False
https://crownwingparrots.co.uk/cookie-policy/,https://crownwingparrots.co.uk/locations/london/,0.0,False
https://crownwingparrots.co.uk/cookie-policy/,https://crownwingparrots.co.uk/locations/manchester/,0.0,False
https://crownwingparrots.co.uk/cookie-policy/,https://crownwingparrots.co.uk/locations/newcastle/,0.0,False
https://crownwingparrots.co.uk/cookie-policy/,https://crownwingparrots.co.uk/locations/nottingham/,0.0,False
https://crownwingparrots.co.uk/cookie-policy/,https://crownwingparrots.co.uk/locations/sheffield/,0.0,False
https://crownwingparrots.co.uk/cookie-policy/,https://crownwingparrots.co.uk/our-approach/,0.0,False
https://crownwingparrots.co.uk/cookie-policy/,https://crownwingparrots.co.uk/parrot-care/,0.0,False
https://crownwingparrots.co.uk/cookie-policy/,https://crownwingparrots.co.uk/parrot-prices-uk/,0.0,False
https://crownwingparrots.co.uk/cookie-policy/,https://crownwingparrots.co.uk/parrots-for-sale/,0.0,False
https://crownwingparrots.co.uk/cookie-policy/,https://crownwingparrots.co.uk/parrots-for-sale/african-grey-parrots/,0.0,False
https://crownwingparrots.co.uk/cookie-policy/,https://crownwingparrots.co.uk/parrots-for-sale/amazon-parrots/,0.0,False
https://crownwingparrots.co.uk/cookie-policy/,https://crownwingparrots.co.uk/parrots-for-sale/caiques/,0.0,False
https://crownwingparrots.co.uk/cookie-policy/,https://crownwingparrots.co.uk/parrots-for-sale/cockatoos/,0.0,False
https://crownwingparrots.co.uk/cookie-policy/,https://crownwingparrots.co.uk/parrots-for-sale/conures/,0.0,False
https://crownwingparrots.co.uk/cookie-policy/,https://crownwingparrots.co.uk/parrots-for-sale/eclectus-parrots/,0.0,False
https://crownwingparrots.co.uk/cookie-policy/,https://crownwingparrots.co.uk/parrots-for-sale/large-parrots/,0.0,False
https://crownwingparrots.co.uk/cookie-policy/,https://crownwingparrots.co.uk/parrots-for-sale/macaws/,0.0,False
https://crownwingparrots.co.uk/cookie-policy/,https://crownwingparrots.co.uk/parrots-for-sale/parakeets-small-parrots/,0.0,False
https://crownwingparrots.co.uk/cookie-policy/,https://crownwingparrots.co.uk/parrots-for-sale/small-parrots/,0.0,False
https://crownwingparrots.co.uk/cookie-policy/,https://crownwingparrots.co.uk/parrots-for-sale/talking-parrots/,0.0,False
https://crownwingparrots.co.uk/cookie-policy/,https://crownwingparrots.co.uk/parrots/,0.0,False
https://crownwingparrots.co.uk/cookie-policy/,https://crownwingparrots.co.uk/parrots/african-parrots/,0.0,False
https://crownwingparrots.co.uk/cookie-policy/,https://crownwingparrots.co.uk/parrots/african-parrots/congo-african-grey-parrot/,0.0,False
https://crownwingparrots.co.uk/cookie-policy/,https://crownwingparrots.co.uk/parrots/african-parrots/timneh-parrot/,0.0,False
https://crownwingparrots.co.uk/cookie-policy/,https://crownwingparrots.co.uk/parrots/amazons/,0.0,False
https://crownwingparrots.co.uk/cookie-policy/,https://crownwingparrots.co.uk/parrots/amazons/blue-fronted-amazon-parrot/,0.0,False
https://crownwingparrots.co.uk/cookie-policy/,https://crownwingparrots.co.uk/parrots/amazons/yellow-naped-amazon-parrot/,0.0,False
https://crownwingparrots.co.uk/cookie-policy/,https://crownwingparrots.co.uk/parrots/caiques/,0.0,False
https://crownwingparrots.co.uk/cookie-policy/,https://crownwingparrots.co.uk/parrots/caiques/black-headed-caique/,0.0,False
https://crownwingparrots.co.uk/cookie-policy/,https://crownwingparrots.co.uk/parrots/caiques/white-bellied-caique/,0.0,False
https://crownwingparrots.co.uk/cookie-policy/,https://crownwingparrots.co.uk/parrots/cockatoos/,0.0,False
https://crownwingparrots.co.uk/cookie-policy/,https://crownwingparrots.co.uk/parrots/cockatoos/galah-cockatoo/,0.0,False
https://crownwingparrots.co.uk/cookie-policy/,https://crownwingparrots.co.uk/parrots/cockatoos/umbrella-cockatoo/,0.0,False
https://crownwingparrots.co.uk/cookie-policy/,https://crownwingparrots.co.uk/parrots/conures/,0.0,False
https://crownwingparrots.co.uk/cookie-policy/,https://crownwingparrots.co.uk/parrots/conures/green-cheeked-conure/,0.0,False
https://crownwingparrots.co.uk/cookie-policy/,https://crownwingparrots.co.uk/parrots/conures/sun-conure/,0.0,False
https://crownwingparrots.co.uk/cookie-policy/,https://crownwingparrots.co.uk/parrots/eclectus/,0.0,False
https://crownwingparrots.co.uk/cookie-policy/,https://crownwingparrots.co.uk/parrots/eclectus/papuan-eclectus-parrot/,0.0,False
https://crownwingparrots.co.uk/cookie-policy/,https://crownwingparrots.co.uk/parrots/macaws/,0.0,False
https://crownwingparrots.co.uk/cookie-policy/,https://crownwingparrots.co.uk/parrots/macaws/blue-and-gold-macaw/,0.0,False
https://crownwingparrots.co.uk/cookie-policy/,https://crownwingparrots.co.uk/parrots/macaws/scarlet-macaw/,0.0,False
https://crownwingparrots.co.uk/cookie-policy/,https://crownwingparrots.co.uk/parrots/parakeets-small-psittacines/,0.0,False
https://crownwingparrots.co.uk/cookie-policy/,https://crownwingparrots.co.uk/parrots/parakeets-small-psittacines/budgerigar/,0.0,False
https://crownwingparrots.co.uk/cookie-policy/,https://crownwingparrots.co.uk/parrots/parakeets-small-psittacines/indian-ringneck-parakeet/,0.0,False
https://crownwingparrots.co.uk/cookie-policy/,https://crownwingparrots.co.uk/parrots/parakeets-small-psittacines/peach-faced-lovebird/,0.0,False
https://crownwingparrots.co.uk/guides/,https://crownwingparrots.co.uk/guides/buying-a-parrot-checklist/,0.0,False
https://crownwingparrots.co.uk/guides/,https://crownwingparrots.co.uk/guides/parrot-diet-nutrition/,0.0,False
https://crownwingparrots.co.uk/guides/,https://crownwingparrots.co.uk/guides/parrot-housing-enrichment/,0.0,False
https://crownwingparrots.co.uk/guides/,https://crownwingparrots.co.uk/guides/preparing-for-a-parrot/,0.0,False
https://crownwingparrots.co.uk/guides/,https://crownwingparrots.co.uk/locations/,0.0,False
https://crownwingparrots.co.uk/guides/,https://crownwingparrots.co.uk/locations/belfast/,0.0,False
https://crownwingparrots.co.uk/guides/,https://crownwingparrots.co.uk/locations/birmingham/,0.0,False
https://crownwingparrots.co.uk/guides/,https://crownwingparrots.co.uk/locations/bristol/,0.0,False
https://crownwingparrots.co.uk/guides/,https://crownwingparrots.co.uk/locations/cardiff/,0.0,False
https://crownwingparrots.co.uk/guides/,https://crownwingparrots.co.uk/locations/edinburgh/,0.0,False
https://crownwingparrots.co.uk/guides/,https://crownwingparrots.co.uk/locations/glasgow/,0.0,False
https://crownwingparrots.co.uk/guides/,https://crownwingparrots.co.uk/locations/leeds/,0.0,False
https://crownwingparrots.co.uk/guides/,https://crownwingparrots.co.uk/locations/liverpool/,0.0,False
https://crownwingparrots.co.uk/guides/,https://crownwingparrots.co.uk/locations/london/,0.0,False
https://crownwingparrots.co.uk/guides/,https://crownwingparrots.co.uk/locations/manchester/,0.0,False
https://crownwingparrots.co.uk/guides/,https://crownwingparrots.co.uk/locations/newcastle/,0.0,False
https://crownwingparrots.co.uk/guides/,https://crownwingparrots.co.uk/locations/nottingham/,0.0,False
https://crownwingparrots.co.uk/guides/,https://crownwingparrots.co.uk/locations/sheffield/,0.0,False
https://crownwingparrots.co.uk/guides/,https://crownwingparrots.co.uk/our-approach/,0.0,False
https://crownwingparrots.co.uk/guides/,https://crownwingparrots.co.uk/parrot-prices-uk/,0.0,False
https://crownwingparrots.co.uk/guides/,https://crownwingparrots.co.uk/parrots-for-sale/african-grey-parrots/,0.0,False
https://crownwingparrots.co.uk/guides/,https://crownwingparrots.co.uk/parrots-for-sale/amazon-parrots/,0.0,False
https://crownwingparrots.co.uk/guides/,https://crownwingparrots.co.uk/parrots-for-sale/caiques/,0.0,False
https://crownwingparrots.co.uk/guides/,https://crownwingparrots.co.uk/parrots-for-sale/cockatoos/,0.0,False
https://crownwingparrots.co.uk/guides/,https://crownwingparrots.co.uk/parrots-for-sale/conures/,0.0,False
https://crownwingparrots.co.uk/guides/,https://crownwingparrots.co.uk/parrots-for-sale/eclectus-parrots/,0.0,False
https://crownwingparrots.co.uk/guides/,https://crownwingparrots.co.uk/parrots-for-sale/large-parrots/,0.0,False
https://crownwingparrots.co.uk/guides/,https://crownwingparrots.co.uk/parrots-for-sale/macaws/,0.0,False
https://crownwingparrots.co.uk/guides/,https://crownwingparrots.co.uk/parrots-for-sale/parakeets-small-parrots/,0.0,False
https://crownwingparrots.co.uk/guides/,https://crownwingparrots.co.uk/parrots-for-sale/small-parrots/,0.0,False
https://crownwingparrots.co.uk/guides/,https://crownwingparrots.co.uk/parrots-for-sale/talking-parrots/,0.0,False
https://crownwingparrots.co.uk/guides/,https://crownwingparrots.co.uk/parrots/,0.0,False
https://crownwingparrots.co.uk/guides/,https://crownwingparrots.co.uk/parrots/african-parrots/,0.0,False
https://crownwingparrots.co.uk/guides/,https://crownwingparrots.co.uk/parrots/african-parrots/congo-african-grey-parrot/,0.0,False
https://crownwingparrots.co.uk/guides/,https://crownwingparrots.co.uk/parrots/african-parrots/timneh-parrot/,0.0,False
https://crownwingparrots.co.uk/guides/,https://crownwingparrots.co.uk/parrots/amazons/,0.0,False
https://crownwingparrots.co.uk/guides/,https://crownwingparrots.co.uk/parrots/amazons/blue-fronted-amazon-parrot/,0.0,False
https://crownwingparrots.co.uk/guides/,https://crownwingparrots.co.uk/parrots/amazons/yellow-naped-amazon-parrot/,0.0,False
https://crownwingparrots.co.uk/guides/,https://crownwingparrots.co.uk/parrots/caiques/,0.0,False
https://crownwingparrots.co.uk/guides/,https://crownwingparrots.co.uk/parrots/caiques/black-headed-caique/,0.0,False
https://crownwingparrots.co.uk/guides/,https://crownwingparrots.co.uk/parrots/caiques/white-bellied-caique/,0.0,False
https://crownwingparrots.co.uk/guides/,https://crownwingparrots.co.uk/parrots/cockatoos/,0.0,False
https://crownwingparrots.co.uk/guides/,https://crownwingparrots.co.uk/parrots/cockatoos/galah-cockatoo/,0.0,False
https://crownwingparrots.co.uk/guides/,https://crownwingparrots.co.uk/parrots/cockatoos/umbrella-cockatoo/,0.0,False
https://crownwingparrots.co.uk/guides/,https://crownwingparrots.co.uk/parrots/conures/,0.0,False
https://crownwingparrots.co.uk/guides/,https://crownwingparrots.co.uk/parrots/conures/green-cheeked-conure/,0.0,False
https://crownwingparrots.co.uk/guides/,https://crownwingparrots.co.uk/parrots/conures/sun-conure/,0.0,False
https://crownwingparrots.co.uk/guides/,https://crownwingparrots.co.uk/parrots/eclectus/,0.0,False
https://crownwingparrots.co.uk/guides/,https://crownwingparrots.co.uk/parrots/eclectus/papuan-eclectus-parrot/,0.0,False
https://crownwingparrots.co.uk/guides/,https://crownwingparrots.co.uk/parrots/macaws/,0.0,False
https://crownwingparrots.co.uk/guides/,https://crownwingparrots.co.uk/parrots/macaws/blue-and-gold-macaw/,0.0,False
https://crownwingparrots.co.uk/guides/,https://crownwingparrots.co.uk/parrots/macaws/scarlet-macaw/,0.0,False
https://crownwingparrots.co.uk/guides/,https://crownwingparrots.co.uk/parrots/parakeets-small-psittacines/,0.0,False
https://crownwingparrots.co.uk/guides/,https://crownwingparrots.co.uk/parrots/parakeets-small-psittacines/budgerigar/,0.0,False
https://crownwingparrots.co.uk/guides/,https://crownwingparrots.co.uk/parrots/parakeets-small-psittacines/indian-ringneck-parakeet/,0.0,False
https://crownwingparrots.co.uk/guides/,https://crownwingparrots.co.uk/parrots/parakeets-small-psittacines/peach-faced-lovebird/,0.0,False
https://crownwingparrots.co.uk/guides/,https://crownwingparrots.co.uk/privacy-policy/,0.0,False
https://crownwingparrots.co.uk/guides/buying-a-parrot-checklist/,https://crownwingparrots.co.uk/guides/choosing-a-parrot/,0.0,False
https://crownwingparrots.co.uk/guides/buying-a-parrot-checklist/,https://crownwingparrots.co.uk/guides/cites-parrots-uk/,0.0,False
https://crownwingparrots.co.uk/guides/buying-a-parrot-checklist/,https://crownwingparrots.co.uk/guides/parrot-housing-enrichment/,0.0,False
https://crownwingparrots.co.uk/guides/buying-a-parrot-checklist/,https://crownwingparrots.co.uk/guides/parrot-ownership-costs/,0.0,False
https://crownwingparrots.co.uk/guides/buying-a-parrot-checklist/,https://crownwingparrots.co.uk/guides/preparing-for-a-parrot/,0.0,False
https://crownwingparrots.co.uk/guides/buying-a-parrot-checklist/,https://crownwingparrots.co.uk/locations/,0.0,False
https://crownwingparrots.co.uk/guides/buying-a-parrot-checklist/,https://crownwingparrots.co.uk/locations/bristol/,0.0,False
https://crownwingparrots.co.uk/guides/buying-a-parrot-checklist/,https://crownwingparrots.co.uk/locations/edinburgh/,0.0,False
https://crownwingparrots.co.uk/guides/buying-a-parrot-checklist/,https://crownwingparrots.co.uk/locations/glasgow/,0.0,False
https://crownwingparrots.co.uk/guides/buying-a-parrot-checklist/,https://crownwingparrots.co.uk/locations/leeds/,0.0,False
https://crownwingparrots.co.uk/guides/buying-a-parrot-checklist/,https://crownwingparrots.co.uk/locations/london/,0.0,False
https://crownwingparrots.co.uk/guides/buying-a-parrot-checklist/,https://crownwingparrots.co.uk/locations/sheffield/,0.0,False
https://crownwingparrots.co.uk/guides/buying-a-parrot-checklist/,https://crownwingparrots.co.uk/our-approach/,0.0,False
https://crownwingparrots.co.uk/guides/buying-a-parrot-checklist/,https://crownwingparrots.co.uk/parrot-care/,0.0,False
https://crownwingparrots.co.uk/guides/buying-a-parrot-checklist/,https://crownwingparrots.co.uk/parrot-prices-uk/,0.0,False
https://crownwingparrots.co.uk/guides/buying-a-parrot-checklist/,https://crownwingparrots.co.uk/parrots-for-sale/cockatoos/,0.0,False
https://crownwingparrots.co.uk/guides/buying-a-parrot-checklist/,https://crownwingparrots.co.uk/parrots-for-sale/large-parrots/,0.0,False
https://crownwingparrots.co.uk/guides/buying-a-parrot-checklist/,https://crownwingparrots.co.uk/parrots-for-sale/small-parrots/,0.0,False
https://crownwingparrots.co.uk/guides/buying-a-parrot-checklist/,https://crownwingparrots.co.uk/parrots-for-sale/talking-parrots/,0.0,False
https://crownwingparrots.co.uk/guides/buying-a-parrot-checklist/,https://crownwingparrots.co.uk/parrots/,0.0,False
https://crownwingparrots.co.uk/guides/buying-a-parrot-checklist/,https://crownwingparrots.co.uk/parrots/african-parrots/,0.0,False
https://crownwingparrots.co.uk/guides/buying-a-parrot-checklist/,https://crownwingparrots.co.uk/parrots/african-parrots/congo-african-grey-parrot/,0.0,False
https://crownwingparrots.co.uk/guides/buying-a-parrot-checklist/,https://crownwingparrots.co.uk/parrots/african-parrots/timneh-parrot/,0.0,False
https://crownwingparrots.co.uk/guides/buying-a-parrot-checklist/,https://crownwingparrots.co.uk/parrots/amazons/,0.0,False
https://crownwingparrots.co.uk/guides/buying-a-parrot-checklist/,https://crownwingparrots.co.uk/parrots/amazons/blue-fronted-amazon-parrot/,0.0,False
https://crownwingparrots.co.uk/guides/buying-a-parrot-checklist/,https://crownwingparrots.co.uk/parrots/amazons/yellow-naped-amazon-parrot/,0.0,False
https://crownwingparrots.co.uk/guides/buying-a-parrot-checklist/,https://crownwingparrots.co.uk/parrots/caiques/,0.0,False
https://crownwingparrots.co.uk/guides/buying-a-parrot-checklist/,https://crownwingparrots.co.uk/parrots/caiques/black-headed-caique/,0.0,False
https://crownwingparrots.co.uk/guides/buying-a-parrot-checklist/,https://crownwingparrots.co.uk/parrots/caiques/white-bellied-caique/,0.0,False
https://crownwingparrots.co.uk/guides/buying-a-parrot-checklist/,https://crownwingparrots.co.uk/parrots/cockatoos/,0.0,False
https://crownwingparrots.co.uk/guides/buying-a-parrot-checklist/,https://crownwingparrots.co.uk/parrots/cockatoos/galah-cockatoo/,0.0,False
https://crownwingparrots.co.uk/guides/buying-a-parrot-checklist/,https://crownwingparrots.co.uk/parrots/cockatoos/umbrella-cockatoo/,0.0,False
https://crownwingparrots.co.uk/guides/buying-a-parrot-checklist/,https://crownwingparrots.co.uk/parrots/conures/,0.0,False
https://crownwingparrots.co.uk/guides/buying-a-parrot-checklist/,https://crownwingparrots.co.uk/parrots/conures/green-cheeked-conure/,0.0,False
https://crownwingparrots.co.uk/guides/buying-a-parrot-checklist/,https://crownwingparrots.co.uk/parrots/conures/sun-conure/,0.0,False
https://crownwingparrots.co.uk/guides/buying-a-parrot-checklist/,https://crownwingparrots.co.uk/parrots/eclectus/,0.0,False
https://crownwingparrots.co.uk/guides/buying-a-parrot-checklist/,https://crownwingparrots.co.uk/parrots/eclectus/papuan-eclectus-parrot/,0.0,False
https://crownwingparrots.co.uk/guides/buying-a-parrot-checklist/,https://crownwingparrots.co.uk/parrots/macaws/,0.0,False
https://crownwingparrots.co.uk/guides/buying-a-parrot-checklist/,https://crownwingparrots.co.uk/parrots/macaws/blue-and-gold-macaw/,0.0,False
https://crownwingparrots.co.uk/guides/buying-a-parrot-checklist/,https://crownwingparrots.co.uk/parrots/macaws/scarlet-macaw/,0.0,False
https://crownwingparrots.co.uk/guides/buying-a-parrot-checklist/,https://crownwingparrots.co.uk/parrots/parakeets-small-psittacines/,0.0,False
https://crownwingparrots.co.uk/guides/buying-a-parrot-checklist/,https://crownwingparrots.co.uk/parrots/parakeets-small-psittacines/budgerigar/,0.0,False
https://crownwingparrots.co.uk/guides/buying-a-parrot-checklist/,https://crownwingparrots.co.uk/parrots/parakeets-small-psittacines/indian-ringneck-parakeet/,0.0,False
https://crownwingparrots.co.uk/guides/buying-a-parrot-checklist/,https://crownwingparrots.co.uk/parrots/parakeets-small-psittacines/peach-faced-lovebird/,0.0,False
https://crownwingparrots.co.uk/guides/buying-a-parrot-checklist/,https://crownwingparrots.co.uk/privacy-policy/,0.0,False
https://crownwingparrots.co.uk/guides/buying-a-parrot/,https://crownwingparrots.co.uk/guides/parrot-diet-nutrition/,0.0,False
https://crownwingparrots.co.uk/guides/buying-a-parrot/,https://crownwingparrots.co.uk/guides/parrot-housing-enrichment/,0.0,False
https://crownwingparrots.co.uk/guides/buying-a-parrot/,https://crownwingparrots.co.uk/locations/,0.0,False
https://crownwingparrots.co.uk/guides/buying-a-parrot/,https://crownwingparrots.co.uk/locations/edinburgh/,0.0,False
https://crownwingparrots.co.uk/guides/buying-a-parrot/,https://crownwingparrots.co.uk/locations/glasgow/,0.0,False
https://crownwingparrots.co.uk/guides/buying-a-parrot/,https://crownwingparrots.co.uk/locations/london/,0.0,False
https://crownwingparrots.co.uk/guides/buying-a-parrot/,https://crownwingparrots.co.uk/locations/nottingham/,0.0,False
https://crownwingparrots.co.uk/guides/buying-a-parrot/,https://crownwingparrots.co.uk/locations/sheffield/,0.0,False
https://crownwingparrots.co.uk/guides/buying-a-parrot/,https://crownwingparrots.co.uk/our-approach/,0.0,False
https://crownwingparrots.co.uk/guides/buying-a-parrot/,https://crownwingparrots.co.uk/parrot-care/,0.0,False
https://crownwingparrots.co.uk/guides/buying-a-parrot/,https://crownwingparrots.co.uk/parrots-for-sale/large-parrots/,0.0,False
https://crownwingparrots.co.uk/guides/buying-a-parrot/,https://crownwingparrots.co.uk/parrots-for-sale/small-parrots/,0.0,False
https://crownwingparrots.co.uk/guides/buying-a-parrot/,https://crownwingparrots.co.uk/parrots-for-sale/talking-parrots/,0.0,False
https://crownwingparrots.co.uk/guides/buying-a-parrot/,https://crownwingparrots.co.uk/parrots/,0.0,False
https://crownwingparrots.co.uk/guides/buying-a-parrot/,https://crownwingparrots.co.uk/parrots/african-parrots/,0.0,False
https://crownwingparrots.co.uk/guides/buying-a-parrot/,https://crownwingparrots.co.uk/parrots/amazons/,0.0,False
https://crownwingparrots.co.uk/guides/buying-a-parrot/,https://crownwingparrots.co.uk/parrots/amazons/blue-fronted-amazon-parrot/,0.0,False
https://crownwingparrots.co.uk/guides/buying-a-parrot/,https://crownwingparrots.co.uk/parrots/amazons/yellow-naped-amazon-parrot/,0.0,False
https://crownwingparrots.co.uk/guides/buying-a-parrot/,https://crownwingparrots.co.uk/parrots/caiques/black-headed-caique/,0.0,False
https://crownwingparrots.co.uk/guides/buying-a-parrot/,https://crownwingparrots.co.uk/parrots/caiques/white-bellied-caique/,0.0,False
https://crownwingparrots.co.uk/guides/buying-a-parrot/,https://crownwingparrots.co.uk/parrots/cockatoos/,0.0,False
https://crownwingparrots.co.uk/guides/buying-a-parrot/,https://crownwingparrots.co.uk/parrots/cockatoos/umbrella-cockatoo/,0.0,False
https://crownwingparrots.co.uk/guides/buying-a-parrot/,https://crownwingparrots.co.uk/parrots/conures/,0.0,False
https://crownwingparrots.co.uk/guides/buying-a-parrot/,https://crownwingparrots.co.uk/parrots/conures/green-cheeked-conure/,0.0,False
https://crownwingparrots.co.uk/guides/buying-a-parrot/,https://crownwingparrots.co.uk/parrots/conures/sun-conure/,0.0,False
https://crownwingparrots.co.uk/guides/buying-a-parrot/,https://crownwingparrots.co.uk/parrots/eclectus/papuan-eclectus-parrot/,0.0,False
https://crownwingparrots.co.uk/guides/buying-a-parrot/,https://crownwingparrots.co.uk/parrots/macaws/,0.0,False
https://crownwingparrots.co.uk/guides/buying-a-parrot/,https://crownwingparrots.co.uk/parrots/macaws/blue-and-gold-macaw/,0.0,False
https://crownwingparrots.co.uk/guides/buying-a-parrot/,https://crownwingparrots.co.uk/parrots/macaws/scarlet-macaw/,0.0,False
https://crownwingparrots.co.uk/guides/buying-a-parrot/,https://crownwingparrots.co.uk/parrots/parakeets-small-psittacines/budgerigar/,0.0,False
https://crownwingparrots.co.uk/guides/buying-a-parrot/,https://crownwingparrots.co.uk/parrots/parakeets-small-psittacines/indian-ringneck-parakeet/,0.0,False
https://crownwingparrots.co.uk/guides/buying-a-parrot/,https://crownwingparrots.co.uk/parrots/parakeets-small-psittacines/peach-faced-lovebird/,0.0,False
https://crownwingparrots.co.uk/guides/buying-a-parrot/,https://crownwingparrots.co.uk/privacy-policy/,0.0,False
https://crownwingparrots.co.uk/guides/choosing-a-parrot/,https://crownwingparrots.co.uk/guides/cites-parrots-uk/,0.0,False
https://crownwingparrots.co.uk/guides/choosing-a-parrot/,https://crownwingparrots.co.uk/guides/parrot-diet-nutrition/,0.0,False
https://crownwingparrots.co.uk/guides/choosing-a-parrot/,https://crownwingparrots.co.uk/guides/parrot-housing-enrichment/,0.0,False
https://crownwingparrots.co.uk/guides/choosing-a-parrot/,https://crownwingparrots.co.uk/guides/parrot-ownership-costs/,0.0,False
https://crownwingparrots.co.uk/guides/choosing-a-parrot/,https://crownwingparrots.co.uk/locations/,0.0,False
https://crownwingparrots.co.uk/guides/choosing-a-parrot/,https://crownwingparrots.co.uk/locations/bristol/,0.0,False
https://crownwingparrots.co.uk/guides/choosing-a-parrot/,https://crownwingparrots.co.uk/locations/cardiff/,0.0,False
https://crownwingparrots.co.uk/guides/choosing-a-parrot/,https://crownwingparrots.co.uk/locations/edinburgh/,0.0,False
https://crownwingparrots.co.uk/guides/choosing-a-parrot/,https://crownwingparrots.co.uk/locations/glasgow/,0.0,False
https://crownwingparrots.co.uk/guides/choosing-a-parrot/,https://crownwingparrots.co.uk/locations/liverpool/,0.0,False
https://crownwingparrots.co.uk/guides/choosing-a-parrot/,https://crownwingparrots.co.uk/locations/london/,0.0,False
https://crownwingparrots.co.uk/guides/choosing-a-parrot/,https://crownwingparrots.co.uk/locations/newcastle/,0.0,False
https://crownwingparrots.co.uk/guides/choosing-a-parrot/,https://crownwingparrots.co.uk/locations/nottingham/,0.0,False
https://crownwingparrots.co.uk/guides/choosing-a-parrot/,https://crownwingparrots.co.uk/locations/sheffield/,0.0,False
https://crownwingparrots.co.uk/guides/choosing-a-parrot/,https://crownwingparrots.co.uk/parrots-for-sale/large-parrots/,0.0,False
https://crownwingparrots.co.uk/guides/choosing-a-parrot/,https://crownwingparrots.co.uk/parrots-for-sale/small-parrots/,0.0,False
https://crownwingparrots.co.uk/guides/choosing-a-parrot/,https://crownwingparrots.co.uk/parrots-for-sale/talking-parrots/,0.0,False
https://crownwingparrots.co.uk/guides/choosing-a-parrot/,https://crownwingparrots.co.uk/parrots/,0.0,False
https://crownwingparrots.co.uk/guides/choosing-a-parrot/,https://crownwingparrots.co.uk/parrots/amazons/yellow-naped-amazon-parrot/,0.0,False
https://crownwingparrots.co.uk/guides/choosing-a-parrot/,https://crownwingparrots.co.uk/parrots/caiques/white-bellied-caique/,0.0,False
https://crownwingparrots.co.uk/guides/choosing-a-parrot/,https://crownwingparrots.co.uk/parrots/cockatoos/galah-cockatoo/,0.0,False
https://crownwingparrots.co.uk/guides/choosing-a-parrot/,https://crownwingparrots.co.uk/parrots/conures/green-cheeked-conure/,0.0,False
https://crownwingparrots.co.uk/guides/choosing-a-parrot/,https://crownwingparrots.co.uk/parrots/conures/sun-conure/,0.0,False
https://crownwingparrots.co.uk/guides/choosing-a-parrot/,https://crownwingparrots.co.uk/parrots/eclectus/papuan-eclectus-parrot/,0.0,False
https://crownwingparrots.co.uk/guides/choosing-a-parrot/,https://crownwingparrots.co.uk/parrots/macaws/scarlet-macaw/,0.0,False
https://crownwingparrots.co.uk/guides/choosing-a-parrot/,https://crownwingparrots.co.uk/parrots/parakeets-small-psittacines/budgerigar/,0.0,False
https://crownwingparrots.co.uk/guides/choosing-a-parrot/,https://crownwingparrots.co.uk/parrots/parakeets-small-psittacines/indian-ringneck-parakeet/,0.0,False
https://crownwingparrots.co.uk/guides/choosing-a-parrot/,https://crownwingparrots.co.uk/parrots/parakeets-small-psittacines/peach-faced-lovebird/,0.0,False
https://crownwingparrots.co.uk/guides/choosing-a-parrot/,https://crownwingparrots.co.uk/privacy-policy/,0.0,False
https://crownwingparrots.co.uk/guides/cites-parrots-uk/,https://crownwingparrots.co.uk/guides/parrot-diet-nutrition/,0.0,False
https://crownwingparrots.co.uk/guides/cites-parrots-uk/,https://crownwingparrots.co.uk/guides/parrot-housing-enrichment/,0.0,False
https://crownwingparrots.co.uk/guides/cites-parrots-uk/,https://crownwingparrots.co.uk/guides/parrot-ownership-costs/,0.0,False
https://crownwingparrots.co.uk/guides/cites-parrots-uk/,https://crownwingparrots.co.uk/guides/preparing-for-a-parrot/,0.0,False
https://crownwingparrots.co.uk/guides/cites-parrots-uk/,https://crownwingparrots.co.uk/locations/,0.0,False
https://crownwingparrots.co.uk/guides/cites-parrots-uk/,https://crownwingparrots.co.uk/locations/birmingham/,0.0,False
https://crownwingparrots.co.uk/guides/cites-parrots-uk/,https://crownwingparrots.co.uk/locations/bristol/,0.0,False
https://crownwingparrots.co.uk/guides/cites-parrots-uk/,https://crownwingparrots.co.uk/locations/cardiff/,0.0,False
https://crownwingparrots.co.uk/guides/cites-parrots-uk/,https://crownwingparrots.co.uk/locations/edinburgh/,0.0,False
https://crownwingparrots.co.uk/guides/cites-parrots-uk/,https://crownwingparrots.co.uk/locations/leeds/,0.0,False
https://crownwingparrots.co.uk/guides/cites-parrots-uk/,https://crownwingparrots.co.uk/locations/london/,0.0,False
https://crownwingparrots.co.uk/guides/cites-parrots-uk/,https://crownwingparrots.co.uk/locations/manchester/,0.0,False
https://crownwingparrots.co.uk/guides/cites-parrots-uk/,https://crownwingparrots.co.uk/locations/newcastle/,0.0,False
https://crownwingparrots.co.uk/guides/cites-parrots-uk/,https://crownwingparrots.co.uk/locations/nottingham/,0.0,False
https://crownwingparrots.co.uk/guides/cites-parrots-uk/,https://crownwingparrots.co.uk/locations/sheffield/,0.0,False
https://crownwingparrots.co.uk/guides/cites-parrots-uk/,https://crownwingparrots.co.uk/our-approach/,0.0,False
https://crownwingparrots.co.uk/guides/cites-parrots-uk/,https://crownwingparrots.co.uk/parrot-care/,0.0,False
https://crownwingparrots.co.uk/guides/cites-parrots-uk/,https://crownwingparrots.co.uk/parrot-prices-uk/,0.0,False
https://crownwingparrots.co.uk/guides/cites-parrots-uk/,https://crownwingparrots.co.uk/parrots-for-sale/,0.0,False
https://crownwingparrots.co.uk/guides/cites-parrots-uk/,https://crownwingparrots.co.uk/parrots-for-sale/african-grey-parrots/,0.0,False
https://crownwingparrots.co.uk/guides/cites-parrots-uk/,https://crownwingparrots.co.uk/parrots-for-sale/amazon-parrots/,0.0,False
https://crownwingparrots.co.uk/guides/cites-parrots-uk/,https://crownwingparrots.co.uk/parrots-for-sale/caiques/,0.0,False
https://crownwingparrots.co.uk/guides/cites-parrots-uk/,https://crownwingparrots.co.uk/parrots-for-sale/cockatoos/,0.0,False
https://crownwingparrots.co.uk/guides/cites-parrots-uk/,https://crownwingparrots.co.uk/parrots-for-sale/large-parrots/,0.0,False
https://crownwingparrots.co.uk/guides/cites-parrots-uk/,https://crownwingparrots.co.uk/parrots-for-sale/macaws/,0.0,False
https://crownwingparrots.co.uk/guides/cites-parrots-uk/,https://crownwingparrots.co.uk/parrots-for-sale/parakeets-small-parrots/,0.0,False
https://crownwingparrots.co.uk/guides/cites-parrots-uk/,https://crownwingparrots.co.uk/parrots-for-sale/small-parrots/,0.0,False
https://crownwingparrots.co.uk/guides/cites-parrots-uk/,https://crownwingparrots.co.uk/parrots-for-sale/talking-parrots/,0.0,False
https://crownwingparrots.co.uk/guides/cites-parrots-uk/,https://crownwingparrots.co.uk/parrots/,0.0,False
https://crownwingparrots.co.uk/guides/cites-parrots-uk/,https://crownwingparrots.co.uk/parrots/african-parrots/,0.0,False
https://crownwingparrots.co.uk/guides/cites-parrots-uk/,https://crownwingparrots.co.uk/parrots/african-parrots/congo-african-grey-parrot/,0.0,False
https://crownwingparrots.co.uk/guides/cites-parrots-uk/,https://crownwingparrots.co.uk/parrots/african-parrots/timneh-parrot/,0.0,False
https://crownwingparrots.co.uk/guides/cites-parrots-uk/,https://crownwingparrots.co.uk/parrots/amazons/blue-fronted-amazon-parrot/,0.0,False
https://crownwingparrots.co.uk/guides/cites-parrots-uk/,https://crownwingparrots.co.uk/parrots/amazons/yellow-naped-amazon-parrot/,0.0,False
https://crownwingparrots.co.uk/guides/cites-parrots-uk/,https://crownwingparrots.co.uk/parrots/caiques/,0.0,False
https://crownwingparrots.co.uk/guides/cites-parrots-uk/,https://crownwingparrots.co.uk/parrots/caiques/black-headed-caique/,0.0,False
https://crownwingparrots.co.uk/guides/cites-parrots-uk/,https://crownwingparrots.co.uk/parrots/caiques/white-bellied-caique/,0.0,False
https://crownwingparrots.co.uk/guides/cites-parrots-uk/,https://crownwingparrots.co.uk/parrots/cockatoos/,0.0,False
https://crownwingparrots.co.uk/guides/cites-parrots-uk/,https://crownwingparrots.co.uk/parrots/cockatoos/galah-cockatoo/,0.0,False
https://crownwingparrots.co.uk/guides/cites-parrots-uk/,https://crownwingparrots.co.uk/parrots/cockatoos/umbrella-cockatoo/,0.0,False
https://crownwingparrots.co.uk/guides/cites-parrots-uk/,https://crownwingparrots.co.uk/parrots/conures/,0.0,False
https://crownwingparrots.co.uk/guides/cites-parrots-uk/,https://crownwingparrots.co.uk/parrots/conures/green-cheeked-conure/,0.0,False
https://crownwingparrots.co.uk/guides/cites-parrots-uk/,https://crownwingparrots.co.uk/parrots/conures/sun-conure/,0.0,False
https://crownwingparrots.co.uk/guides/cites-parrots-uk/,https://crownwingparrots.co.uk/parrots/eclectus/,0.0,False
https://crownwingparrots.co.uk/guides/cites-parrots-uk/,https://crownwingparrots.co.uk/parrots/eclectus/papuan-eclectus-parrot/,0.0,False
https://crownwingparrots.co.uk/guides/cites-parrots-uk/,https://crownwingparrots.co.uk/parrots/macaws/blue-and-gold-macaw/,0.0,False
https://crownwingparrots.co.uk/guides/cites-parrots-uk/,https://crownwingparrots.co.uk/parrots/macaws/scarlet-macaw/,0.0,False
https://crownwingparrots.co.uk/guides/cites-parrots-uk/,https://crownwingparrots.co.uk/parrots/parakeets-small-psittacines/,0.0,False
https://crownwingparrots.co.uk/guides/cites-parrots-uk/,https://crownwingparrots.co.uk/parrots/parakeets-small-psittacines/budgerigar/,0.0,False
https://crownwingparrots.co.uk/guides/cites-parrots-uk/,https://crownwingparrots.co.uk/parrots/parakeets-small-psittacines/indian-ringneck-parakeet/,0.0,False
https://crownwingparrots.co.uk/guides/cites-parrots-uk/,https://crownwingparrots.co.uk/parrots/parakeets-small-psittacines/peach-faced-lovebird/,0.0,False
https://crownwingparrots.co.uk/guides/cites-parrots-uk/,https://crownwingparrots.co.uk/privacy-policy/,0.0,False
https://crownwingparrots.co.uk/guides/parrot-diet-nutrition/,https://crownwingparrots.co.uk/guides/parrot-ownership-costs/,0.0,False
https://crownwingparrots.co.uk/guides/parrot-diet-nutrition/,https://crownwingparrots.co.uk/guides/preparing-for-a-parrot/,0.0,False
https://crownwingparrots.co.uk/guides/parrot-diet-nutrition/,https://crownwingparrots.co.uk/locations/,0.0,False
https://crownwingparrots.co.uk/guides/parrot-diet-nutrition/,https://crownwingparrots.co.uk/locations/belfast/,0.0,False
https://crownwingparrots.co.uk/guides/parrot-diet-nutrition/,https://crownwingparrots.co.uk/locations/birmingham/,0.0,False
https://crownwingparrots.co.uk/guides/parrot-diet-nutrition/,https://crownwingparrots.co.uk/locations/bristol/,0.0,False
https://crownwingparrots.co.uk/guides/parrot-diet-nutrition/,https://crownwingparrots.co.uk/locations/cardiff/,0.0,False
https://crownwingparrots.co.uk/guides/parrot-diet-nutrition/,https://crownwingparrots.co.uk/locations/edinburgh/,0.0,False
https://crownwingparrots.co.uk/guides/parrot-diet-nutrition/,https://crownwingparrots.co.uk/locations/leeds/,0.0,False
https://crownwingparrots.co.uk/guides/parrot-diet-nutrition/,https://crownwingparrots.co.uk/locations/liverpool/,0.0,False
https://crownwingparrots.co.uk/guides/parrot-diet-nutrition/,https://crownwingparrots.co.uk/locations/london/,0.0,False
https://crownwingparrots.co.uk/guides/parrot-diet-nutrition/,https://crownwingparrots.co.uk/locations/manchester/,0.0,False
https://crownwingparrots.co.uk/guides/parrot-diet-nutrition/,https://crownwingparrots.co.uk/locations/newcastle/,0.0,False
https://crownwingparrots.co.uk/guides/parrot-diet-nutrition/,https://crownwingparrots.co.uk/locations/nottingham/,0.0,False
https://crownwingparrots.co.uk/guides/parrot-diet-nutrition/,https://crownwingparrots.co.uk/locations/sheffield/,0.0,False
https://crownwingparrots.co.uk/guides/parrot-diet-nutrition/,https://crownwingparrots.co.uk/our-approach/,0.0,False
https://crownwingparrots.co.uk/guides/parrot-diet-nutrition/,https://crownwingparrots.co.uk/parrot-prices-uk/,0.0,False
https://crownwingparrots.co.uk/guides/parrot-diet-nutrition/,https://crownwingparrots.co.uk/parrots-for-sale/,0.0,False
https://crownwingparrots.co.uk/guides/parrot-diet-nutrition/,https://crownwingparrots.co.uk/parrots-for-sale/african-grey-parrots/,0.0,False
https://crownwingparrots.co.uk/guides/parrot-diet-nutrition/,https://crownwingparrots.co.uk/parrots-for-sale/amazon-parrots/,0.0,False
https://crownwingparrots.co.uk/guides/parrot-diet-nutrition/,https://crownwingparrots.co.uk/parrots-for-sale/caiques/,0.0,False
https://crownwingparrots.co.uk/guides/parrot-diet-nutrition/,https://crownwingparrots.co.uk/parrots-for-sale/cockatoos/,0.0,False
https://crownwingparrots.co.uk/guides/parrot-diet-nutrition/,https://crownwingparrots.co.uk/parrots-for-sale/eclectus-parrots/,0.0,False
https://crownwingparrots.co.uk/guides/parrot-diet-nutrition/,https://crownwingparrots.co.uk/parrots-for-sale/large-parrots/,0.0,False
https://crownwingparrots.co.uk/guides/parrot-diet-nutrition/,https://crownwingparrots.co.uk/parrots-for-sale/macaws/,0.0,False
https://crownwingparrots.co.uk/guides/parrot-diet-nutrition/,https://crownwingparrots.co.uk/parrots-for-sale/parakeets-small-parrots/,0.0,False
https://crownwingparrots.co.uk/guides/parrot-diet-nutrition/,https://crownwingparrots.co.uk/parrots-for-sale/small-parrots/,0.0,False
https://crownwingparrots.co.uk/guides/parrot-diet-nutrition/,https://crownwingparrots.co.uk/parrots-for-sale/talking-parrots/,0.0,False
https://crownwingparrots.co.uk/guides/parrot-diet-nutrition/,https://crownwingparrots.co.uk/parrots/,0.0,False
https://crownwingparrots.co.uk/guides/parrot-diet-nutrition/,https://crownwingparrots.co.uk/parrots/african-parrots/,0.0,False
https://crownwingparrots.co.uk/guides/parrot-diet-nutrition/,https://crownwingparrots.co.uk/parrots/african-parrots/congo-african-grey-parrot/,0.0,False
https://crownwingparrots.co.uk/guides/parrot-diet-nutrition/,https://crownwingparrots.co.uk/parrots/african-parrots/timneh-parrot/,0.0,False
https://crownwingparrots.co.uk/guides/parrot-diet-nutrition/,https://crownwingparrots.co.uk/parrots/amazons/,0.0,False
https://crownwingparrots.co.uk/guides/parrot-diet-nutrition/,https://crownwingparrots.co.uk/parrots/amazons/blue-fronted-amazon-parrot/,0.0,False
https://crownwingparrots.co.uk/guides/parrot-diet-nutrition/,https://crownwingparrots.co.uk/parrots/amazons/yellow-naped-amazon-parrot/,0.0,False
https://crownwingparrots.co.uk/guides/parrot-diet-nutrition/,https://crownwingparrots.co.uk/parrots/caiques/,0.0,False
https://crownwingparrots.co.uk/guides/parrot-diet-nutrition/,https://crownwingparrots.co.uk/parrots/caiques/black-headed-caique/,0.0,False
https://crownwingparrots.co.uk/guides/parrot-diet-nutrition/,https://crownwingparrots.co.uk/parrots/caiques/white-bellied-caique/,0.0,False
https://crownwingparrots.co.uk/guides/parrot-diet-nutrition/,https://crownwingparrots.co.uk/parrots/cockatoos/,0.0,False
https://crownwingparrots.co.uk/guides/parrot-diet-nutrition/,https://crownwingparrots.co.uk/parrots/cockatoos/galah-cockatoo/,0.0,False
https://crownwingparrots.co.uk/guides/parrot-diet-nutrition/,https://crownwingparrots.co.uk/parrots/cockatoos/umbrella-cockatoo/,0.0,False
https://crownwingparrots.co.uk/guides/parrot-diet-nutrition/,https://crownwingparrots.co.uk/parrots/conures/,0.0,False
https://crownwingparrots.co.uk/guides/parrot-diet-nutrition/,https://crownwingparrots.co.uk/parrots/conures/green-cheeked-conure/,0.0,False
https://crownwingparrots.co.uk/guides/parrot-diet-nutrition/,https://crownwingparrots.co.uk/parrots/conures/sun-conure/,0.0,False
https://crownwingparrots.co.uk/guides/parrot-diet-nutrition/,https://crownwingparrots.co.uk/parrots/eclectus/,0.0,False
https://crownwingparrots.co.uk/guides/parrot-diet-nutrition/,https://crownwingparrots.co.uk/parrots/macaws/,0.0,False
https://crownwingparrots.co.uk/guides/parrot-diet-nutrition/,https://crownwingparrots.co.uk/parrots/macaws/blue-and-gold-macaw/,0.0,False
https://crownwingparrots.co.uk/guides/parrot-diet-nutrition/,https://crownwingparrots.co.uk/parrots/macaws/scarlet-macaw/,0.0,False
https://crownwingparrots.co.uk/guides/parrot-diet-nutrition/,https://crownwingparrots.co.uk/parrots/parakeets-small-psittacines/,0.0,False
https://crownwingparrots.co.uk/guides/parrot-diet-nutrition/,https://crownwingparrots.co.uk/parrots/parakeets-small-psittacines/budgerigar/,0.0,False
https://crownwingparrots.co.uk/guides/parrot-diet-nutrition/,https://crownwingparrots.co.uk/parrots/parakeets-small-psittacines/indian-ringneck-parakeet/,0.0,False
https://crownwingparrots.co.uk/guides/parrot-diet-nutrition/,https://crownwingparrots.co.uk/parrots/parakeets-small-psittacines/peach-faced-lovebird/,0.0,False
https://crownwingparrots.co.uk/guides/parrot-diet-nutrition/,https://crownwingparrots.co.uk/privacy-policy/,0.0,False
https://crownwingparrots.co.uk/guides/parrot-housing-enrichment/,https://crownwingparrots.co.uk/guides/parrot-ownership-costs/,0.0,False
https://crownwingparrots.co.uk/guides/parrot-housing-enrichment/,https://crownwingparrots.co.uk/guides/preparing-for-a-parrot/,0.0,False
https://crownwingparrots.co.uk/guides/parrot-housing-enrichment/,https://crownwingparrots.co.uk/locations/,0.0,False
https://crownwingparrots.co.uk/guides/parrot-housing-enrichment/,https://crownwingparrots.co.uk/locations/belfast/,0.0,False
https://crownwingparrots.co.uk/guides/parrot-housing-enrichment/,https://crownwingparrots.co.uk/locations/cardiff/,0.0,False
https://crownwingparrots.co.uk/guides/parrot-housing-enrichment/,https://crownwingparrots.co.uk/locations/edinburgh/,0.0,False
https://crownwingparrots.co.uk/guides/parrot-housing-enrichment/,https://crownwingparrots.co.uk/locations/glasgow/,0.0,False
https://crownwingparrots.co.uk/guides/parrot-housing-enrichment/,https://crownwingparrots.co.uk/locations/leeds/,0.0,False
https://crownwingparrots.co.uk/guides/parrot-housing-enrichment/,https://crownwingparrots.co.uk/locations/liverpool/,0.0,False
https://crownwingparrots.co.uk/guides/parrot-housing-enrichment/,https://crownwingparrots.co.uk/locations/london/,0.0,False
https://crownwingparrots.co.uk/guides/parrot-housing-enrichment/,https://crownwingparrots.co.uk/locations/manchester/,0.0,False
https://crownwingparrots.co.uk/guides/parrot-housing-enrichment/,https://crownwingparrots.co.uk/locations/newcastle/,0.0,False
https://crownwingparrots.co.uk/guides/parrot-housing-enrichment/,https://crownwingparrots.co.uk/locations/nottingham/,0.0,False
https://crownwingparrots.co.uk/guides/parrot-housing-enrichment/,https://crownwingparrots.co.uk/locations/sheffield/,0.0,False
https://crownwingparrots.co.uk/guides/parrot-housing-enrichment/,https://crownwingparrots.co.uk/our-approach/,0.0,False
https://crownwingparrots.co.uk/guides/parrot-housing-enrichment/,https://crownwingparrots.co.uk/parrots-for-sale/,0.0,False
https://crownwingparrots.co.uk/guides/parrot-housing-enrichment/,https://crownwingparrots.co.uk/parrots-for-sale/caiques/,0.0,False
https://crownwingparrots.co.uk/guides/parrot-housing-enrichment/,https://crownwingparrots.co.uk/parrots-for-sale/cockatoos/,0.0,False
https://crownwingparrots.co.uk/guides/parrot-housing-enrichment/,https://crownwingparrots.co.uk/parrots-for-sale/conures/,0.0,False
https://crownwingparrots.co.uk/guides/parrot-housing-enrichment/,https://crownwingparrots.co.uk/parrots-for-sale/eclectus-parrots/,0.0,False
https://crownwingparrots.co.uk/guides/parrot-housing-enrichment/,https://crownwingparrots.co.uk/parrots-for-sale/large-parrots/,0.0,False
https://crownwingparrots.co.uk/guides/parrot-housing-enrichment/,https://crownwingparrots.co.uk/parrots-for-sale/macaws/,0.0,False
https://crownwingparrots.co.uk/guides/parrot-housing-enrichment/,https://crownwingparrots.co.uk/parrots-for-sale/parakeets-small-parrots/,0.0,False
https://crownwingparrots.co.uk/guides/parrot-housing-enrichment/,https://crownwingparrots.co.uk/parrots-for-sale/small-parrots/,0.0,False
https://crownwingparrots.co.uk/guides/parrot-housing-enrichment/,https://crownwingparrots.co.uk/parrots-for-sale/talking-parrots/,0.0,False
https://crownwingparrots.co.uk/guides/parrot-housing-enrichment/,https://crownwingparrots.co.uk/parrots/,0.0,False
https://crownwingparrots.co.uk/guides/parrot-housing-enrichment/,https://crownwingparrots.co.uk/parrots/african-parrots/,0.0,False
https://crownwingparrots.co.uk/guides/parrot-housing-enrichment/,https://crownwingparrots.co.uk/parrots/african-parrots/congo-african-grey-parrot/,0.0,False
https://crownwingparrots.co.uk/guides/parrot-housing-enrichment/,https://crownwingparrots.co.uk/parrots/african-parrots/timneh-parrot/,0.0,False
https://crownwingparrots.co.uk/guides/parrot-housing-enrichment/,https://crownwingparrots.co.uk/parrots/amazons/,0.0,False
https://crownwingparrots.co.uk/guides/parrot-housing-enrichment/,https://crownwingparrots.co.uk/parrots/amazons/blue-fronted-amazon-parrot/,0.0,False
https://crownwingparrots.co.uk/guides/parrot-housing-enrichment/,https://crownwingparrots.co.uk/parrots/amazons/yellow-naped-amazon-parrot/,0.0,False
https://crownwingparrots.co.uk/guides/parrot-housing-enrichment/,https://crownwingparrots.co.uk/parrots/caiques/,0.0,False
https://crownwingparrots.co.uk/guides/parrot-housing-enrichment/,https://crownwingparrots.co.uk/parrots/caiques/black-headed-caique/,0.0,False
https://crownwingparrots.co.uk/guides/parrot-housing-enrichment/,https://crownwingparrots.co.uk/parrots/caiques/white-bellied-caique/,0.0,False
https://crownwingparrots.co.uk/guides/parrot-housing-enrichment/,https://crownwingparrots.co.uk/parrots/cockatoos/,0.0,False
https://crownwingparrots.co.uk/guides/parrot-housing-enrichment/,https://crownwingparrots.co.uk/parrots/cockatoos/umbrella-cockatoo/,0.0,False
https://crownwingparrots.co.uk/guides/parrot-housing-enrichment/,https://crownwingparrots.co.uk/parrots/conures/,0.0,False
https://crownwingparrots.co.uk/guides/parrot-housing-enrichment/,https://crownwingparrots.co.uk/parrots/conures/green-cheeked-conure/,0.0,False
https://crownwingparrots.co.uk/guides/parrot-housing-enrichment/,https://crownwingparrots.co.uk/parrots/conures/sun-conure/,0.0,False
https://crownwingparrots.co.uk/guides/parrot-housing-enrichment/,https://crownwingparrots.co.uk/parrots/eclectus/,0.0,False
https://crownwingparrots.co.uk/guides/parrot-housing-enrichment/,https://crownwingparrots.co.uk/parrots/eclectus/papuan-eclectus-parrot/,0.0,False
https://crownwingparrots.co.uk/guides/parrot-housing-enrichment/,https://crownwingparrots.co.uk/parrots/macaws/,0.0,False
https://crownwingparrots.co.uk/guides/parrot-housing-enrichment/,https://crownwingparrots.co.uk/parrots/macaws/blue-and-gold-macaw/,0.0,False
https://crownwingparrots.co.uk/guides/parrot-housing-enrichment/,https://crownwingparrots.co.uk/parrots/macaws/scarlet-macaw/,0.0,False
https://crownwingparrots.co.uk/guides/parrot-housing-enrichment/,https://crownwingparrots.co.uk/parrots/parakeets-small-psittacines/,0.0,False
https://crownwingparrots.co.uk/guides/parrot-housing-enrichment/,https://crownwingparrots.co.uk/parrots/parakeets-small-psittacines/budgerigar/,0.0,False
https://crownwingparrots.co.uk/guides/parrot-housing-enrichment/,https://crownwingparrots.co.uk/parrots/parakeets-small-psittacines/indian-ringneck-parakeet/,0.0,False
https://crownwingparrots.co.uk/guides/parrot-housing-enrichment/,https://crownwingparrots.co.uk/parrots/parakeets-small-psittacines/peach-faced-lovebird/,0.0,False
https://crownwingparrots.co.uk/guides/parrot-housing-enrichment/,https://crownwingparrots.co.uk/privacy-policy/,0.0,False
https://crownwingparrots.co.uk/guides/parrot-ownership-costs/,https://crownwingparrots.co.uk/guides/preparing-for-a-parrot/,0.0,False
https://crownwingparrots.co.uk/guides/parrot-ownership-costs/,https://crownwingparrots.co.uk/locations/,0.0,False
https://crownwingparrots.co.uk/guides/parrot-ownership-costs/,https://crownwingparrots.co.uk/locations/belfast/,0.0,False
https://crownwingparrots.co.uk/guides/parrot-ownership-costs/,https://crownwingparrots.co.uk/locations/birmingham/,0.0,False
https://crownwingparrots.co.uk/guides/parrot-ownership-costs/,https://crownwingparrots.co.uk/locations/cardiff/,0.0,False
https://crownwingparrots.co.uk/guides/parrot-ownership-costs/,https://crownwingparrots.co.uk/locations/edinburgh/,0.0,False
https://crownwingparrots.co.uk/guides/parrot-ownership-costs/,https://crownwingparrots.co.uk/locations/liverpool/,0.0,False
https://crownwingparrots.co.uk/guides/parrot-ownership-costs/,https://crownwingparrots.co.uk/locations/manchester/,0.0,False
https://crownwingparrots.co.uk/guides/parrot-ownership-costs/,https://crownwingparrots.co.uk/locations/newcastle/,0.0,False
https://crownwingparrots.co.uk/guides/parrot-ownership-costs/,https://crownwingparrots.co.uk/locations/nottingham/,0.0,False
https://crownwingparrots.co.uk/guides/parrot-ownership-costs/,https://crownwingparrots.co.uk/locations/sheffield/,0.0,False
https://crownwingparrots.co.uk/guides/parrot-ownership-costs/,https://crownwingparrots.co.uk/our-approach/,0.0,False
https://crownwingparrots.co.uk/guides/parrot-ownership-costs/,https://crownwingparrots.co.uk/parrot-prices-uk/,0.0,False
https://crownwingparrots.co.uk/guides/parrot-ownership-costs/,https://crownwingparrots.co.uk/parrots-for-sale/,0.0,False
https://crownwingparrots.co.uk/guides/parrot-ownership-costs/,https://crownwingparrots.co.uk/parrots-for-sale/african-grey-parrots/,0.0,False
https://crownwingparrots.co.uk/guides/parrot-ownership-costs/,https://crownwingparrots.co.uk/parrots-for-sale/cockatoos/,0.0,False
https://crownwingparrots.co.uk/guides/parrot-ownership-costs/,https://crownwingparrots.co.uk/parrots-for-sale/conures/,0.0,False
https://crownwingparrots.co.uk/guides/parrot-ownership-costs/,https://crownwingparrots.co.uk/parrots-for-sale/eclectus-parrots/,0.0,False
https://crownwingparrots.co.uk/guides/parrot-ownership-costs/,https://crownwingparrots.co.uk/parrots-for-sale/large-parrots/,0.0,False
https://crownwingparrots.co.uk/guides/parrot-ownership-costs/,https://crownwingparrots.co.uk/parrots-for-sale/macaws/,0.0,False
https://crownwingparrots.co.uk/guides/parrot-ownership-costs/,https://crownwingparrots.co.uk/parrots-for-sale/small-parrots/,0.0,False
https://crownwingparrots.co.uk/guides/parrot-ownership-costs/,https://crownwingparrots.co.uk/parrots-for-sale/talking-parrots/,0.0,False
https://crownwingparrots.co.uk/guides/parrot-ownership-costs/,https://crownwingparrots.co.uk/parrots/,0.0,False
https://crownwingparrots.co.uk/guides/parrot-ownership-costs/,https://crownwingparrots.co.uk/parrots/african-parrots/,0.0,False
https://crownwingparrots.co.uk/guides/parrot-ownership-costs/,https://crownwingparrots.co.uk/parrots/african-parrots/timneh-parrot/,0.0,False
https://crownwingparrots.co.uk/guides/parrot-ownership-costs/,https://crownwingparrots.co.uk/parrots/amazons/,0.0,False
https://crownwingparrots.co.uk/guides/parrot-ownership-costs/,https://crownwingparrots.co.uk/parrots/amazons/blue-fronted-amazon-parrot/,0.0,False
https://crownwingparrots.co.uk/guides/parrot-ownership-costs/,https://crownwingparrots.co.uk/parrots/amazons/yellow-naped-amazon-parrot/,0.0,False
https://crownwingparrots.co.uk/guides/parrot-ownership-costs/,https://crownwingparrots.co.uk/parrots/caiques/,0.0,False
https://crownwingparrots.co.uk/guides/parrot-ownership-costs/,https://crownwingparrots.co.uk/parrots/caiques/black-headed-caique/,0.0,False
https://crownwingparrots.co.uk/guides/parrot-ownership-costs/,https://crownwingparrots.co.uk/parrots/caiques/white-bellied-caique/,0.0,False
https://crownwingparrots.co.uk/guides/parrot-ownership-costs/,https://crownwingparrots.co.uk/parrots/cockatoos/,0.0,False
https://crownwingparrots.co.uk/guides/parrot-ownership-costs/,https://crownwingparrots.co.uk/parrots/cockatoos/galah-cockatoo/,0.0,False
https://crownwingparrots.co.uk/guides/parrot-ownership-costs/,https://crownwingparrots.co.uk/parrots/cockatoos/umbrella-cockatoo/,0.0,False
https://crownwingparrots.co.uk/guides/parrot-ownership-costs/,https://crownwingparrots.co.uk/parrots/conures/,0.0,False
https://crownwingparrots.co.uk/guides/parrot-ownership-costs/,https://crownwingparrots.co.uk/parrots/conures/green-cheeked-conure/,0.0,False
https://crownwingparrots.co.uk/guides/parrot-ownership-costs/,https://crownwingparrots.co.uk/parrots/eclectus/,0.0,False
https://crownwingparrots.co.uk/guides/parrot-ownership-costs/,https://crownwingparrots.co.uk/parrots/eclectus/papuan-eclectus-parrot/,0.0,False
https://crownwingparrots.co.uk/guides/parrot-ownership-costs/,https://crownwingparrots.co.uk/parrots/macaws/,0.0,False
https://crownwingparrots.co.uk/guides/parrot-ownership-costs/,https://crownwingparrots.co.uk/parrots/macaws/blue-and-gold-macaw/,0.0,False
https://crownwingparrots.co.uk/guides/parrot-ownership-costs/,https://crownwingparrots.co.uk/parrots/macaws/scarlet-macaw/,0.0,False
https://crownwingparrots.co.uk/guides/parrot-ownership-costs/,https://crownwingparrots.co.uk/parrots/parakeets-small-psittacines/,0.0,False
https://crownwingparrots.co.uk/guides/parrot-ownership-costs/,https://crownwingparrots.co.uk/parrots/parakeets-small-psittacines/budgerigar/,0.0,False
https://crownwingparrots.co.uk/guides/parrot-ownership-costs/,https://crownwingparrots.co.uk/parrots/parakeets-small-psittacines/indian-ringneck-parakeet/,0.0,False
https://crownwingparrots.co.uk/guides/parrot-ownership-costs/,https://crownwingparrots.co.uk/parrots/parakeets-small-psittacines/peach-faced-lovebird/,0.0,False
https://crownwingparrots.co.uk/guides/parrot-ownership-costs/,https://crownwingparrots.co.uk/privacy-policy/,0.0,False
https://crownwingparrots.co.uk/guides/preparing-for-a-parrot/,https://crownwingparrots.co.uk/locations/,0.0,False
https://crownwingparrots.co.uk/guides/preparing-for-a-parrot/,https://crownwingparrots.co.uk/locations/belfast/,0.0,False
https://crownwingparrots.co.uk/guides/preparing-for-a-parrot/,https://crownwingparrots.co.uk/locations/birmingham/,0.0,False
https://crownwingparrots.co.uk/guides/preparing-for-a-parrot/,https://crownwingparrots.co.uk/locations/bristol/,0.0,False
https://crownwingparrots.co.uk/guides/preparing-for-a-parrot/,https://crownwingparrots.co.uk/locations/cardiff/,0.0,False
https://crownwingparrots.co.uk/guides/preparing-for-a-parrot/,https://crownwingparrots.co.uk/locations/edinburgh/,0.0,False
https://crownwingparrots.co.uk/guides/preparing-for-a-parrot/,https://crownwingparrots.co.uk/locations/glasgow/,0.0,False
https://crownwingparrots.co.uk/guides/preparing-for-a-parrot/,https://crownwingparrots.co.uk/locations/leeds/,0.0,False
https://crownwingparrots.co.uk/guides/preparing-for-a-parrot/,https://crownwingparrots.co.uk/locations/liverpool/,0.0,False
https://crownwingparrots.co.uk/guides/preparing-for-a-parrot/,https://crownwingparrots.co.uk/locations/london/,0.0,False
https://crownwingparrots.co.uk/guides/preparing-for-a-parrot/,https://crownwingparrots.co.uk/locations/manchester/,0.0,False
https://crownwingparrots.co.uk/guides/preparing-for-a-parrot/,https://crownwingparrots.co.uk/locations/newcastle/,0.0,False
https://crownwingparrots.co.uk/guides/preparing-for-a-parrot/,https://crownwingparrots.co.uk/locations/nottingham/,0.0,False
https://crownwingparrots.co.uk/guides/preparing-for-a-parrot/,https://crownwingparrots.co.uk/locations/sheffield/,0.0,False
https://crownwingparrots.co.uk/guides/preparing-for-a-parrot/,https://crownwingparrots.co.uk/our-approach/,0.0,False
https://crownwingparrots.co.uk/guides/preparing-for-a-parrot/,https://crownwingparrots.co.uk/parrot-prices-uk/,0.0,False
https://crownwingparrots.co.uk/guides/preparing-for-a-parrot/,https://crownwingparrots.co.uk/parrots-for-sale/african-grey-parrots/,0.0,False
https://crownwingparrots.co.uk/guides/preparing-for-a-parrot/,https://crownwingparrots.co.uk/parrots-for-sale/amazon-parrots/,0.0,False
https://crownwingparrots.co.uk/guides/preparing-for-a-parrot/,https://crownwingparrots.co.uk/parrots-for-sale/caiques/,0.0,False
https://crownwingparrots.co.uk/guides/preparing-for-a-parrot/,https://crownwingparrots.co.uk/parrots-for-sale/cockatoos/,0.0,False
https://crownwingparrots.co.uk/guides/preparing-for-a-parrot/,https://crownwingparrots.co.uk/parrots-for-sale/conures/,0.0,False
https://crownwingparrots.co.uk/guides/preparing-for-a-parrot/,https://crownwingparrots.co.uk/parrots-for-sale/eclectus-parrots/,0.0,False
https://crownwingparrots.co.uk/guides/preparing-for-a-parrot/,https://crownwingparrots.co.uk/parrots-for-sale/large-parrots/,0.0,False
https://crownwingparrots.co.uk/guides/preparing-for-a-parrot/,https://crownwingparrots.co.uk/parrots-for-sale/macaws/,0.0,False
https://crownwingparrots.co.uk/guides/preparing-for-a-parrot/,https://crownwingparrots.co.uk/parrots-for-sale/parakeets-small-parrots/,0.0,False
https://crownwingparrots.co.uk/guides/preparing-for-a-parrot/,https://crownwingparrots.co.uk/parrots-for-sale/small-parrots/,0.0,False
https://crownwingparrots.co.uk/guides/preparing-for-a-parrot/,https://crownwingparrots.co.uk/parrots-for-sale/talking-parrots/,0.0,False
https://crownwingparrots.co.uk/guides/preparing-for-a-parrot/,https://crownwingparrots.co.uk/parrots/,0.0,False
https://crownwingparrots.co.uk/guides/preparing-for-a-parrot/,https://crownwingparrots.co.uk/parrots/african-parrots/,0.0,False
https://crownwingparrots.co.uk/guides/preparing-for-a-parrot/,https://crownwingparrots.co.uk/parrots/african-parrots/congo-african-grey-parrot/,0.0,False
https://crownwingparrots.co.uk/guides/preparing-for-a-parrot/,https://crownwingparrots.co.uk/parrots/african-parrots/timneh-parrot/,0.0,False
https://crownwingparrots.co.uk/guides/preparing-for-a-parrot/,https://crownwingparrots.co.uk/parrots/amazons/,0.0,False
https://crownwingparrots.co.uk/guides/preparing-for-a-parrot/,https://crownwingparrots.co.uk/parrots/amazons/blue-fronted-amazon-parrot/,0.0,False
https://crownwingparrots.co.uk/guides/preparing-for-a-parrot/,https://crownwingparrots.co.uk/parrots/amazons/yellow-naped-amazon-parrot/,0.0,False
https://crownwingparrots.co.uk/guides/preparing-for-a-parrot/,https://crownwingparrots.co.uk/parrots/caiques/,0.0,False
https://crownwingparrots.co.uk/guides/preparing-for-a-parrot/,https://crownwingparrots.co.uk/parrots/caiques/black-headed-caique/,0.0,False
https://crownwingparrots.co.uk/guides/preparing-for-a-parrot/,https://crownwingparrots.co.uk/parrots/caiques/white-bellied-caique/,0.0,False
https://crownwingparrots.co.uk/guides/preparing-for-a-parrot/,https://crownwingparrots.co.uk/parrots/cockatoos/,0.0,False
https://crownwingparrots.co.uk/guides/preparing-for-a-parrot/,https://crownwingparrots.co.uk/parrots/cockatoos/umbrella-cockatoo/,0.0,False
https://crownwingparrots.co.uk/guides/preparing-for-a-parrot/,https://crownwingparrots.co.uk/parrots/conures/,0.0,False
https://crownwingparrots.co.uk/guides/preparing-for-a-parrot/,https://crownwingparrots.co.uk/parrots/conures/green-cheeked-conure/,0.0,False
https://crownwingparrots.co.uk/guides/preparing-for-a-parrot/,https://crownwingparrots.co.uk/parrots/conures/sun-conure/,0.0,False
https://crownwingparrots.co.uk/guides/preparing-for-a-parrot/,https://crownwingparrots.co.uk/parrots/eclectus/papuan-eclectus-parrot/,0.0,False
https://crownwingparrots.co.uk/guides/preparing-for-a-parrot/,https://crownwingparrots.co.uk/parrots/macaws/,0.0,False
https://crownwingparrots.co.uk/guides/preparing-for-a-parrot/,https://crownwingparrots.co.uk/parrots/macaws/blue-and-gold-macaw/,0.0,False
https://crownwingparrots.co.uk/guides/preparing-for-a-parrot/,https://crownwingparrots.co.uk/parrots/macaws/scarlet-macaw/,0.0,False
https://crownwingparrots.co.uk/guides/preparing-for-a-parrot/,https://crownwingparrots.co.uk/parrots/parakeets-small-psittacines/,0.0,False
https://crownwingparrots.co.uk/guides/preparing-for-a-parrot/,https://crownwingparrots.co.uk/parrots/parakeets-small-psittacines/budgerigar/,0.0,False
https://crownwingparrots.co.uk/guides/preparing-for-a-parrot/,https://crownwingparrots.co.uk/parrots/parakeets-small-psittacines/indian-ringneck-parakeet/,0.0,False
https://crownwingparrots.co.uk/guides/preparing-for-a-parrot/,https://crownwingparrots.co.uk/parrots/parakeets-small-psittacines/peach-faced-lovebird/,0.0,False
https://crownwingparrots.co.uk/guides/preparing-for-a-parrot/,https://crownwingparrots.co.uk/privacy-policy/,0.0,False
https://crownwingparrots.co.uk/locations/,https://crownwingparrots.co.uk/locations/belfast/,0.0,False
https://crownwingparrots.co.uk/locations/,https://crownwingparrots.co.uk/locations/birmingham/,0.0,False
https://crownwingparrots.co.uk/locations/,https://crownwingparrots.co.uk/locations/bristol/,0.0,False
https://crownwingparrots.co.uk/locations/,https://crownwingparrots.co.uk/locations/cardiff/,0.0,False
https://crownwingparrots.co.uk/locations/,https://crownwingparrots.co.uk/locations/edinburgh/,0.0,False
https://crownwingparrots.co.uk/locations/,https://crownwingparrots.co.uk/locations/glasgow/,0.0,False
https://crownwingparrots.co.uk/locations/,https://crownwingparrots.co.uk/locations/leeds/,0.0,False
https://crownwingparrots.co.uk/locations/,https://crownwingparrots.co.uk/locations/liverpool/,0.0,False
https://crownwingparrots.co.uk/locations/,https://crownwingparrots.co.uk/locations/london/,0.0,False
https://crownwingparrots.co.uk/locations/,https://crownwingparrots.co.uk/locations/manchester/,0.0,False
https://crownwingparrots.co.uk/locations/,https://crownwingparrots.co.uk/locations/newcastle/,0.0,False
https://crownwingparrots.co.uk/locations/,https://crownwingparrots.co.uk/locations/nottingham/,0.0,False
https://crownwingparrots.co.uk/locations/,https://crownwingparrots.co.uk/locations/sheffield/,0.0,False
https://crownwingparrots.co.uk/locations/,https://crownwingparrots.co.uk/our-approach/,0.0,False
https://crownwingparrots.co.uk/locations/,https://crownwingparrots.co.uk/parrot-care/,0.0,False
https://crownwingparrots.co.uk/locations/,https://crownwingparrots.co.uk/parrot-prices-uk/,0.0,False
https://crownwingparrots.co.uk/locations/,https://crownwingparrots.co.uk/parrots-for-sale/,0.0,False
https://crownwingparrots.co.uk/locations/,https://crownwingparrots.co.uk/parrots-for-sale/african-grey-parrots/,0.0,False
https://crownwingparrots.co.uk/locations/,https://crownwingparrots.co.uk/parrots-for-sale/amazon-parrots/,0.0,False
https://crownwingparrots.co.uk/locations/,https://crownwingparrots.co.uk/parrots-for-sale/caiques/,0.0,False
https://crownwingparrots.co.uk/locations/,https://crownwingparrots.co.uk/parrots-for-sale/cockatoos/,0.0,False
https://crownwingparrots.co.uk/locations/,https://crownwingparrots.co.uk/parrots-for-sale/conures/,0.0,False
https://crownwingparrots.co.uk/locations/,https://crownwingparrots.co.uk/parrots-for-sale/eclectus-parrots/,0.0,False
https://crownwingparrots.co.uk/locations/,https://crownwingparrots.co.uk/parrots-for-sale/large-parrots/,0.0,False
https://crownwingparrots.co.uk/locations/,https://crownwingparrots.co.uk/parrots-for-sale/macaws/,0.0,False
https://crownwingparrots.co.uk/locations/,https://crownwingparrots.co.uk/parrots-for-sale/parakeets-small-parrots/,0.0,False
https://crownwingparrots.co.uk/locations/,https://crownwingparrots.co.uk/parrots-for-sale/small-parrots/,0.0,False
https://crownwingparrots.co.uk/locations/,https://crownwingparrots.co.uk/parrots-for-sale/talking-parrots/,0.0,False
https://crownwingparrots.co.uk/locations/,https://crownwingparrots.co.uk/parrots/,0.0,False
https://crownwingparrots.co.uk/locations/,https://crownwingparrots.co.uk/parrots/african-parrots/,0.0,False
https://crownwingparrots.co.uk/locations/,https://crownwingparrots.co.uk/parrots/african-parrots/congo-african-grey-parrot/,0.0,False
https://crownwingparrots.co.uk/locations/,https://crownwingparrots.co.uk/parrots/african-parrots/timneh-parrot/,0.0,False
https://crownwingparrots.co.uk/locations/,https://crownwingparrots.co.uk/parrots/amazons/,0.0,False
https://crownwingparrots.co.uk/locations/,https://crownwingparrots.co.uk/parrots/amazons/blue-fronted-amazon-parrot/,0.0,False
https://crownwingparrots.co.uk/locations/,https://crownwingparrots.co.uk/parrots/amazons/yellow-naped-amazon-parrot/,0.0,False
https://crownwingparrots.co.uk/locations/,https://crownwingparrots.co.uk/parrots/caiques/,0.0,False
https://crownwingparrots.co.uk/locations/,https://crownwingparrots.co.uk/parrots/caiques/black-headed-caique/,0.0,False
https://crownwingparrots.co.uk/locations/,https://crownwingparrots.co.uk/parrots/caiques/white-bellied-caique/,0.0,False
https://crownwingparrots.co.uk/locations/,https://crownwingparrots.co.uk/parrots/cockatoos/,0.0,False
https://crownwingparrots.co.uk/locations/,https://crownwingparrots.co.uk/parrots/cockatoos/galah-cockatoo/,0.0,False
https://crownwingparrots.co.uk/locations/,https://crownwingparrots.co.uk/parrots/cockatoos/umbrella-cockatoo/,0.0,False
https://crownwingparrots.co.uk/locations/,https://crownwingparrots.co.uk/parrots/conures/,0.0,False
https://crownwingparrots.co.uk/locations/,https://crownwingparrots.co.uk/parrots/conures/green-cheeked-conure/,0.0,False
https://crownwingparrots.co.uk/locations/,https://crownwingparrots.co.uk/parrots/conures/sun-conure/,0.0,False
https://crownwingparrots.co.uk/locations/,https://crownwingparrots.co.uk/parrots/eclectus/,0.0,False
https://crownwingparrots.co.uk/locations/,https://crownwingparrots.co.uk/parrots/eclectus/papuan-eclectus-parrot/,0.0,False
https://crownwingparrots.co.uk/locations/,https://crownwingparrots.co.uk/parrots/macaws/,0.0,False
https://crownwingparrots.co.uk/locations/,https://crownwingparrots.co.uk/parrots/macaws/blue-and-gold-macaw/,0.0,False
https://crownwingparrots.co.uk/locations/,https://crownwingparrots.co.uk/parrots/macaws/scarlet-macaw/,0.0,False
https://crownwingparrots.co.uk/locations/,https://crownwingparrots.co.uk/parrots/parakeets-small-psittacines/,0.0,False
https://crownwingparrots.co.uk/locations/,https://crownwingparrots.co.uk/parrots/parakeets-small-psittacines/budgerigar/,0.0,False
https://crownwingparrots.co.uk/locations/,https://crownwingparrots.co.uk/parrots/parakeets-small-psittacines/indian-ringneck-parakeet/,0.0,False
https://crownwingparrots.co.uk/locations/,https://crownwingparrots.co.uk/parrots/parakeets-small-psittacines/peach-faced-lovebird/,0.0,False
https://crownwingparrots.co.uk/locations/,https://crownwingparrots.co.uk/privacy-policy/,0.0,False
https://crownwingparrots.co.uk/locations/belfast/,https://crownwingparrots.co.uk/our-approach/,0.0,False
https://crownwingparrots.co.uk/locations/belfast/,https://crownwingparrots.co.uk/parrot-care/,0.0,False
https://crownwingparrots.co.uk/locations/belfast/,https://crownwingparrots.co.uk/parrot-prices-uk/,0.0,False
https://crownwingparrots.co.uk/locations/belfast/,https://crownwingparrots.co.uk/parrots-for-sale/,0.0,False
https://crownwingparrots.co.uk/locations/belfast/,https://crownwingparrots.co.uk/parrots-for-sale/large-parrots/,0.0,False
https://crownwingparrots.co.uk/locations/belfast/,https://crownwingparrots.co.uk/parrots-for-sale/small-parrots/,0.0,False
https://crownwingparrots.co.uk/locations/belfast/,https://crownwingparrots.co.uk/parrots-for-sale/talking-parrots/,0.0,False
https://crownwingparrots.co.uk/locations/belfast/,https://crownwingparrots.co.uk/parrots/,0.0,False
https://crownwingparrots.co.uk/locations/belfast/,https://crownwingparrots.co.uk/parrots/african-parrots/,0.0,False
https://crownwingparrots.co.uk/locations/belfast/,https://crownwingparrots.co.uk/parrots/african-parrots/congo-african-grey-parrot/,0.0,False
https://crownwingparrots.co.uk/locations/belfast/,https://crownwingparrots.co.uk/parrots/african-parrots/timneh-parrot/,0.0,False
https://crownwingparrots.co.uk/locations/belfast/,https://crownwingparrots.co.uk/parrots/amazons/,0.0,False
https://crownwingparrots.co.uk/locations/belfast/,https://crownwingparrots.co.uk/parrots/amazons/blue-fronted-amazon-parrot/,0.0,False
https://crownwingparrots.co.uk/locations/belfast/,https://crownwingparrots.co.uk/parrots/amazons/yellow-naped-amazon-parrot/,0.0,False
https://crownwingparrots.co.uk/locations/belfast/,https://crownwingparrots.co.uk/parrots/caiques/,0.0,False
https://crownwingparrots.co.uk/locations/belfast/,https://crownwingparrots.co.uk/parrots/caiques/black-headed-caique/,0.0,False
https://crownwingparrots.co.uk/locations/belfast/,https://crownwingparrots.co.uk/parrots/caiques/white-bellied-caique/,0.0,False
https://crownwingparrots.co.uk/locations/belfast/,https://crownwingparrots.co.uk/parrots/cockatoos/,0.0,False
https://crownwingparrots.co.uk/locations/belfast/,https://crownwingparrots.co.uk/parrots/cockatoos/galah-cockatoo/,0.0,False
https://crownwingparrots.co.uk/locations/belfast/,https://crownwingparrots.co.uk/parrots/cockatoos/umbrella-cockatoo/,0.0,False
https://crownwingparrots.co.uk/locations/belfast/,https://crownwingparrots.co.uk/parrots/conures/,0.0,False
https://crownwingparrots.co.uk/locations/belfast/,https://crownwingparrots.co.uk/parrots/conures/green-cheeked-conure/,0.0,False
https://crownwingparrots.co.uk/locations/belfast/,https://crownwingparrots.co.uk/parrots/conures/sun-conure/,0.0,False
https://crownwingparrots.co.uk/locations/belfast/,https://crownwingparrots.co.uk/parrots/eclectus/papuan-eclectus-parrot/,0.0,False
https://crownwingparrots.co.uk/locations/belfast/,https://crownwingparrots.co.uk/parrots/macaws/,0.0,False
https://crownwingparrots.co.uk/locations/belfast/,https://crownwingparrots.co.uk/parrots/macaws/blue-and-gold-macaw/,0.0,False
https://crownwingparrots.co.uk/locations/belfast/,https://crownwingparrots.co.uk/parrots/macaws/scarlet-macaw/,0.0,False
https://crownwingparrots.co.uk/locations/belfast/,https://crownwingparrots.co.uk/parrots/parakeets-small-psittacines/,0.0,False
https://crownwingparrots.co.uk/locations/belfast/,https://crownwingparrots.co.uk/parrots/parakeets-small-psittacines/budgerigar/,0.0,False
https://crownwingparrots.co.uk/locations/belfast/,https://crownwingparrots.co.uk/parrots/parakeets-small-psittacines/indian-ringneck-parakeet/,0.0,False
https://crownwingparrots.co.uk/locations/birmingham/,https://crownwingparrots.co.uk/our-approach/,0.0,False
https://crownwingparrots.co.uk/locations/birmingham/,https://crownwingparrots.co.uk/parrot-care/,0.0,False
https://crownwingparrots.co.uk/locations/birmingham/,https://crownwingparrots.co.uk/parrot-prices-uk/,0.0,False
https://crownwingparrots.co.uk/locations/birmingham/,https://crownwingparrots.co.uk/parrots-for-sale/,0.0,False
https://crownwingparrots.co.uk/locations/birmingham/,https://crownwingparrots.co.uk/parrots-for-sale/large-parrots/,0.0,False
https://crownwingparrots.co.uk/locations/birmingham/,https://crownwingparrots.co.uk/parrots-for-sale/small-parrots/,0.0,False
https://crownwingparrots.co.uk/locations/birmingham/,https://crownwingparrots.co.uk/parrots-for-sale/talking-parrots/,0.0,False
https://crownwingparrots.co.uk/locations/birmingham/,https://crownwingparrots.co.uk/parrots/,0.0,False
https://crownwingparrots.co.uk/locations/birmingham/,https://crownwingparrots.co.uk/parrots/african-parrots/,0.0,False
https://crownwingparrots.co.uk/locations/birmingham/,https://crownwingparrots.co.uk/parrots/african-parrots/timneh-parrot/,0.0,False
https://crownwingparrots.co.uk/locations/birmingham/,https://crownwingparrots.co.uk/parrots/amazons/blue-fronted-amazon-parrot/,0.0,False
https://crownwingparrots.co.uk/locations/birmingham/,https://crownwingparrots.co.uk/parrots/amazons/yellow-naped-amazon-parrot/,0.0,False
https://crownwingparrots.co.uk/locations/birmingham/,https://crownwingparrots.co.uk/parrots/caiques/,0.0,False
https://crownwingparrots.co.uk/locations/birmingham/,https://crownwingparrots.co.uk/parrots/caiques/black-headed-caique/,0.0,False
https://crownwingparrots.co.uk/locations/birmingham/,https://crownwingparrots.co.uk/parrots/cockatoos/,0.0,False
https://crownwingparrots.co.uk/locations/birmingham/,https://crownwingparrots.co.uk/parrots/cockatoos/galah-cockatoo/,0.0,False
https://crownwingparrots.co.uk/locations/birmingham/,https://crownwingparrots.co.uk/parrots/cockatoos/umbrella-cockatoo/,0.0,False
https://crownwingparrots.co.uk/locations/birmingham/,https://crownwingparrots.co.uk/parrots/conures/,0.0,False
https://crownwingparrots.co.uk/locations/birmingham/,https://crownwingparrots.co.uk/parrots/conures/green-cheeked-conure/,0.0,False
https://crownwingparrots.co.uk/locations/birmingham/,https://crownwingparrots.co.uk/parrots/conures/sun-conure/,0.0,False
https://crownwingparrots.co.uk/locations/birmingham/,https://crownwingparrots.co.uk/parrots/eclectus/papuan-eclectus-parrot/,0.0,False
https://crownwingparrots.co.uk/locations/birmingham/,https://crownwingparrots.co.uk/parrots/macaws/,0.0,False
https://crownwingparrots.co.uk/locations/birmingham/,https://crownwingparrots.co.uk/parrots/macaws/blue-and-gold-macaw/,0.0,False
https://crownwingparrots.co.uk/locations/birmingham/,https://crownwingparrots.co.uk/parrots/macaws/scarlet-macaw/,0.0,False
https://crownwingparrots.co.uk/locations/birmingham/,https://crownwingparrots.co.uk/parrots/parakeets-small-psittacines/budgerigar/,0.0,False
https://crownwingparrots.co.uk/locations/birmingham/,https://crownwingparrots.co.uk/parrots/parakeets-small-psittacines/indian-ringneck-parakeet/,0.0,False
https://crownwingparrots.co.uk/locations/birmingham/,https://crownwingparrots.co.uk/parrots/parakeets-small-psittacines/peach-faced-lovebird/,0.0,False
https://crownwingparrots.co.uk/locations/birmingham/,https://crownwingparrots.co.uk/privacy-policy/,0.0,False
https://crownwingparrots.co.uk/locations/bristol/,https://crownwingparrots.co.uk/our-approach/,0.0,False
https://crownwingparrots.co.uk/locations/bristol/,https://crownwingparrots.co.uk/parrot-prices-uk/,0.0,False
https://crownwingparrots.co.uk/locations/bristol/,https://crownwingparrots.co.uk/parrots-for-sale/,0.0,False
https://crownwingparrots.co.uk/locations/bristol/,https://crownwingparrots.co.uk/parrots-for-sale/african-grey-parrots/,0.0,False
https://crownwingparrots.co.uk/locations/bristol/,https://crownwingparrots.co.uk/parrots-for-sale/caiques/,0.0,False
https://crownwingparrots.co.uk/locations/bristol/,https://crownwingparrots.co.uk/parrots-for-sale/cockatoos/,0.0,False
https://crownwingparrots.co.uk/locations/bristol/,https://crownwingparrots.co.uk/parrots-for-sale/conures/,0.0,False
https://crownwingparrots.co.uk/locations/bristol/,https://crownwingparrots.co.uk/parrots-for-sale/eclectus-parrots/,0.0,False
https://crownwingparrots.co.uk/locations/bristol/,https://crownwingparrots.co.uk/parrots-for-sale/large-parrots/,0.0,False
https://crownwingparrots.co.uk/locations/bristol/,https://crownwingparrots.co.uk/parrots-for-sale/macaws/,0.0,False
https://crownwingparrots.co.uk/locations/bristol/,https://crownwingparrots.co.uk/parrots-for-sale/parakeets-small-parrots/,0.0,False
https://crownwingparrots.co.uk/locations/bristol/,https://crownwingparrots.co.uk/parrots-for-sale/small-parrots/,0.0,False
https://crownwingparrots.co.uk/locations/bristol/,https://crownwingparrots.co.uk/parrots-for-sale/talking-parrots/,0.0,False
https://crownwingparrots.co.uk/locations/bristol/,https://crownwingparrots.co.uk/parrots/,0.0,False
https://crownwingparrots.co.uk/locations/bristol/,https://crownwingparrots.co.uk/parrots/african-parrots/,0.0,False
https://crownwingparrots.co.uk/locations/bristol/,https://crownwingparrots.co.uk/parrots/african-parrots/congo-african-grey-parrot/,0.0,False
https://crownwingparrots.co.uk/locations/bristol/,https://crownwingparrots.co.uk/parrots/african-parrots/timneh-parrot/,0.0,False
https://crownwingparrots.co.uk/locations/bristol/,https://crownwingparrots.co.uk/parrots/amazons/,0.0,False
https://crownwingparrots.co.uk/locations/bristol/,https://crownwingparrots.co.uk/parrots/amazons/blue-fronted-amazon-parrot/,0.0,False
https://crownwingparrots.co.uk/locations/bristol/,https://crownwingparrots.co.uk/parrots/amazons/yellow-naped-amazon-parrot/,0.0,False
https://crownwingparrots.co.uk/locations/bristol/,https://crownwingparrots.co.uk/parrots/caiques/,0.0,False
https://crownwingparrots.co.uk/locations/bristol/,https://crownwingparrots.co.uk/parrots/caiques/black-headed-caique/,0.0,False
https://crownwingparrots.co.uk/locations/bristol/,https://crownwingparrots.co.uk/parrots/caiques/white-bellied-caique/,0.0,False
https://crownwingparrots.co.uk/locations/bristol/,https://crownwingparrots.co.uk/parrots/cockatoos/,0.0,False
https://crownwingparrots.co.uk/locations/bristol/,https://crownwingparrots.co.uk/parrots/cockatoos/galah-cockatoo/,0.0,False
https://crownwingparrots.co.uk/locations/bristol/,https://crownwingparrots.co.uk/parrots/cockatoos/umbrella-cockatoo/,0.0,False
https://crownwingparrots.co.uk/locations/bristol/,https://crownwingparrots.co.uk/parrots/conures/,0.0,False
https://crownwingparrots.co.uk/locations/bristol/,https://crownwingparrots.co.uk/parrots/conures/green-cheeked-conure/,0.0,False
https://crownwingparrots.co.uk/locations/bristol/,https://crownwingparrots.co.uk/parrots/conures/sun-conure/,0.0,False
https://crownwingparrots.co.uk/locations/bristol/,https://crownwingparrots.co.uk/parrots/eclectus/,0.0,False
https://crownwingparrots.co.uk/locations/bristol/,https://crownwingparrots.co.uk/parrots/eclectus/papuan-eclectus-parrot/,0.0,False
https://crownwingparrots.co.uk/locations/bristol/,https://crownwingparrots.co.uk/parrots/macaws/,0.0,False
https://crownwingparrots.co.uk/locations/bristol/,https://crownwingparrots.co.uk/parrots/macaws/blue-and-gold-macaw/,0.0,False
https://crownwingparrots.co.uk/locations/bristol/,https://crownwingparrots.co.uk/parrots/macaws/scarlet-macaw/,0.0,False
https://crownwingparrots.co.uk/locations/bristol/,https://crownwingparrots.co.uk/parrots/parakeets-small-psittacines/,0.0,False
https://crownwingparrots.co.uk/locations/bristol/,https://crownwingparrots.co.uk/parrots/parakeets-small-psittacines/budgerigar/,0.0,False
https://crownwingparrots.co.uk/locations/bristol/,https://crownwingparrots.co.uk/parrots/parakeets-small-psittacines/indian-ringneck-parakeet/,0.0,False
https://crownwingparrots.co.uk/locations/bristol/,https://crownwingparrots.co.uk/parrots/parakeets-small-psittacines/peach-faced-lovebird/,0.0,False
https://crownwingparrots.co.uk/locations/bristol/,https://crownwingparrots.co.uk/privacy-policy/,0.0,False
https://crownwingparrots.co.uk/locations/cardiff/,https://crownwingparrots.co.uk/our-approach/,0.0,False
https://crownwingparrots.co.uk/locations/cardiff/,https://crownwingparrots.co.uk/parrot-care/,0.0,False
https://crownwingparrots.co.uk/locations/cardiff/,https://crownwingparrots.co.uk/parrot-prices-uk/,0.0,False
https://crownwingparrots.co.uk/locations/cardiff/,https://crownwingparrots.co.uk/parrots-for-sale/,0.0,False
https://crownwingparrots.co.uk/locations/cardiff/,https://crownwingparrots.co.uk/parrots-for-sale/african-grey-parrots/,0.0,False
https://crownwingparrots.co.uk/locations/cardiff/,https://crownwingparrots.co.uk/parrots-for-sale/amazon-parrots/,0.0,False
https://crownwingparrots.co.uk/locations/cardiff/,https://crownwingparrots.co.uk/parrots-for-sale/caiques/,0.0,False
https://crownwingparrots.co.uk/locations/cardiff/,https://crownwingparrots.co.uk/parrots-for-sale/cockatoos/,0.0,False
https://crownwingparrots.co.uk/locations/cardiff/,https://crownwingparrots.co.uk/parrots-for-sale/conures/,0.0,False
https://crownwingparrots.co.uk/locations/cardiff/,https://crownwingparrots.co.uk/parrots-for-sale/eclectus-parrots/,0.0,False
https://crownwingparrots.co.uk/locations/cardiff/,https://crownwingparrots.co.uk/parrots-for-sale/large-parrots/,0.0,False
https://crownwingparrots.co.uk/locations/cardiff/,https://crownwingparrots.co.uk/parrots-for-sale/macaws/,0.0,False
https://crownwingparrots.co.uk/locations/cardiff/,https://crownwingparrots.co.uk/parrots-for-sale/parakeets-small-parrots/,0.0,False
https://crownwingparrots.co.uk/locations/cardiff/,https://crownwingparrots.co.uk/parrots-for-sale/small-parrots/,0.0,False
https://crownwingparrots.co.uk/locations/cardiff/,https://crownwingparrots.co.uk/parrots-for-sale/talking-parrots/,0.0,False
https://crownwingparrots.co.uk/locations/cardiff/,https://crownwingparrots.co.uk/parrots/,0.0,False
https://crownwingparrots.co.uk/locations/cardiff/,https://crownwingparrots.co.uk/parrots/african-parrots/,0.0,False
https://crownwingparrots.co.uk/locations/cardiff/,https://crownwingparrots.co.uk/parrots/african-parrots/congo-african-grey-parrot/,0.0,False
https://crownwingparrots.co.uk/locations/cardiff/,https://crownwingparrots.co.uk/parrots/african-parrots/timneh-parrot/,0.0,False
https://crownwingparrots.co.uk/locations/cardiff/,https://crownwingparrots.co.uk/parrots/amazons/,0.0,False
https://crownwingparrots.co.uk/locations/cardiff/,https://crownwingparrots.co.uk/parrots/amazons/blue-fronted-amazon-parrot/,0.0,False
https://crownwingparrots.co.uk/locations/cardiff/,https://crownwingparrots.co.uk/parrots/amazons/yellow-naped-amazon-parrot/,0.0,False
https://crownwingparrots.co.uk/locations/cardiff/,https://crownwingparrots.co.uk/parrots/caiques/,0.0,False
https://crownwingparrots.co.uk/locations/cardiff/,https://crownwingparrots.co.uk/parrots/caiques/black-headed-caique/,0.0,False
https://crownwingparrots.co.uk/locations/cardiff/,https://crownwingparrots.co.uk/parrots/caiques/white-bellied-caique/,0.0,False
https://crownwingparrots.co.uk/locations/cardiff/,https://crownwingparrots.co.uk/parrots/cockatoos/,0.0,False
https://crownwingparrots.co.uk/locations/cardiff/,https://crownwingparrots.co.uk/parrots/cockatoos/galah-cockatoo/,0.0,False
https://crownwingparrots.co.uk/locations/cardiff/,https://crownwingparrots.co.uk/parrots/cockatoos/umbrella-cockatoo/,0.0,False
https://crownwingparrots.co.uk/locations/cardiff/,https://crownwingparrots.co.uk/parrots/conures/,0.0,False
https://crownwingparrots.co.uk/locations/cardiff/,https://crownwingparrots.co.uk/parrots/conures/green-cheeked-conure/,0.0,False
https://crownwingparrots.co.uk/locations/cardiff/,https://crownwingparrots.co.uk/parrots/conures/sun-conure/,0.0,False
https://crownwingparrots.co.uk/locations/cardiff/,https://crownwingparrots.co.uk/parrots/eclectus/,0.0,False
https://crownwingparrots.co.uk/locations/cardiff/,https://crownwingparrots.co.uk/parrots/eclectus/papuan-eclectus-parrot/,0.0,False
https://crownwingparrots.co.uk/locations/cardiff/,https://crownwingparrots.co.uk/parrots/macaws/blue-and-gold-macaw/,0.0,False
https://crownwingparrots.co.uk/locations/cardiff/,https://crownwingparrots.co.uk/parrots/macaws/scarlet-macaw/,0.0,False
https://crownwingparrots.co.uk/locations/cardiff/,https://crownwingparrots.co.uk/parrots/parakeets-small-psittacines/,0.0,False
https://crownwingparrots.co.uk/locations/cardiff/,https://crownwingparrots.co.uk/parrots/parakeets-small-psittacines/budgerigar/,0.0,False
https://crownwingparrots.co.uk/locations/cardiff/,https://crownwingparrots.co.uk/parrots/parakeets-small-psittacines/indian-ringneck-parakeet/,0.0,False
https://crownwingparrots.co.uk/locations/cardiff/,https://crownwingparrots.co.uk/privacy-policy/,0.0,False
https://crownwingparrots.co.uk/locations/edinburgh/,https://crownwingparrots.co.uk/our-approach/,0.0,False
https://crownwingparrots.co.uk/locations/edinburgh/,https://crownwingparrots.co.uk/parrot-care/,0.0,False
https://crownwingparrots.co.uk/locations/edinburgh/,https://crownwingparrots.co.uk/parrot-prices-uk/,0.0,False
https://crownwingparrots.co.uk/locations/edinburgh/,https://crownwingparrots.co.uk/parrots-for-sale/,0.0,False
https://crownwingparrots.co.uk/locations/edinburgh/,https://crownwingparrots.co.uk/parrots-for-sale/african-grey-parrots/,0.0,False
https://crownwingparrots.co.uk/locations/edinburgh/,https://crownwingparrots.co.uk/parrots-for-sale/amazon-parrots/,0.0,False
https://crownwingparrots.co.uk/locations/edinburgh/,https://crownwingparrots.co.uk/parrots-for-sale/caiques/,0.0,False
https://crownwingparrots.co.uk/locations/edinburgh/,https://crownwingparrots.co.uk/parrots-for-sale/cockatoos/,0.0,False
https://crownwingparrots.co.uk/locations/edinburgh/,https://crownwingparrots.co.uk/parrots-for-sale/conures/,0.0,False
https://crownwingparrots.co.uk/locations/edinburgh/,https://crownwingparrots.co.uk/parrots-for-sale/eclectus-parrots/,0.0,False
https://crownwingparrots.co.uk/locations/edinburgh/,https://crownwingparrots.co.uk/parrots-for-sale/large-parrots/,0.0,False
https://crownwingparrots.co.uk/locations/edinburgh/,https://crownwingparrots.co.uk/parrots-for-sale/macaws/,0.0,False
https://crownwingparrots.co.uk/locations/edinburgh/,https://crownwingparrots.co.uk/parrots-for-sale/parakeets-small-parrots/,0.0,False
https://crownwingparrots.co.uk/locations/edinburgh/,https://crownwingparrots.co.uk/parrots-for-sale/talking-parrots/,0.0,False
https://crownwingparrots.co.uk/locations/edinburgh/,https://crownwingparrots.co.uk/parrots/,0.0,False
https://crownwingparrots.co.uk/locations/edinburgh/,https://crownwingparrots.co.uk/parrots/african-parrots/,0.0,False
https://crownwingparrots.co.uk/locations/edinburgh/,https://crownwingparrots.co.uk/parrots/african-parrots/congo-african-grey-parrot/,0.0,False
https://crownwingparrots.co.uk/locations/edinburgh/,https://crownwingparrots.co.uk/parrots/african-parrots/timneh-parrot/,0.0,False
https://crownwingparrots.co.uk/locations/edinburgh/,https://crownwingparrots.co.uk/parrots/amazons/blue-fronted-amazon-parrot/,0.0,False
https://crownwingparrots.co.uk/locations/edinburgh/,https://crownwingparrots.co.uk/parrots/amazons/yellow-naped-amazon-parrot/,0.0,False
https://crownwingparrots.co.uk/locations/edinburgh/,https://crownwingparrots.co.uk/parrots/caiques/,0.0,False
https://crownwingparrots.co.uk/locations/edinburgh/,https://crownwingparrots.co.uk/parrots/caiques/black-headed-caique/,0.0,False
https://crownwingparrots.co.uk/locations/edinburgh/,https://crownwingparrots.co.uk/parrots/caiques/white-bellied-caique/,0.0,False
https://crownwingparrots.co.uk/locations/edinburgh/,https://crownwingparrots.co.uk/parrots/cockatoos/,0.0,False
https://crownwingparrots.co.uk/locations/edinburgh/,https://crownwingparrots.co.uk/parrots/cockatoos/galah-cockatoo/,0.0,False
https://crownwingparrots.co.uk/locations/edinburgh/,https://crownwingparrots.co.uk/parrots/conures/,0.0,False
https://crownwingparrots.co.uk/locations/edinburgh/,https://crownwingparrots.co.uk/parrots/conures/green-cheeked-conure/,0.0,False
https://crownwingparrots.co.uk/locations/edinburgh/,https://crownwingparrots.co.uk/parrots/macaws/,0.0,False
https://crownwingparrots.co.uk/locations/edinburgh/,https://crownwingparrots.co.uk/parrots/macaws/blue-and-gold-macaw/,0.0,False
https://crownwingparrots.co.uk/locations/edinburgh/,https://crownwingparrots.co.uk/parrots/macaws/scarlet-macaw/,0.0,False
https://crownwingparrots.co.uk/locations/edinburgh/,https://crownwingparrots.co.uk/parrots/parakeets-small-psittacines/,0.0,False
https://crownwingparrots.co.uk/locations/edinburgh/,https://crownwingparrots.co.uk/parrots/parakeets-small-psittacines/budgerigar/,0.0,False
https://crownwingparrots.co.uk/locations/edinburgh/,https://crownwingparrots.co.uk/parrots/parakeets-small-psittacines/indian-ringneck-parakeet/,0.0,False
https://crownwingparrots.co.uk/locations/edinburgh/,https://crownwingparrots.co.uk/parrots/parakeets-small-psittacines/peach-faced-lovebird/,0.0,False
https://crownwingparrots.co.uk/locations/edinburgh/,https://crownwingparrots.co.uk/privacy-policy/,0.0,False
https://crownwingparrots.co.uk/locations/glasgow/,https://crownwingparrots.co.uk/our-approach/,0.0,False
https://crownwingparrots.co.uk/locations/glasgow/,https://crownwingparrots.co.uk/parrot-prices-uk/,0.0,False
https://crownwingparrots.co.uk/locations/glasgow/,https://crownwingparrots.co.uk/parrots-for-sale/,0.0,False
https://crownwingparrots.co.uk/locations/glasgow/,https://crownwingparrots.co.uk/parrots-for-sale/african-grey-parrots/,0.0,False
https://crownwingparrots.co.uk/locations/glasgow/,https://crownwingparrots.co.uk/parrots-for-sale/amazon-parrots/,0.0,False
https://crownwingparrots.co.uk/locations/glasgow/,https://crownwingparrots.co.uk/parrots-for-sale/caiques/,0.0,False
https://crownwingparrots.co.uk/locations/glasgow/,https://crownwingparrots.co.uk/parrots-for-sale/cockatoos/,0.0,False
https://crownwingparrots.co.uk/locations/glasgow/,https://crownwingparrots.co.uk/parrots-for-sale/large-parrots/,0.0,False
https://crownwingparrots.co.uk/locations/glasgow/,https://crownwingparrots.co.uk/parrots-for-sale/macaws/,0.0,False
https://crownwingparrots.co.uk/locations/glasgow/,https://crownwingparrots.co.uk/parrots-for-sale/parakeets-small-parrots/,0.0,False
https://crownwingparrots.co.uk/locations/glasgow/,https://crownwingparrots.co.uk/parrots-for-sale/small-parrots/,0.0,False
https://crownwingparrots.co.uk/locations/glasgow/,https://crownwingparrots.co.uk/parrots-for-sale/talking-parrots/,0.0,False
https://crownwingparrots.co.uk/locations/glasgow/,https://crownwingparrots.co.uk/parrots/,0.0,False
https://crownwingparrots.co.uk/locations/glasgow/,https://crownwingparrots.co.uk/parrots/african-parrots/,0.0,False
https://crownwingparrots.co.uk/locations/glasgow/,https://crownwingparrots.co.uk/parrots/african-parrots/timneh-parrot/,0.0,False
https://crownwingparrots.co.uk/locations/glasgow/,https://crownwingparrots.co.uk/parrots/amazons/,0.0,False
https://crownwingparrots.co.uk/locations/glasgow/,https://crownwingparrots.co.uk/parrots/amazons/blue-fronted-amazon-parrot/,0.0,False
https://crownwingparrots.co.uk/locations/glasgow/,https://crownwingparrots.co.uk/parrots/amazons/yellow-naped-amazon-parrot/,0.0,False
https://crownwingparrots.co.uk/locations/glasgow/,https://crownwingparrots.co.uk/parrots/caiques/,0.0,False
https://crownwingparrots.co.uk/locations/glasgow/,https://crownwingparrots.co.uk/parrots/caiques/black-headed-caique/,0.0,False
https://crownwingparrots.co.uk/locations/glasgow/,https://crownwingparrots.co.uk/parrots/caiques/white-bellied-caique/,0.0,False
https://crownwingparrots.co.uk/locations/glasgow/,https://crownwingparrots.co.uk/parrots/cockatoos/,0.0,False
https://crownwingparrots.co.uk/locations/glasgow/,https://crownwingparrots.co.uk/parrots/cockatoos/galah-cockatoo/,0.0,False
https://crownwingparrots.co.uk/locations/glasgow/,https://crownwingparrots.co.uk/parrots/cockatoos/umbrella-cockatoo/,0.0,False
https://crownwingparrots.co.uk/locations/glasgow/,https://crownwingparrots.co.uk/parrots/conures/,0.0,False
https://crownwingparrots.co.uk/locations/glasgow/,https://crownwingparrots.co.uk/parrots/conures/green-cheeked-conure/,0.0,False
https://crownwingparrots.co.uk/locations/glasgow/,https://crownwingparrots.co.uk/parrots/conures/sun-conure/,0.0,False
https://crownwingparrots.co.uk/locations/glasgow/,https://crownwingparrots.co.uk/parrots/eclectus/papuan-eclectus-parrot/,0.0,False
https://crownwingparrots.co.uk/locations/glasgow/,https://crownwingparrots.co.uk/parrots/macaws/,0.0,False
https://crownwingparrots.co.uk/locations/glasgow/,https://crownwingparrots.co.uk/parrots/macaws/blue-and-gold-macaw/,0.0,False
https://crownwingparrots.co.uk/locations/glasgow/,https://crownwingparrots.co.uk/parrots/macaws/scarlet-macaw/,0.0,False
https://crownwingparrots.co.uk/locations/glasgow/,https://crownwingparrots.co.uk/parrots/parakeets-small-psittacines/,0.0,False
https://crownwingparrots.co.uk/locations/glasgow/,https://crownwingparrots.co.uk/parrots/parakeets-small-psittacines/budgerigar/,0.0,False
https://crownwingparrots.co.uk/locations/glasgow/,https://crownwingparrots.co.uk/parrots/parakeets-small-psittacines/indian-ringneck-parakeet/,0.0,False
https://crownwingparrots.co.uk/locations/glasgow/,https://crownwingparrots.co.uk/parrots/parakeets-small-psittacines/peach-faced-lovebird/,0.0,False
https://crownwingparrots.co.uk/locations/glasgow/,https://crownwingparrots.co.uk/privacy-policy/,0.0,False
https://crownwingparrots.co.uk/locations/leeds/,https://crownwingparrots.co.uk/our-approach/,0.0,False
https://crownwingparrots.co.uk/locations/leeds/,https://crownwingparrots.co.uk/parrot-care/,0.0,False
https://crownwingparrots.co.uk/locations/leeds/,https://crownwingparrots.co.uk/parrots-for-sale/,0.0,False
https://crownwingparrots.co.uk/locations/leeds/,https://crownwingparrots.co.uk/parrots-for-sale/african-grey-parrots/,0.0,False
https://crownwingparrots.co.uk/locations/leeds/,https://crownwingparrots.co.uk/parrots-for-sale/caiques/,0.0,False
https://crownwingparrots.co.uk/locations/leeds/,https://crownwingparrots.co.uk/parrots-for-sale/cockatoos/,0.0,False
https://crownwingparrots.co.uk/locations/leeds/,https://crownwingparrots.co.uk/parrots-for-sale/conures/,0.0,False
https://crownwingparrots.co.uk/locations/leeds/,https://crownwingparrots.co.uk/parrots-for-sale/eclectus-parrots/,0.0,False
https://crownwingparrots.co.uk/locations/leeds/,https://crownwingparrots.co.uk/parrots-for-sale/large-parrots/,0.0,False
https://crownwingparrots.co.uk/locations/leeds/,https://crownwingparrots.co.uk/parrots-for-sale/parakeets-small-parrots/,0.0,False
https://crownwingparrots.co.uk/locations/leeds/,https://crownwingparrots.co.uk/parrots-for-sale/small-parrots/,0.0,False
https://crownwingparrots.co.uk/locations/leeds/,https://crownwingparrots.co.uk/parrots-for-sale/talking-parrots/,0.0,False
https://crownwingparrots.co.uk/locations/leeds/,https://crownwingparrots.co.uk/parrots/,0.0,False
https://crownwingparrots.co.uk/locations/leeds/,https://crownwingparrots.co.uk/parrots/african-parrots/,0.0,False
https://crownwingparrots.co.uk/locations/leeds/,https://crownwingparrots.co.uk/parrots/african-parrots/timneh-parrot/,0.0,False
https://crownwingparrots.co.uk/locations/leeds/,https://crownwingparrots.co.uk/parrots/amazons/,0.0,False
https://crownwingparrots.co.uk/locations/leeds/,https://crownwingparrots.co.uk/parrots/amazons/blue-fronted-amazon-parrot/,0.0,False
https://crownwingparrots.co.uk/locations/leeds/,https://crownwingparrots.co.uk/parrots/amazons/yellow-naped-amazon-parrot/,0.0,False
https://crownwingparrots.co.uk/locations/leeds/,https://crownwingparrots.co.uk/parrots/caiques/,0.0,False
https://crownwingparrots.co.uk/locations/leeds/,https://crownwingparrots.co.uk/parrots/caiques/black-headed-caique/,0.0,False
https://crownwingparrots.co.uk/locations/leeds/,https://crownwingparrots.co.uk/parrots/caiques/white-bellied-caique/,0.0,False
https://crownwingparrots.co.uk/locations/leeds/,https://crownwingparrots.co.uk/parrots/cockatoos/,0.0,False
https://crownwingparrots.co.uk/locations/leeds/,https://crownwingparrots.co.uk/parrots/cockatoos/galah-cockatoo/,0.0,False
https://crownwingparrots.co.uk/locations/leeds/,https://crownwingparrots.co.uk/parrots/cockatoos/umbrella-cockatoo/,0.0,False
https://crownwingparrots.co.uk/locations/leeds/,https://crownwingparrots.co.uk/parrots/conures/,0.0,False
https://crownwingparrots.co.uk/locations/leeds/,https://crownwingparrots.co.uk/parrots/conures/green-cheeked-conure/,0.0,False
https://crownwingparrots.co.uk/locations/leeds/,https://crownwingparrots.co.uk/parrots/conures/sun-conure/,0.0,False
https://crownwingparrots.co.uk/locations/leeds/,https://crownwingparrots.co.uk/parrots/eclectus/papuan-eclectus-parrot/,0.0,False
https://crownwingparrots.co.uk/locations/leeds/,https://crownwingparrots.co.uk/parrots/macaws/,0.0,False
https://crownwingparrots.co.uk/locations/leeds/,https://crownwingparrots.co.uk/parrots/macaws/blue-and-gold-macaw/,0.0,False
https://crownwingparrots.co.uk/locations/leeds/,https://crownwingparrots.co.uk/parrots/macaws/scarlet-macaw/,0.0,False
https://crownwingparrots.co.uk/locations/leeds/,https://crownwingparrots.co.uk/parrots/parakeets-small-psittacines/,0.0,False
https://crownwingparrots.co.uk/locations/leeds/,https://crownwingparrots.co.uk/parrots/parakeets-small-psittacines/budgerigar/,0.0,False
https://crownwingparrots.co.uk/locations/leeds/,https://crownwingparrots.co.uk/parrots/parakeets-small-psittacines/indian-ringneck-parakeet/,0.0,False
https://crownwingparrots.co.uk/locations/leeds/,https://crownwingparrots.co.uk/parrots/parakeets-small-psittacines/peach-faced-lovebird/,0.0,False
https://crownwingparrots.co.uk/locations/leeds/,https://crownwingparrots.co.uk/privacy-policy/,0.0,False
https://crownwingparrots.co.uk/locations/liverpool/,https://crownwingparrots.co.uk/our-approach/,0.0,False
https://crownwingparrots.co.uk/locations/liverpool/,https://crownwingparrots.co.uk/parrot-care/,0.0,False
https://crownwingparrots.co.uk/locations/liverpool/,https://crownwingparrots.co.uk/parrot-prices-uk/,0.0,False
https://crownwingparrots.co.uk/locations/liverpool/,https://crownwingparrots.co.uk/parrots-for-sale/amazon-parrots/,0.0,False
https://crownwingparrots.co.uk/locations/liverpool/,https://crownwingparrots.co.uk/parrots-for-sale/caiques/,0.0,False
https://crownwingparrots.co.uk/locations/liverpool/,https://crownwingparrots.co.uk/parrots-for-sale/cockatoos/,0.0,False
https://crownwingparrots.co.uk/locations/liverpool/,https://crownwingparrots.co.uk/parrots-for-sale/large-parrots/,0.0,False
https://crownwingparrots.co.uk/locations/liverpool/,https://crownwingparrots.co.uk/parrots-for-sale/parakeets-small-parrots/,0.0,False
https://crownwingparrots.co.uk/locations/liverpool/,https://crownwingparrots.co.uk/parrots-for-sale/small-parrots/,0.0,False
https://crownwingparrots.co.uk/locations/liverpool/,https://crownwingparrots.co.uk/parrots-for-sale/talking-parrots/,0.0,False
https://crownwingparrots.co.uk/locations/liverpool/,https://crownwingparrots.co.uk/parrots/,0.0,False
https://crownwingparrots.co.uk/locations/liverpool/,https://crownwingparrots.co.uk/parrots/african-parrots/,0.0,False
https://crownwingparrots.co.uk/locations/liverpool/,https://crownwingparrots.co.uk/parrots/african-parrots/congo-african-grey-parrot/,0.0,False
https://crownwingparrots.co.uk/locations/liverpool/,https://crownwingparrots.co.uk/parrots/african-parrots/timneh-parrot/,0.0,False
https://crownwingparrots.co.uk/locations/liverpool/,https://crownwingparrots.co.uk/parrots/amazons/,0.0,False
https://crownwingparrots.co.uk/locations/liverpool/,https://crownwingparrots.co.uk/parrots/amazons/blue-fronted-amazon-parrot/,0.0,False
https://crownwingparrots.co.uk/locations/liverpool/,https://crownwingparrots.co.uk/parrots/amazons/yellow-naped-amazon-parrot/,0.0,False
https://crownwingparrots.co.uk/locations/liverpool/,https://crownwingparrots.co.uk/parrots/caiques/,0.0,False
https://crownwingparrots.co.uk/locations/liverpool/,https://crownwingparrots.co.uk/parrots/caiques/black-headed-caique/,0.0,False
https://crownwingparrots.co.uk/locations/liverpool/,https://crownwingparrots.co.uk/parrots/caiques/white-bellied-caique/,0.0,False
https://crownwingparrots.co.uk/locations/liverpool/,https://crownwingparrots.co.uk/parrots/cockatoos/,0.0,False
https://crownwingparrots.co.uk/locations/liverpool/,https://crownwingparrots.co.uk/parrots/cockatoos/galah-cockatoo/,0.0,False
https://crownwingparrots.co.uk/locations/liverpool/,https://crownwingparrots.co.uk/parrots/cockatoos/umbrella-cockatoo/,0.0,False
https://crownwingparrots.co.uk/locations/liverpool/,https://crownwingparrots.co.uk/parrots/conures/,0.0,False
https://crownwingparrots.co.uk/locations/liverpool/,https://crownwingparrots.co.uk/parrots/conures/green-cheeked-conure/,0.0,False
https://crownwingparrots.co.uk/locations/liverpool/,https://crownwingparrots.co.uk/parrots/conures/sun-conure/,0.0,False
https://crownwingparrots.co.uk/locations/liverpool/,https://crownwingparrots.co.uk/parrots/eclectus/,0.0,False
https://crownwingparrots.co.uk/locations/liverpool/,https://crownwingparrots.co.uk/parrots/eclectus/papuan-eclectus-parrot/,0.0,False
https://crownwingparrots.co.uk/locations/liverpool/,https://crownwingparrots.co.uk/parrots/macaws/,0.0,False
https://crownwingparrots.co.uk/locations/liverpool/,https://crownwingparrots.co.uk/parrots/macaws/blue-and-gold-macaw/,0.0,False
https://crownwingparrots.co.uk/locations/liverpool/,https://crownwingparrots.co.uk/parrots/macaws/scarlet-macaw/,0.0,False
https://crownwingparrots.co.uk/locations/liverpool/,https://crownwingparrots.co.uk/parrots/parakeets-small-psittacines/budgerigar/,0.0,False
https://crownwingparrots.co.uk/locations/liverpool/,https://crownwingparrots.co.uk/parrots/parakeets-small-psittacines/indian-ringneck-parakeet/,0.0,False
https://crownwingparrots.co.uk/locations/liverpool/,https://crownwingparrots.co.uk/parrots/parakeets-small-psittacines/peach-faced-lovebird/,0.0,False
https://crownwingparrots.co.uk/locations/liverpool/,https://crownwingparrots.co.uk/privacy-policy/,0.0,False
https://crownwingparrots.co.uk/locations/london/,https://crownwingparrots.co.uk/our-approach/,0.0,False
https://crownwingparrots.co.uk/locations/london/,https://crownwingparrots.co.uk/parrot-care/,0.0,False
https://crownwingparrots.co.uk/locations/london/,https://crownwingparrots.co.uk/parrot-prices-uk/,0.0,False
https://crownwingparrots.co.uk/locations/london/,https://crownwingparrots.co.uk/parrots-for-sale/,0.0,False
https://crownwingparrots.co.uk/locations/london/,https://crownwingparrots.co.uk/parrots-for-sale/african-grey-parrots/,0.0,False
https://crownwingparrots.co.uk/locations/london/,https://crownwingparrots.co.uk/parrots-for-sale/amazon-parrots/,0.0,False
https://crownwingparrots.co.uk/locations/london/,https://crownwingparrots.co.uk/parrots-for-sale/caiques/,0.0,False
https://crownwingparrots.co.uk/locations/london/,https://crownwingparrots.co.uk/parrots-for-sale/cockatoos/,0.0,False
https://crownwingparrots.co.uk/locations/london/,https://crownwingparrots.co.uk/parrots-for-sale/eclectus-parrots/,0.0,False
https://crownwingparrots.co.uk/locations/london/,https://crownwingparrots.co.uk/parrots-for-sale/large-parrots/,0.0,False
https://crownwingparrots.co.uk/locations/london/,https://crownwingparrots.co.uk/parrots-for-sale/macaws/,0.0,False
https://crownwingparrots.co.uk/locations/london/,https://crownwingparrots.co.uk/parrots-for-sale/parakeets-small-parrots/,0.0,False
https://crownwingparrots.co.uk/locations/london/,https://crownwingparrots.co.uk/parrots-for-sale/small-parrots/,0.0,False
https://crownwingparrots.co.uk/locations/london/,https://crownwingparrots.co.uk/parrots-for-sale/talking-parrots/,0.0,False
https://crownwingparrots.co.uk/locations/london/,https://crownwingparrots.co.uk/parrots/,0.0,False
https://crownwingparrots.co.uk/locations/london/,https://crownwingparrots.co.uk/parrots/african-parrots/,0.0,False
https://crownwingparrots.co.uk/locations/london/,https://crownwingparrots.co.uk/parrots/african-parrots/congo-african-grey-parrot/,0.0,False
https://crownwingparrots.co.uk/locations/london/,https://crownwingparrots.co.uk/parrots/african-parrots/timneh-parrot/,0.0,False
https://crownwingparrots.co.uk/locations/london/,https://crownwingparrots.co.uk/parrots/amazons/,0.0,False
https://crownwingparrots.co.uk/locations/london/,https://crownwingparrots.co.uk/parrots/amazons/blue-fronted-amazon-parrot/,0.0,False
https://crownwingparrots.co.uk/locations/london/,https://crownwingparrots.co.uk/parrots/amazons/yellow-naped-amazon-parrot/,0.0,False
https://crownwingparrots.co.uk/locations/london/,https://crownwingparrots.co.uk/parrots/caiques/,0.0,False
https://crownwingparrots.co.uk/locations/london/,https://crownwingparrots.co.uk/parrots/caiques/black-headed-caique/,0.0,False
https://crownwingparrots.co.uk/locations/london/,https://crownwingparrots.co.uk/parrots/caiques/white-bellied-caique/,0.0,False
https://crownwingparrots.co.uk/locations/london/,https://crownwingparrots.co.uk/parrots/cockatoos/,0.0,False
https://crownwingparrots.co.uk/locations/london/,https://crownwingparrots.co.uk/parrots/cockatoos/galah-cockatoo/,0.0,False
https://crownwingparrots.co.uk/locations/london/,https://crownwingparrots.co.uk/parrots/cockatoos/umbrella-cockatoo/,0.0,False
https://crownwingparrots.co.uk/locations/london/,https://crownwingparrots.co.uk/parrots/conures/,0.0,False
https://crownwingparrots.co.uk/locations/london/,https://crownwingparrots.co.uk/parrots/conures/green-cheeked-conure/,0.0,False
https://crownwingparrots.co.uk/locations/london/,https://crownwingparrots.co.uk/parrots/eclectus/,0.0,False
https://crownwingparrots.co.uk/locations/london/,https://crownwingparrots.co.uk/parrots/eclectus/papuan-eclectus-parrot/,0.0,False
https://crownwingparrots.co.uk/locations/london/,https://crownwingparrots.co.uk/parrots/macaws/,0.0,False
https://crownwingparrots.co.uk/locations/london/,https://crownwingparrots.co.uk/parrots/macaws/blue-and-gold-macaw/,0.0,False
https://crownwingparrots.co.uk/locations/london/,https://crownwingparrots.co.uk/parrots/macaws/scarlet-macaw/,0.0,False
https://crownwingparrots.co.uk/locations/london/,https://crownwingparrots.co.uk/parrots/parakeets-small-psittacines/,0.0,False
https://crownwingparrots.co.uk/locations/london/,https://crownwingparrots.co.uk/parrots/parakeets-small-psittacines/budgerigar/,0.0,False
https://crownwingparrots.co.uk/locations/london/,https://crownwingparrots.co.uk/parrots/parakeets-small-psittacines/indian-ringneck-parakeet/,0.0,False
https://crownwingparrots.co.uk/locations/london/,https://crownwingparrots.co.uk/parrots/parakeets-small-psittacines/peach-faced-lovebird/,0.0,False
https://crownwingparrots.co.uk/locations/london/,https://crownwingparrots.co.uk/privacy-policy/,0.0,False
https://crownwingparrots.co.uk/locations/manchester/,https://crownwingparrots.co.uk/our-approach/,0.0,False
https://crownwingparrots.co.uk/locations/manchester/,https://crownwingparrots.co.uk/parrot-care/,0.0,False
https://crownwingparrots.co.uk/locations/manchester/,https://crownwingparrots.co.uk/parrot-prices-uk/,0.0,False
https://crownwingparrots.co.uk/locations/manchester/,https://crownwingparrots.co.uk/parrots-for-sale/,0.0,False
https://crownwingparrots.co.uk/locations/manchester/,https://crownwingparrots.co.uk/parrots-for-sale/conures/,0.0,False
https://crownwingparrots.co.uk/locations/manchester/,https://crownwingparrots.co.uk/parrots-for-sale/large-parrots/,0.0,False
https://crownwingparrots.co.uk/locations/manchester/,https://crownwingparrots.co.uk/parrots-for-sale/talking-parrots/,0.0,False
https://crownwingparrots.co.uk/locations/manchester/,https://crownwingparrots.co.uk/parrots/,0.0,False
https://crownwingparrots.co.uk/locations/manchester/,https://crownwingparrots.co.uk/parrots/african-parrots/,0.0,False
https://crownwingparrots.co.uk/locations/manchester/,https://crownwingparrots.co.uk/parrots/african-parrots/timneh-parrot/,0.0,False
https://crownwingparrots.co.uk/locations/manchester/,https://crownwingparrots.co.uk/parrots/amazons/,0.0,False
https://crownwingparrots.co.uk/locations/manchester/,https://crownwingparrots.co.uk/parrots/amazons/blue-fronted-amazon-parrot/,0.0,False
https://crownwingparrots.co.uk/locations/manchester/,https://crownwingparrots.co.uk/parrots/amazons/yellow-naped-amazon-parrot/,0.0,False
https://crownwingparrots.co.uk/locations/manchester/,https://crownwingparrots.co.uk/parrots/caiques/,0.0,False
https://crownwingparrots.co.uk/locations/manchester/,https://crownwingparrots.co.uk/parrots/caiques/black-headed-caique/,0.0,False
https://crownwingparrots.co.uk/locations/manchester/,https://crownwingparrots.co.uk/parrots/caiques/white-bellied-caique/,0.0,False
https://crownwingparrots.co.uk/locations/manchester/,https://crownwingparrots.co.uk/parrots/cockatoos/,0.0,False
https://crownwingparrots.co.uk/locations/manchester/,https://crownwingparrots.co.uk/parrots/cockatoos/galah-cockatoo/,0.0,False
https://crownwingparrots.co.uk/locations/manchester/,https://crownwingparrots.co.uk/parrots/conures/,0.0,False
https://crownwingparrots.co.uk/locations/manchester/,https://crownwingparrots.co.uk/parrots/conures/green-cheeked-conure/,0.0,False
https://crownwingparrots.co.uk/locations/manchester/,https://crownwingparrots.co.uk/parrots/macaws/,0.0,False
https://crownwingparrots.co.uk/locations/manchester/,https://crownwingparrots.co.uk/parrots/macaws/blue-and-gold-macaw/,0.0,False
https://crownwingparrots.co.uk/locations/manchester/,https://crownwingparrots.co.uk/parrots/macaws/scarlet-macaw/,0.0,False
https://crownwingparrots.co.uk/locations/manchester/,https://crownwingparrots.co.uk/parrots/parakeets-small-psittacines/budgerigar/,0.0,False
https://crownwingparrots.co.uk/locations/manchester/,https://crownwingparrots.co.uk/parrots/parakeets-small-psittacines/indian-ringneck-parakeet/,0.0,False
https://crownwingparrots.co.uk/locations/manchester/,https://crownwingparrots.co.uk/parrots/parakeets-small-psittacines/peach-faced-lovebird/,0.0,False
https://crownwingparrots.co.uk/locations/manchester/,https://crownwingparrots.co.uk/privacy-policy/,0.0,False
https://crownwingparrots.co.uk/locations/newcastle/,https://crownwingparrots.co.uk/parrot-care/,0.0,False
https://crownwingparrots.co.uk/locations/newcastle/,https://crownwingparrots.co.uk/parrot-prices-uk/,0.0,False
https://crownwingparrots.co.uk/locations/newcastle/,https://crownwingparrots.co.uk/parrots-for-sale/african-grey-parrots/,0.0,False
https://crownwingparrots.co.uk/locations/newcastle/,https://crownwingparrots.co.uk/parrots-for-sale/amazon-parrots/,0.0,False
https://crownwingparrots.co.uk/locations/newcastle/,https://crownwingparrots.co.uk/parrots-for-sale/caiques/,0.0,False
https://crownwingparrots.co.uk/locations/newcastle/,https://crownwingparrots.co.uk/parrots-for-sale/cockatoos/,0.0,False
https://crownwingparrots.co.uk/locations/newcastle/,https://crownwingparrots.co.uk/parrots-for-sale/conures/,0.0,False
https://crownwingparrots.co.uk/locations/newcastle/,https://crownwingparrots.co.uk/parrots-for-sale/eclectus-parrots/,0.0,False
https://crownwingparrots.co.uk/locations/newcastle/,https://crownwingparrots.co.uk/parrots-for-sale/large-parrots/,0.0,False
https://crownwingparrots.co.uk/locations/newcastle/,https://crownwingparrots.co.uk/parrots-for-sale/macaws/,0.0,False
https://crownwingparrots.co.uk/locations/newcastle/,https://crownwingparrots.co.uk/parrots-for-sale/parakeets-small-parrots/,0.0,False
https://crownwingparrots.co.uk/locations/newcastle/,https://crownwingparrots.co.uk/parrots-for-sale/small-parrots/,0.0,False
https://crownwingparrots.co.uk/locations/newcastle/,https://crownwingparrots.co.uk/parrots/,0.0,False
https://crownwingparrots.co.uk/locations/newcastle/,https://crownwingparrots.co.uk/parrots/african-parrots/,0.0,False
https://crownwingparrots.co.uk/locations/newcastle/,https://crownwingparrots.co.uk/parrots/african-parrots/congo-african-grey-parrot/,0.0,False
https://crownwingparrots.co.uk/locations/newcastle/,https://crownwingparrots.co.uk/parrots/african-parrots/timneh-parrot/,0.0,False
https://crownwingparrots.co.uk/locations/newcastle/,https://crownwingparrots.co.uk/parrots/amazons/,0.0,False
https://crownwingparrots.co.uk/locations/newcastle/,https://crownwingparrots.co.uk/parrots/amazons/blue-fronted-amazon-parrot/,0.0,False
https://crownwingparrots.co.uk/locations/newcastle/,https://crownwingparrots.co.uk/parrots/amazons/yellow-naped-amazon-parrot/,0.0,False
https://crownwingparrots.co.uk/locations/newcastle/,https://crownwingparrots.co.uk/parrots/caiques/,0.0,False
https://crownwingparrots.co.uk/locations/newcastle/,https://crownwingparrots.co.uk/parrots/caiques/black-headed-caique/,0.0,False
https://crownwingparrots.co.uk/locations/newcastle/,https://crownwingparrots.co.uk/parrots/cockatoos/,0.0,False
https://crownwingparrots.co.uk/locations/newcastle/,https://crownwingparrots.co.uk/parrots/cockatoos/galah-cockatoo/,0.0,False
https://crownwingparrots.co.uk/locations/newcastle/,https://crownwingparrots.co.uk/parrots/cockatoos/umbrella-cockatoo/,0.0,False
https://crownwingparrots.co.uk/locations/newcastle/,https://crownwingparrots.co.uk/parrots/conures/,0.0,False
https://crownwingparrots.co.uk/locations/newcastle/,https://crownwingparrots.co.uk/parrots/conures/green-cheeked-conure/,0.0,False
https://crownwingparrots.co.uk/locations/newcastle/,https://crownwingparrots.co.uk/parrots/conures/sun-conure/,0.0,False
https://crownwingparrots.co.uk/locations/newcastle/,https://crownwingparrots.co.uk/parrots/eclectus/,0.0,False
https://crownwingparrots.co.uk/locations/newcastle/,https://crownwingparrots.co.uk/parrots/eclectus/papuan-eclectus-parrot/,0.0,False
https://crownwingparrots.co.uk/locations/newcastle/,https://crownwingparrots.co.uk/parrots/macaws/,0.0,False
https://crownwingparrots.co.uk/locations/newcastle/,https://crownwingparrots.co.uk/parrots/macaws/blue-and-gold-macaw/,0.0,False
https://crownwingparrots.co.uk/locations/newcastle/,https://crownwingparrots.co.uk/parrots/macaws/scarlet-macaw/,0.0,False
https://crownwingparrots.co.uk/locations/newcastle/,https://crownwingparrots.co.uk/parrots/parakeets-small-psittacines/,0.0,False
https://crownwingparrots.co.uk/locations/newcastle/,https://crownwingparrots.co.uk/parrots/parakeets-small-psittacines/indian-ringneck-parakeet/,0.0,False
https://crownwingparrots.co.uk/locations/newcastle/,https://crownwingparrots.co.uk/parrots/parakeets-small-psittacines/peach-faced-lovebird/,0.0,False
https://crownwingparrots.co.uk/locations/newcastle/,https://crownwingparrots.co.uk/privacy-policy/,0.0,False
https://crownwingparrots.co.uk/locations/nottingham/,https://crownwingparrots.co.uk/our-approach/,0.0,False
https://crownwingparrots.co.uk/locations/nottingham/,https://crownwingparrots.co.uk/parrot-care/,0.0,False
https://crownwingparrots.co.uk/locations/nottingham/,https://crownwingparrots.co.uk/parrot-prices-uk/,0.0,False
https://crownwingparrots.co.uk/locations/nottingham/,https://crownwingparrots.co.uk/parrots-for-sale/,0.0,False
https://crownwingparrots.co.uk/locations/nottingham/,https://crownwingparrots.co.uk/parrots-for-sale/amazon-parrots/,0.0,False
https://crownwingparrots.co.uk/locations/nottingham/,https://crownwingparrots.co.uk/parrots-for-sale/caiques/,0.0,False
https://crownwingparrots.co.uk/locations/nottingham/,https://crownwingparrots.co.uk/parrots-for-sale/cockatoos/,0.0,False
https://crownwingparrots.co.uk/locations/nottingham/,https://crownwingparrots.co.uk/parrots-for-sale/conures/,0.0,False
https://crownwingparrots.co.uk/locations/nottingham/,https://crownwingparrots.co.uk/parrots-for-sale/eclectus-parrots/,0.0,False
https://crownwingparrots.co.uk/locations/nottingham/,https://crownwingparrots.co.uk/parrots-for-sale/large-parrots/,0.0,False
https://crownwingparrots.co.uk/locations/nottingham/,https://crownwingparrots.co.uk/parrots-for-sale/macaws/,0.0,False
https://crownwingparrots.co.uk/locations/nottingham/,https://crownwingparrots.co.uk/parrots-for-sale/parakeets-small-parrots/,0.0,False
https://crownwingparrots.co.uk/locations/nottingham/,https://crownwingparrots.co.uk/parrots-for-sale/small-parrots/,0.0,False
https://crownwingparrots.co.uk/locations/nottingham/,https://crownwingparrots.co.uk/parrots-for-sale/talking-parrots/,0.0,False
https://crownwingparrots.co.uk/locations/nottingham/,https://crownwingparrots.co.uk/parrots/,0.0,False
https://crownwingparrots.co.uk/locations/nottingham/,https://crownwingparrots.co.uk/parrots/african-parrots/,0.0,False
https://crownwingparrots.co.uk/locations/nottingham/,https://crownwingparrots.co.uk/parrots/african-parrots/congo-african-grey-parrot/,0.0,False
https://crownwingparrots.co.uk/locations/nottingham/,https://crownwingparrots.co.uk/parrots/african-parrots/timneh-parrot/,0.0,False
https://crownwingparrots.co.uk/locations/nottingham/,https://crownwingparrots.co.uk/parrots/amazons/,0.0,False
https://crownwingparrots.co.uk/locations/nottingham/,https://crownwingparrots.co.uk/parrots/amazons/blue-fronted-amazon-parrot/,0.0,False
https://crownwingparrots.co.uk/locations/nottingham/,https://crownwingparrots.co.uk/parrots/amazons/yellow-naped-amazon-parrot/,0.0,False
https://crownwingparrots.co.uk/locations/nottingham/,https://crownwingparrots.co.uk/parrots/caiques/,0.0,False
https://crownwingparrots.co.uk/locations/nottingham/,https://crownwingparrots.co.uk/parrots/caiques/black-headed-caique/,0.0,False
https://crownwingparrots.co.uk/locations/nottingham/,https://crownwingparrots.co.uk/parrots/caiques/white-bellied-caique/,0.0,False
https://crownwingparrots.co.uk/locations/nottingham/,https://crownwingparrots.co.uk/parrots/cockatoos/galah-cockatoo/,0.0,False
https://crownwingparrots.co.uk/locations/nottingham/,https://crownwingparrots.co.uk/parrots/cockatoos/umbrella-cockatoo/,0.0,False
https://crownwingparrots.co.uk/locations/nottingham/,https://crownwingparrots.co.uk/parrots/conures/,0.0,False
https://crownwingparrots.co.uk/locations/nottingham/,https://crownwingparrots.co.uk/parrots/conures/green-cheeked-conure/,0.0,False
https://crownwingparrots.co.uk/locations/nottingham/,https://crownwingparrots.co.uk/parrots/conures/sun-conure/,0.0,False
https://crownwingparrots.co.uk/locations/nottingham/,https://crownwingparrots.co.uk/parrots/eclectus/,0.0,False
https://crownwingparrots.co.uk/locations/nottingham/,https://crownwingparrots.co.uk/parrots/eclectus/papuan-eclectus-parrot/,0.0,False
https://crownwingparrots.co.uk/locations/nottingham/,https://crownwingparrots.co.uk/parrots/macaws/,0.0,False
https://crownwingparrots.co.uk/locations/nottingham/,https://crownwingparrots.co.uk/parrots/macaws/blue-and-gold-macaw/,0.0,False
https://crownwingparrots.co.uk/locations/nottingham/,https://crownwingparrots.co.uk/parrots/macaws/scarlet-macaw/,0.0,False
https://crownwingparrots.co.uk/locations/nottingham/,https://crownwingparrots.co.uk/parrots/parakeets-small-psittacines/,0.0,False
https://crownwingparrots.co.uk/locations/nottingham/,https://crownwingparrots.co.uk/parrots/parakeets-small-psittacines/budgerigar/,0.0,False
https://crownwingparrots.co.uk/locations/nottingham/,https://crownwingparrots.co.uk/parrots/parakeets-small-psittacines/indian-ringneck-parakeet/,0.0,False
https://crownwingparrots.co.uk/locations/nottingham/,https://crownwingparrots.co.uk/parrots/parakeets-small-psittacines/peach-faced-lovebird/,0.0,False
https://crownwingparrots.co.uk/locations/nottingham/,https://crownwingparrots.co.uk/privacy-policy/,0.0,False
https://crownwingparrots.co.uk/locations/sheffield/,https://crownwingparrots.co.uk/our-approach/,0.0,False
https://crownwingparrots.co.uk/locations/sheffield/,https://crownwingparrots.co.uk/parrot-care/,0.0,False
https://crownwingparrots.co.uk/locations/sheffield/,https://crownwingparrots.co.uk/parrot-prices-uk/,0.0,False
https://crownwingparrots.co.uk/locations/sheffield/,https://crownwingparrots.co.uk/parrots-for-sale/,0.0,False
https://crownwingparrots.co.uk/locations/sheffield/,https://crownwingparrots.co.uk/parrots-for-sale/african-grey-parrots/,0.0,False
https://crownwingparrots.co.uk/locations/sheffield/,https://crownwingparrots.co.uk/parrots-for-sale/amazon-parrots/,0.0,False
https://crownwingparrots.co.uk/locations/sheffield/,https://crownwingparrots.co.uk/parrots-for-sale/caiques/,0.0,False
https://crownwingparrots.co.uk/locations/sheffield/,https://crownwingparrots.co.uk/parrots-for-sale/cockatoos/,0.0,False
https://crownwingparrots.co.uk/locations/sheffield/,https://crownwingparrots.co.uk/parrots-for-sale/conures/,0.0,False
https://crownwingparrots.co.uk/locations/sheffield/,https://crownwingparrots.co.uk/parrots-for-sale/eclectus-parrots/,0.0,False
https://crownwingparrots.co.uk/locations/sheffield/,https://crownwingparrots.co.uk/parrots-for-sale/large-parrots/,0.0,False
https://crownwingparrots.co.uk/locations/sheffield/,https://crownwingparrots.co.uk/parrots-for-sale/macaws/,0.0,False
https://crownwingparrots.co.uk/locations/sheffield/,https://crownwingparrots.co.uk/parrots-for-sale/parakeets-small-parrots/,0.0,False
https://crownwingparrots.co.uk/locations/sheffield/,https://crownwingparrots.co.uk/parrots-for-sale/small-parrots/,0.0,False
https://crownwingparrots.co.uk/locations/sheffield/,https://crownwingparrots.co.uk/parrots-for-sale/talking-parrots/,0.0,False
https://crownwingparrots.co.uk/locations/sheffield/,https://crownwingparrots.co.uk/parrots/,0.0,False
https://crownwingparrots.co.uk/locations/sheffield/,https://crownwingparrots.co.uk/parrots/african-parrots/,0.0,False
https://crownwingparrots.co.uk/locations/sheffield/,https://crownwingparrots.co.uk/parrots/african-parrots/congo-african-grey-parrot/,0.0,False
https://crownwingparrots.co.uk/locations/sheffield/,https://crownwingparrots.co.uk/parrots/african-parrots/timneh-parrot/,0.0,False
https://crownwingparrots.co.uk/locations/sheffield/,https://crownwingparrots.co.uk/parrots/amazons/,0.0,False
https://crownwingparrots.co.uk/locations/sheffield/,https://crownwingparrots.co.uk/parrots/amazons/yellow-naped-amazon-parrot/,0.0,False
https://crownwingparrots.co.uk/locations/sheffield/,https://crownwingparrots.co.uk/parrots/caiques/,0.0,False
https://crownwingparrots.co.uk/locations/sheffield/,https://crownwingparrots.co.uk/parrots/caiques/black-headed-caique/,0.0,False
https://crownwingparrots.co.uk/locations/sheffield/,https://crownwingparrots.co.uk/parrots/caiques/white-bellied-caique/,0.0,False
https://crownwingparrots.co.uk/locations/sheffield/,https://crownwingparrots.co.uk/parrots/cockatoos/,0.0,False
https://crownwingparrots.co.uk/locations/sheffield/,https://crownwingparrots.co.uk/parrots/cockatoos/galah-cockatoo/,0.0,False
https://crownwingparrots.co.uk/locations/sheffield/,https://crownwingparrots.co.uk/parrots/cockatoos/umbrella-cockatoo/,0.0,False
https://crownwingparrots.co.uk/locations/sheffield/,https://crownwingparrots.co.uk/parrots/conures/,0.0,False
https://crownwingparrots.co.uk/locations/sheffield/,https://crownwingparrots.co.uk/parrots/conures/green-cheeked-conure/,0.0,False
https://crownwingparrots.co.uk/locations/sheffield/,https://crownwingparrots.co.uk/parrots/eclectus/,0.0,False
https://crownwingparrots.co.uk/locations/sheffield/,https://crownwingparrots.co.uk/parrots/eclectus/papuan-eclectus-parrot/,0.0,False
https://crownwingparrots.co.uk/locations/sheffield/,https://crownwingparrots.co.uk/parrots/macaws/,0.0,False
https://crownwingparrots.co.uk/locations/sheffield/,https://crownwingparrots.co.uk/parrots/macaws/blue-and-gold-macaw/,0.0,False
https://crownwingparrots.co.uk/locations/sheffield/,https://crownwingparrots.co.uk/parrots/macaws/scarlet-macaw/,0.0,False
https://crownwingparrots.co.uk/locations/sheffield/,https://crownwingparrots.co.uk/parrots/parakeets-small-psittacines/,0.0,False
https://crownwingparrots.co.uk/locations/sheffield/,https://crownwingparrots.co.uk/parrots/parakeets-small-psittacines/budgerigar/,0.0,False
https://crownwingparrots.co.uk/locations/sheffield/,https://crownwingparrots.co.uk/parrots/parakeets-small-psittacines/indian-ringneck-parakeet/,0.0,False
https://crownwingparrots.co.uk/locations/sheffield/,https://crownwingparrots.co.uk/parrots/parakeets-small-psittacines/peach-faced-lovebird/,0.0,False
https://crownwingparrots.co.uk/locations/sheffield/,https://crownwingparrots.co.uk/privacy-policy/,0.0,False
https://crownwingparrots.co.uk/our-approach/,https://crownwingparrots.co.uk/parrot-care/,0.0,False
https://crownwingparrots.co.uk/our-approach/,https://crownwingparrots.co.uk/parrot-prices-uk/,0.0,False
https://crownwingparrots.co.uk/our-approach/,https://crownwingparrots.co.uk/parrots-for-sale/african-grey-parrots/,0.0,False
https://crownwingparrots.co.uk/our-approach/,https://crownwingparrots.co.uk/parrots-for-sale/amazon-parrots/,0.0,False
https://crownwingparrots.co.uk/our-approach/,https://crownwingparrots.co.uk/parrots-for-sale/caiques/,0.0,False
https://crownwingparrots.co.uk/our-approach/,https://crownwingparrots.co.uk/parrots-for-sale/cockatoos/,0.0,False
https://crownwingparrots.co.uk/our-approach/,https://crownwingparrots.co.uk/parrots-for-sale/conures/,0.0,False
https://crownwingparrots.co.uk/our-approach/,https://crownwingparrots.co.uk/parrots-for-sale/eclectus-parrots/,0.0,False
https://crownwingparrots.co.uk/our-approach/,https://crownwingparrots.co.uk/parrots-for-sale/large-parrots/,0.0,False
https://crownwingparrots.co.uk/our-approach/,https://crownwingparrots.co.uk/parrots-for-sale/macaws/,0.0,False
https://crownwingparrots.co.uk/our-approach/,https://crownwingparrots.co.uk/parrots-for-sale/parakeets-small-parrots/,0.0,False
https://crownwingparrots.co.uk/our-approach/,https://crownwingparrots.co.uk/parrots-for-sale/talking-parrots/,0.0,False
https://crownwingparrots.co.uk/our-approach/,https://crownwingparrots.co.uk/parrots/,0.0,False
https://crownwingparrots.co.uk/our-approach/,https://crownwingparrots.co.uk/parrots/african-parrots/,0.0,False
https://crownwingparrots.co.uk/our-approach/,https://crownwingparrots.co.uk/parrots/african-parrots/congo-african-grey-parrot/,0.0,False
https://crownwingparrots.co.uk/our-approach/,https://crownwingparrots.co.uk/parrots/african-parrots/timneh-parrot/,0.0,False
https://crownwingparrots.co.uk/our-approach/,https://crownwingparrots.co.uk/parrots/amazons/,0.0,False
https://crownwingparrots.co.uk/our-approach/,https://crownwingparrots.co.uk/parrots/amazons/blue-fronted-amazon-parrot/,0.0,False
https://crownwingparrots.co.uk/our-approach/,https://crownwingparrots.co.uk/parrots/amazons/yellow-naped-amazon-parrot/,0.0,False
https://crownwingparrots.co.uk/our-approach/,https://crownwingparrots.co.uk/parrots/caiques/,0.0,False
https://crownwingparrots.co.uk/our-approach/,https://crownwingparrots.co.uk/parrots/caiques/black-headed-caique/,0.0,False
https://crownwingparrots.co.uk/our-approach/,https://crownwingparrots.co.uk/parrots/caiques/white-bellied-caique/,0.0,False
https://crownwingparrots.co.uk/our-approach/,https://crownwingparrots.co.uk/parrots/cockatoos/,0.0,False
https://crownwingparrots.co.uk/our-approach/,https://crownwingparrots.co.uk/parrots/cockatoos/galah-cockatoo/,0.0,False
https://crownwingparrots.co.uk/our-approach/,https://crownwingparrots.co.uk/parrots/cockatoos/umbrella-cockatoo/,0.0,False
https://crownwingparrots.co.uk/our-approach/,https://crownwingparrots.co.uk/parrots/conures/,0.0,False
https://crownwingparrots.co.uk/our-approach/,https://crownwingparrots.co.uk/parrots/conures/green-cheeked-conure/,0.0,False
https://crownwingparrots.co.uk/our-approach/,https://crownwingparrots.co.uk/parrots/conures/sun-conure/,0.0,False
https://crownwingparrots.co.uk/our-approach/,https://crownwingparrots.co.uk/parrots/eclectus/,0.0,False
https://crownwingparrots.co.uk/our-approach/,https://crownwingparrots.co.uk/parrots/eclectus/papuan-eclectus-parrot/,0.0,False
https://crownwingparrots.co.uk/our-approach/,https://crownwingparrots.co.uk/parrots/macaws/,0.0,False
https://crownwingparrots.co.uk/our-approach/,https://crownwingparrots.co.uk/parrots/macaws/blue-and-gold-macaw/,0.0,False
https://crownwingparrots.co.uk/our-approach/,https://crownwingparrots.co.uk/parrots/macaws/scarlet-macaw/,0.0,False
https://crownwingparrots.co.uk/our-approach/,https://crownwingparrots.co.uk/parrots/parakeets-small-psittacines/,0.0,False
https://crownwingparrots.co.uk/our-approach/,https://crownwingparrots.co.uk/parrots/parakeets-small-psittacines/indian-ringneck-parakeet/,0.0,False
https://crownwingparrots.co.uk/our-approach/,https://crownwingparrots.co.uk/parrots/parakeets-small-psittacines/peach-faced-lovebird/,0.0,False
https://crownwingparrots.co.uk/our-approach/,https://crownwingparrots.co.uk/privacy-policy/,0.0,False
https://crownwingparrots.co.uk/parrot-care/,https://crownwingparrots.co.uk/parrots-for-sale/,0.0,False
https://crownwingparrots.co.uk/parrot-care/,https://crownwingparrots.co.uk/parrots-for-sale/african-grey-parrots/,0.0,False
https://crownwingparrots.co.uk/parrot-care/,https://crownwingparrots.co.uk/parrots-for-sale/caiques/,0.0,False
https://crownwingparrots.co.uk/parrot-care/,https://crownwingparrots.co.uk/parrots-for-sale/cockatoos/,0.0,False
https://crownwingparrots.co.uk/parrot-care/,https://crownwingparrots.co.uk/parrots-for-sale/conures/,0.0,False
https://crownwingparrots.co.uk/parrot-care/,https://crownwingparrots.co.uk/parrots-for-sale/eclectus-parrots/,0.0,False
https://crownwingparrots.co.uk/parrot-care/,https://crownwingparrots.co.uk/parrots-for-sale/large-parrots/,0.0,False
https://crownwingparrots.co.uk/parrot-care/,https://crownwingparrots.co.uk/parrots-for-sale/macaws/,0.0,False
https://crownwingparrots.co.uk/parrot-care/,https://crownwingparrots.co.uk/parrots-for-sale/parakeets-small-parrots/,0.0,False
https://crownwingparrots.co.uk/parrot-care/,https://crownwingparrots.co.uk/parrots-for-sale/small-parrots/,0.0,False
https://crownwingparrots.co.uk/parrot-care/,https://crownwingparrots.co.uk/parrots-for-sale/talking-parrots/,0.0,False
https://crownwingparrots.co.uk/parrot-care/,https://crownwingparrots.co.uk/parrots/,0.0,False
https://crownwingparrots.co.uk/parrot-care/,https://crownwingparrots.co.uk/parrots/african-parrots/,0.0,False
https://crownwingparrots.co.uk/parrot-care/,https://crownwingparrots.co.uk/parrots/african-parrots/congo-african-grey-parrot/,0.0,False
https://crownwingparrots.co.uk/parrot-care/,https://crownwingparrots.co.uk/parrots/african-parrots/timneh-parrot/,0.0,False
https://crownwingparrots.co.uk/parrot-care/,https://crownwingparrots.co.uk/parrots/amazons/,0.0,False
https://crownwingparrots.co.uk/parrot-care/,https://crownwingparrots.co.uk/parrots/amazons/blue-fronted-amazon-parrot/,0.0,False
https://crownwingparrots.co.uk/parrot-care/,https://crownwingparrots.co.uk/parrots/amazons/yellow-naped-amazon-parrot/,0.0,False
https://crownwingparrots.co.uk/parrot-care/,https://crownwingparrots.co.uk/parrots/caiques/,0.0,False
https://crownwingparrots.co.uk/parrot-care/,https://crownwingparrots.co.uk/parrots/caiques/black-headed-caique/,0.0,False
https://crownwingparrots.co.uk/parrot-care/,https://crownwingparrots.co.uk/parrots/caiques/white-bellied-caique/,0.0,False
https://crownwingparrots.co.uk/parrot-care/,https://crownwingparrots.co.uk/parrots/cockatoos/,0.0,False
https://crownwingparrots.co.uk/parrot-care/,https://crownwingparrots.co.uk/parrots/cockatoos/galah-cockatoo/,0.0,False
https://crownwingparrots.co.uk/parrot-care/,https://crownwingparrots.co.uk/parrots/cockatoos/umbrella-cockatoo/,0.0,False
https://crownwingparrots.co.uk/parrot-care/,https://crownwingparrots.co.uk/parrots/conures/,0.0,False
https://crownwingparrots.co.uk/parrot-care/,https://crownwingparrots.co.uk/parrots/conures/green-cheeked-conure/,0.0,False
https://crownwingparrots.co.uk/parrot-care/,https://crownwingparrots.co.uk/parrots/conures/sun-conure/,0.0,False
https://crownwingparrots.co.uk/parrot-care/,https://crownwingparrots.co.uk/parrots/eclectus/,0.0,False
https://crownwingparrots.co.uk/parrot-care/,https://crownwingparrots.co.uk/parrots/eclectus/papuan-eclectus-parrot/,0.0,False
https://crownwingparrots.co.uk/parrot-care/,https://crownwingparrots.co.uk/parrots/macaws/,0.0,False
https://crownwingparrots.co.uk/parrot-care/,https://crownwingparrots.co.uk/parrots/macaws/blue-and-gold-macaw/,0.0,False
https://crownwingparrots.co.uk/parrot-care/,https://crownwingparrots.co.uk/parrots/macaws/scarlet-macaw/,0.0,False
https://crownwingparrots.co.uk/parrot-care/,https://crownwingparrots.co.uk/parrots/parakeets-small-psittacines/,0.0,False
https://crownwingparrots.co.uk/parrot-care/,https://crownwingparrots.co.uk/parrots/parakeets-small-psittacines/budgerigar/,0.0,False
https://crownwingparrots.co.uk/parrot-care/,https://crownwingparrots.co.uk/parrots/parakeets-small-psittacines/indian-ringneck-parakeet/,0.0,False
https://crownwingparrots.co.uk/parrot-care/,https://crownwingparrots.co.uk/parrots/parakeets-small-psittacines/peach-faced-lovebird/,0.0,False
https://crownwingparrots.co.uk/parrot-care/,https://crownwingparrots.co.uk/privacy-policy/,0.0,False
https://crownwingparrots.co.uk/parrot-prices-uk/,https://crownwingparrots.co.uk/parrots-for-sale/,0.0,False
https://crownwingparrots.co.uk/parrot-prices-uk/,https://crownwingparrots.co.uk/parrots-for-sale/african-grey-parrots/,0.0,False
https://crownwingparrots.co.uk/parrot-prices-uk/,https://crownwingparrots.co.uk/parrots-for-sale/caiques/,0.0,False
https://crownwingparrots.co.uk/parrot-prices-uk/,https://crownwingparrots.co.uk/parrots-for-sale/cockatoos/,0.0,False
https://crownwingparrots.co.uk/parrot-prices-uk/,https://crownwingparrots.co.uk/parrots-for-sale/conures/,0.0,False
https://crownwingparrots.co.uk/parrot-prices-uk/,https://crownwingparrots.co.uk/parrots-for-sale/eclectus-parrots/,0.0,False
https://crownwingparrots.co.uk/parrot-prices-uk/,https://crownwingparrots.co.uk/parrots-for-sale/large-parrots/,0.0,False
https://crownwingparrots.co.uk/parrot-prices-uk/,https://crownwingparrots.co.uk/parrots-for-sale/macaws/,0.0,False
https://crownwingparrots.co.uk/parrot-prices-uk/,https://crownwingparrots.co.uk/parrots-for-sale/parakeets-small-parrots/,0.0,False
https://crownwingparrots.co.uk/parrot-prices-uk/,https://crownwingparrots.co.uk/parrots-for-sale/small-parrots/,0.0,False
https://crownwingparrots.co.uk/parrot-prices-uk/,https://crownwingparrots.co.uk/parrots-for-sale/talking-parrots/,0.0,False
https://crownwingparrots.co.uk/parrot-prices-uk/,https://crownwingparrots.co.uk/parrots/,0.0,False
https://crownwingparrots.co.uk/parrot-prices-uk/,https://crownwingparrots.co.uk/parrots/african-parrots/,0.0,False
https://crownwingparrots.co.uk/parrot-prices-uk/,https://crownwingparrots.co.uk/parrots/african-parrots/congo-african-grey-parrot/,0.0,False
https://crownwingparrots.co.uk/parrot-prices-uk/,https://crownwingparrots.co.uk/parrots/african-parrots/timneh-parrot/,0.0,False
https://crownwingparrots.co.uk/parrot-prices-uk/,https://crownwingparrots.co.uk/parrots/amazons/,0.0,False
https://crownwingparrots.co.uk/parrot-prices-uk/,https://crownwingparrots.co.uk/parrots/amazons/blue-fronted-amazon-parrot/,0.0,False
https://crownwingparrots.co.uk/parrot-prices-uk/,https://crownwingparrots.co.uk/parrots/amazons/yellow-naped-amazon-parrot/,0.0,False
https://crownwingparrots.co.uk/parrot-prices-uk/,https://crownwingparrots.co.uk/parrots/caiques/,0.0,False
https://crownwingparrots.co.uk/parrot-prices-uk/,https://crownwingparrots.co.uk/parrots/caiques/black-headed-caique/,0.0,False
https://crownwingparrots.co.uk/parrot-prices-uk/,https://crownwingparrots.co.uk/parrots/caiques/white-bellied-caique/,0.0,False
https://crownwingparrots.co.uk/parrot-prices-uk/,https://crownwingparrots.co.uk/parrots/cockatoos/,0.0,False
https://crownwingparrots.co.uk/parrot-prices-uk/,https://crownwingparrots.co.uk/parrots/cockatoos/galah-cockatoo/,0.0,False
https://crownwingparrots.co.uk/parrot-prices-uk/,https://crownwingparrots.co.uk/parrots/cockatoos/umbrella-cockatoo/,0.0,False
https://crownwingparrots.co.uk/parrot-prices-uk/,https://crownwingparrots.co.uk/parrots/conures/,0.0,False
https://crownwingparrots.co.uk/parrot-prices-uk/,https://crownwingparrots.co.uk/parrots/conures/green-cheeked-conure/,0.0,False
https://crownwingparrots.co.uk/parrot-prices-uk/,https://crownwingparrots.co.uk/parrots/conures/sun-conure/,0.0,False
https://crownwingparrots.co.uk/parrot-prices-uk/,https://crownwingparrots.co.uk/parrots/eclectus/,0.0,False
https://crownwingparrots.co.uk/parrot-prices-uk/,https://crownwingparrots.co.uk/parrots/eclectus/papuan-eclectus-parrot/,0.0,False
https://crownwingparrots.co.uk/parrot-prices-uk/,https://crownwingparrots.co.uk/parrots/macaws/,0.0,False
https://crownwingparrots.co.uk/parrot-prices-uk/,https://crownwingparrots.co.uk/parrots/macaws/blue-and-gold-macaw/,0.0,False
https://crownwingparrots.co.uk/parrot-prices-uk/,https://crownwingparrots.co.uk/parrots/macaws/scarlet-macaw/,0.0,False
https://crownwingparrots.co.uk/parrot-prices-uk/,https://crownwingparrots.co.uk/parrots/parakeets-small-psittacines/,0.0,False
https://crownwingparrots.co.uk/parrot-prices-uk/,https://crownwingparrots.co.uk/parrots/parakeets-small-psittacines/budgerigar/,0.0,False
https://crownwingparrots.co.uk/parrot-prices-uk/,https://crownwingparrots.co.uk/parrots/parakeets-small-psittacines/indian-ringneck-parakeet/,0.0,False
https://crownwingparrots.co.uk/parrot-prices-uk/,https://crownwingparrots.co.uk/parrots/parakeets-small-psittacines/peach-faced-lovebird/,0.0,False
https://crownwingparrots.co.uk/parrot-prices-uk/,https://crownwingparrots.co.uk/privacy-policy/,0.0,False
https://crownwingparrots.co.uk/parrots-for-sale/,https://crownwingparrots.co.uk/parrots-for-sale/large-parrots/,0.0,False
https://crownwingparrots.co.uk/parrots-for-sale/,https://crownwingparrots.co.uk/parrots-for-sale/small-parrots/,0.0,False
https://crownwingparrots.co.uk/parrots-for-sale/,https://crownwingparrots.co.uk/parrots-for-sale/talking-parrots/,0.0,False
https://crownwingparrots.co.uk/parrots-for-sale/,https://crownwingparrots.co.uk/parrots/,0.0,False
https://crownwingparrots.co.uk/parrots-for-sale/,https://crownwingparrots.co.uk/parrots/african-parrots/,0.0,False
https://crownwingparrots.co.uk/parrots-for-sale/,https://crownwingparrots.co.uk/parrots/african-parrots/congo-african-grey-parrot/,0.0,False
https://crownwingparrots.co.uk/parrots-for-sale/,https://crownwingparrots.co.uk/parrots/african-parrots/timneh-parrot/,0.0,False
https://crownwingparrots.co.uk/parrots-for-sale/,https://crownwingparrots.co.uk/parrots/amazons/,0.0,False
https://crownwingparrots.co.uk/parrots-for-sale/,https://crownwingparrots.co.uk/parrots/amazons/blue-fronted-amazon-parrot/,0.0,False
https://crownwingparrots.co.uk/parrots-for-sale/,https://crownwingparrots.co.uk/parrots/amazons/yellow-naped-amazon-parrot/,0.0,False
https://crownwingparrots.co.uk/parrots-for-sale/,https://crownwingparrots.co.uk/parrots/caiques/,0.0,False
https://crownwingparrots.co.uk/parrots-for-sale/,https://crownwingparrots.co.uk/parrots/caiques/black-headed-caique/,0.0,False
https://crownwingparrots.co.uk/parrots-for-sale/,https://crownwingparrots.co.uk/parrots/caiques/white-bellied-caique/,0.0,False
https://crownwingparrots.co.uk/parrots-for-sale/,https://crownwingparrots.co.uk/parrots/cockatoos/,0.0,False
https://crownwingparrots.co.uk/parrots-for-sale/,https://crownwingparrots.co.uk/parrots/cockatoos/galah-cockatoo/,0.0,False
https://crownwingparrots.co.uk/parrots-for-sale/,https://crownwingparrots.co.uk/parrots/cockatoos/umbrella-cockatoo/,0.0,False
https://crownwingparrots.co.uk/parrots-for-sale/,https://crownwingparrots.co.uk/parrots/conures/,0.0,False
https://crownwingparrots.co.uk/parrots-for-sale/,https://crownwingparrots.co.uk/parrots/conures/green-cheeked-conure/,0.0,False
https://crownwingparrots.co.uk/parrots-for-sale/,https://crownwingparrots.co.uk/parrots/conures/sun-conure/,0.0,False
https://crownwingparrots.co.uk/parrots-for-sale/,https://crownwingparrots.co.uk/parrots/eclectus/,0.0,False
https://crownwingparrots.co.uk/parrots-for-sale/,https://crownwingparrots.co.uk/parrots/eclectus/papuan-eclectus-parrot/,0.0,False
https://crownwingparrots.co.uk/parrots-for-sale/,https://crownwingparrots.co.uk/parrots/macaws/,0.0,False
https://crownwingparrots.co.uk/parrots-for-sale/,https://crownwingparrots.co.uk/parrots/macaws/blue-and-gold-macaw/,0.0,False
https://crownwingparrots.co.uk/parrots-for-sale/,https://crownwingparrots.co.uk/parrots/macaws/scarlet-macaw/,0.0,False
https://crownwingparrots.co.uk/parrots-for-sale/,https://crownwingparrots.co.uk/parrots/parakeets-small-psittacines/,0.0,False
https://crownwingparrots.co.uk/parrots-for-sale/,https://crownwingparrots.co.uk/parrots/parakeets-small-psittacines/budgerigar/,0.0,False
https://crownwingparrots.co.uk/parrots-for-sale/,https://crownwingparrots.co.uk/parrots/parakeets-small-psittacines/indian-ringneck-parakeet/,0.0,False
https://crownwingparrots.co.uk/parrots-for-sale/,https://crownwingparrots.co.uk/parrots/parakeets-small-psittacines/peach-faced-lovebird/,0.0,False
https://crownwingparrots.co.uk/parrots-for-sale/,https://crownwingparrots.co.uk/privacy-policy/,0.0,False
https://crownwingparrots.co.uk/parrots-for-sale/african-grey-parrots/,https://crownwingparrots.co.uk/parrots/,0.0,False
https://crownwingparrots.co.uk/parrots-for-sale/african-grey-parrots/,https://crownwingparrots.co.uk/parrots/african-parrots/congo-african-grey-parrot/,0.0,False
https://crownwingparrots.co.uk/parrots-for-sale/african-grey-parrots/,https://crownwingparrots.co.uk/parrots/african-parrots/timneh-parrot/,0.0,False
https://crownwingparrots.co.uk/parrots-for-sale/african-grey-parrots/,https://crownwingparrots.co.uk/parrots/amazons/blue-fronted-amazon-parrot/,0.0,False
https://crownwingparrots.co.uk/parrots-for-sale/african-grey-parrots/,https://crownwingparrots.co.uk/parrots/amazons/yellow-naped-amazon-parrot/,0.0,False
https://crownwingparrots.co.uk/parrots-for-sale/african-grey-parrots/,https://crownwingparrots.co.uk/parrots/caiques/black-headed-caique/,0.0,False
https://crownwingparrots.co.uk/parrots-for-sale/african-grey-parrots/,https://crownwingparrots.co.uk/parrots/caiques/white-bellied-caique/,0.0,False
https://crownwingparrots.co.uk/parrots-for-sale/african-grey-parrots/,https://crownwingparrots.co.uk/parrots/cockatoos/galah-cockatoo/,0.0,False
https://crownwingparrots.co.uk/parrots-for-sale/african-grey-parrots/,https://crownwingparrots.co.uk/parrots/cockatoos/umbrella-cockatoo/,0.0,False
https://crownwingparrots.co.uk/parrots-for-sale/african-grey-parrots/,https://crownwingparrots.co.uk/parrots/conures/sun-conure/,0.0,False
https://crownwingparrots.co.uk/parrots-for-sale/african-grey-parrots/,https://crownwingparrots.co.uk/parrots/eclectus/papuan-eclectus-parrot/,0.0,False
https://crownwingparrots.co.uk/parrots-for-sale/african-grey-parrots/,https://crownwingparrots.co.uk/parrots/macaws/blue-and-gold-macaw/,0.0,False
https://crownwingparrots.co.uk/parrots-for-sale/african-grey-parrots/,https://crownwingparrots.co.uk/parrots/macaws/scarlet-macaw/,0.0,False
https://crownwingparrots.co.uk/parrots-for-sale/african-grey-parrots/,https://crownwingparrots.co.uk/parrots/parakeets-small-psittacines/budgerigar/,0.0,False
https://crownwingparrots.co.uk/parrots-for-sale/african-grey-parrots/,https://crownwingparrots.co.uk/parrots/parakeets-small-psittacines/indian-ringneck-parakeet/,0.0,False
https://crownwingparrots.co.uk/parrots-for-sale/african-grey-parrots/,https://crownwingparrots.co.uk/parrots/parakeets-small-psittacines/peach-faced-lovebird/,0.0,False
https://crownwingparrots.co.uk/parrots-for-sale/african-grey-parrots/,https://crownwingparrots.co.uk/privacy-policy/,0.0,False
https://crownwingparrots.co.uk/parrots-for-sale/amazon-parrots/,https://crownwingparrots.co.uk/parrots/,0.0,False
https://crownwingparrots.co.uk/parrots-for-sale/amazon-parrots/,https://crownwingparrots.co.uk/parrots/african-parrots/congo-african-grey-parrot/,0.0,False
https://crownwingparrots.co.uk/parrots-for-sale/amazon-parrots/,https://crownwingparrots.co.uk/parrots/african-parrots/timneh-parrot/,0.0,False
https://crownwingparrots.co.uk/parrots-for-sale/amazon-parrots/,https://crownwingparrots.co.uk/parrots/amazons/yellow-naped-amazon-parrot/,0.0,False
https://crownwingparrots.co.uk/parrots-for-sale/amazon-parrots/,https://crownwingparrots.co.uk/parrots/caiques/black-headed-caique/,0.0,False
https://crownwingparrots.co.uk/parrots-for-sale/amazon-parrots/,https://crownwingparrots.co.uk/parrots/caiques/white-bellied-caique/,0.0,False
https://crownwingparrots.co.uk/parrots-for-sale/amazon-parrots/,https://crownwingparrots.co.uk/parrots/cockatoos/galah-cockatoo/,0.0,False
https://crownwingparrots.co.uk/parrots-for-sale/amazon-parrots/,https://crownwingparrots.co.uk/parrots/cockatoos/umbrella-cockatoo/,0.0,False
https://crownwingparrots.co.uk/parrots-for-sale/amazon-parrots/,https://crownwingparrots.co.uk/parrots/conures/sun-conure/,0.0,False
https://crownwingparrots.co.uk/parrots-for-sale/amazon-parrots/,https://crownwingparrots.co.uk/parrots/eclectus/papuan-eclectus-parrot/,0.0,False
https://crownwingparrots.co.uk/parrots-for-sale/amazon-parrots/,https://crownwingparrots.co.uk/parrots/macaws/blue-and-gold-macaw/,0.0,False
https://crownwingparrots.co.uk/parrots-for-sale/amazon-parrots/,https://crownwingparrots.co.uk/parrots/macaws/scarlet-macaw/,0.0,False
https://crownwingparrots.co.uk/parrots-for-sale/amazon-parrots/,https://crownwingparrots.co.uk/parrots/parakeets-small-psittacines/budgerigar/,0.0,False
https://crownwingparrots.co.uk/parrots-for-sale/amazon-parrots/,https://crownwingparrots.co.uk/parrots/parakeets-small-psittacines/indian-ringneck-parakeet/,0.0,False
https://crownwingparrots.co.uk/parrots-for-sale/amazon-parrots/,https://crownwingparrots.co.uk/parrots/parakeets-small-psittacines/peach-faced-lovebird/,0.0,False
https://crownwingparrots.co.uk/parrots-for-sale/amazon-parrots/,https://crownwingparrots.co.uk/privacy-policy/,0.0,False
https://crownwingparrots.co.uk/parrots-for-sale/caiques/,https://crownwingparrots.co.uk/parrots/,0.0,False
https://crownwingparrots.co.uk/parrots-for-sale/caiques/,https://crownwingparrots.co.uk/parrots/african-parrots/congo-african-grey-parrot/,0.0,False
https://crownwingparrots.co.uk/parrots-for-sale/caiques/,https://crownwingparrots.co.uk/parrots/african-parrots/timneh-parrot/,0.0,False
https://crownwingparrots.co.uk/parrots-for-sale/caiques/,https://crownwingparrots.co.uk/parrots/amazons/blue-fronted-amazon-parrot/,0.0,False
https://crownwingparrots.co.uk/parrots-for-sale/caiques/,https://crownwingparrots.co.uk/parrots/amazons/yellow-naped-amazon-parrot/,0.0,False
https://crownwingparrots.co.uk/parrots-for-sale/caiques/,https://crownwingparrots.co.uk/parrots/caiques/black-headed-caique/,0.0,False
https://crownwingparrots.co.uk/parrots-for-sale/caiques/,https://crownwingparrots.co.uk/parrots/cockatoos/umbrella-cockatoo/,0.0,False
https://crownwingparrots.co.uk/parrots-for-sale/caiques/,https://crownwingparrots.co.uk/parrots/conures/green-cheeked-conure/,0.0,False
https://crownwingparrots.co.uk/parrots-for-sale/caiques/,https://crownwingparrots.co.uk/parrots/conures/sun-conure/,0.0,False
https://crownwingparrots.co.uk/parrots-for-sale/caiques/,https://crownwingparrots.co.uk/parrots/eclectus/papuan-eclectus-parrot/,0.0,False
https://crownwingparrots.co.uk/parrots-for-sale/caiques/,https://crownwingparrots.co.uk/parrots/macaws/blue-and-gold-macaw/,0.0,False
https://crownwingparrots.co.uk/parrots-for-sale/caiques/,https://crownwingparrots.co.uk/parrots/macaws/scarlet-macaw/,0.0,False
https://crownwingparrots.co.uk/parrots-for-sale/caiques/,https://crownwingparrots.co.uk/parrots/parakeets-small-psittacines/budgerigar/,0.0,False
https://crownwingparrots.co.uk/parrots-for-sale/caiques/,https://crownwingparrots.co.uk/parrots/parakeets-small-psittacines/indian-ringneck-parakeet/,0.0,False
https://crownwingparrots.co.uk/parrots-for-sale/caiques/,https://crownwingparrots.co.uk/parrots/parakeets-small-psittacines/peach-faced-lovebird/,0.0,False
https://crownwingparrots.co.uk/parrots-for-sale/caiques/,https://crownwingparrots.co.uk/privacy-policy/,0.0,False
https://crownwingparrots.co.uk/parrots-for-sale/cockatoos/,https://crownwingparrots.co.uk/parrots/,0.0,False
https://crownwingparrots.co.uk/parrots-for-sale/cockatoos/,https://crownwingparrots.co.uk/parrots/african-parrots/congo-african-grey-parrot/,0.0,False
https://crownwingparrots.co.uk/parrots-for-sale/cockatoos/,https://crownwingparrots.co.uk/parrots/african-parrots/timneh-parrot/,0.0,False
https://crownwingparrots.co.uk/parrots-for-sale/cockatoos/,https://crownwingparrots.co.uk/parrots/amazons/blue-fronted-amazon-parrot/,0.0,False
https://crownwingparrots.co.uk/parrots-for-sale/cockatoos/,https://crownwingparrots.co.uk/parrots/amazons/yellow-naped-amazon-parrot/,0.0,False
https://crownwingparrots.co.uk/parrots-for-sale/cockatoos/,https://crownwingparrots.co.uk/parrots/caiques/black-headed-caique/,0.0,False
https://crownwingparrots.co.uk/parrots-for-sale/cockatoos/,https://crownwingparrots.co.uk/parrots/caiques/white-bellied-caique/,0.0,False
https://crownwingparrots.co.uk/parrots-for-sale/cockatoos/,https://crownwingparrots.co.uk/parrots/cockatoos/galah-cockatoo/,0.0,False
https://crownwingparrots.co.uk/parrots-for-sale/cockatoos/,https://crownwingparrots.co.uk/parrots/cockatoos/umbrella-cockatoo/,0.0,False
https://crownwingparrots.co.uk/parrots-for-sale/cockatoos/,https://crownwingparrots.co.uk/parrots/conures/green-cheeked-conure/,0.0,False
https://crownwingparrots.co.uk/parrots-for-sale/cockatoos/,https://crownwingparrots.co.uk/parrots/conures/sun-conure/,0.0,False
https://crownwingparrots.co.uk/parrots-for-sale/cockatoos/,https://crownwingparrots.co.uk/parrots/eclectus/papuan-eclectus-parrot/,0.0,False
https://crownwingparrots.co.uk/parrots-for-sale/cockatoos/,https://crownwingparrots.co.uk/parrots/macaws/blue-and-gold-macaw/,0.0,False
https://crownwingparrots.co.uk/parrots-for-sale/cockatoos/,https://crownwingparrots.co.uk/parrots/macaws/scarlet-macaw/,0.0,False
https://crownwingparrots.co.uk/parrots-for-sale/cockatoos/,https://crownwingparrots.co.uk/parrots/parakeets-small-psittacines/budgerigar/,0.0,False
https://crownwingparrots.co.uk/parrots-for-sale/cockatoos/,https://crownwingparrots.co.uk/parrots/parakeets-small-psittacines/indian-ringneck-parakeet/,0.0,False
https://crownwingparrots.co.uk/parrots-for-sale/cockatoos/,https://crownwingparrots.co.uk/parrots/parakeets-small-psittacines/peach-faced-lovebird/,0.0,False
https://crownwingparrots.co.uk/parrots-for-sale/cockatoos/,https://crownwingparrots.co.uk/privacy-policy/,0.0,False
https://crownwingparrots.co.uk/parrots-for-sale/conures/,https://crownwingparrots.co.uk/parrots/,0.0,False
https://crownwingparrots.co.uk/parrots-for-sale/conures/,https://crownwingparrots.co.uk/parrots/african-parrots/congo-african-grey-parrot/,0.0,False
https://crownwingparrots.co.uk/parrots-for-sale/conures/,https://crownwingparrots.co.uk/parrots/african-parrots/timneh-parrot/,0.0,False
https://crownwingparrots.co.uk/parrots-for-sale/conures/,https://crownwingparrots.co.uk/parrots/amazons/blue-fronted-amazon-parrot/,0.0,False
https://crownwingparrots.co.uk/parrots-for-sale/conures/,https://crownwingparrots.co.uk/parrots/amazons/yellow-naped-amazon-parrot/,0.0,False
https://crownwingparrots.co.uk/parrots-for-sale/conures/,https://crownwingparrots.co.uk/parrots/caiques/black-headed-caique/,0.0,False
https://crownwingparrots.co.uk/parrots-for-sale/conures/,https://crownwingparrots.co.uk/parrots/caiques/white-bellied-caique/,0.0,False
https://crownwingparrots.co.uk/parrots-for-sale/conures/,https://crownwingparrots.co.uk/parrots/cockatoos/galah-cockatoo/,0.0,False
https://crownwingparrots.co.uk/parrots-for-sale/conures/,https://crownwingparrots.co.uk/parrots/cockatoos/umbrella-cockatoo/,0.0,False
https://crownwingparrots.co.uk/parrots-for-sale/conures/,https://crownwingparrots.co.uk/parrots/conures/green-cheeked-conure/,0.0,False
https://crownwingparrots.co.uk/parrots-for-sale/conures/,https://crownwingparrots.co.uk/parrots/conures/sun-conure/,0.0,False
https://crownwingparrots.co.uk/parrots-for-sale/conures/,https://crownwingparrots.co.uk/parrots/eclectus/papuan-eclectus-parrot/,0.0,False
https://crownwingparrots.co.uk/parrots-for-sale/conures/,https://crownwingparrots.co.uk/parrots/macaws/blue-and-gold-macaw/,0.0,False
https://crownwingparrots.co.uk/parrots-for-sale/conures/,https://crownwingparrots.co.uk/parrots/macaws/scarlet-macaw/,0.0,False
https://crownwingparrots.co.uk/parrots-for-sale/conures/,https://crownwingparrots.co.uk/parrots/parakeets-small-psittacines/budgerigar/,0.0,False
https://crownwingparrots.co.uk/parrots-for-sale/conures/,https://crownwingparrots.co.uk/parrots/parakeets-small-psittacines/indian-ringneck-parakeet/,0.0,False
https://crownwingparrots.co.uk/parrots-for-sale/conures/,https://crownwingparrots.co.uk/parrots/parakeets-small-psittacines/peach-faced-lovebird/,0.0,False
https://crownwingparrots.co.uk/parrots-for-sale/conures/,https://crownwingparrots.co.uk/privacy-policy/,0.0,False
https://crownwingparrots.co.uk/parrots-for-sale/eclectus-parrots/,https://crownwingparrots.co.uk/parrots/,0.0,False
https://crownwingparrots.co.uk/parrots-for-sale/eclectus-parrots/,https://crownwingparrots.co.uk/parrots/african-parrots/congo-african-grey-parrot/,0.0,False
https://crownwingparrots.co.uk/parrots-for-sale/eclectus-parrots/,https://crownwingparrots.co.uk/parrots/african-parrots/timneh-parrot/,0.0,False
https://crownwingparrots.co.uk/parrots-for-sale/eclectus-parrots/,https://crownwingparrots.co.uk/parrots/amazons/blue-fronted-amazon-parrot/,0.0,False
https://crownwingparrots.co.uk/parrots-for-sale/eclectus-parrots/,https://crownwingparrots.co.uk/parrots/amazons/yellow-naped-amazon-parrot/,0.0,False
https://crownwingparrots.co.uk/parrots-for-sale/eclectus-parrots/,https://crownwingparrots.co.uk/parrots/caiques/black-headed-caique/,0.0,False
https://crownwingparrots.co.uk/parrots-for-sale/eclectus-parrots/,https://crownwingparrots.co.uk/parrots/caiques/white-bellied-caique/,0.0,False
https://crownwingparrots.co.uk/parrots-for-sale/eclectus-parrots/,https://crownwingparrots.co.uk/parrots/cockatoos/galah-cockatoo/,0.0,False
https://crownwingparrots.co.uk/parrots-for-sale/eclectus-parrots/,https://crownwingparrots.co.uk/parrots/cockatoos/umbrella-cockatoo/,0.0,False
https://crownwingparrots.co.uk/parrots-for-sale/eclectus-parrots/,https://crownwingparrots.co.uk/parrots/conures/green-cheeked-conure/,0.0,False
https://crownwingparrots.co.uk/parrots-for-sale/eclectus-parrots/,https://crownwingparrots.co.uk/parrots/conures/sun-conure/,0.0,False
https://crownwingparrots.co.uk/parrots-for-sale/eclectus-parrots/,https://crownwingparrots.co.uk/parrots/eclectus/papuan-eclectus-parrot/,0.0,False
https://crownwingparrots.co.uk/parrots-for-sale/eclectus-parrots/,https://crownwingparrots.co.uk/parrots/macaws/blue-and-gold-macaw/,0.0,False
https://crownwingparrots.co.uk/parrots-for-sale/eclectus-parrots/,https://crownwingparrots.co.uk/parrots/macaws/scarlet-macaw/,0.0,False
https://crownwingparrots.co.uk/parrots-for-sale/eclectus-parrots/,https://crownwingparrots.co.uk/parrots/parakeets-small-psittacines/budgerigar/,0.0,False
https://crownwingparrots.co.uk/parrots-for-sale/eclectus-parrots/,https://crownwingparrots.co.uk/parrots/parakeets-small-psittacines/indian-ringneck-parakeet/,0.0,False
https://crownwingparrots.co.uk/parrots-for-sale/eclectus-parrots/,https://crownwingparrots.co.uk/parrots/parakeets-small-psittacines/peach-faced-lovebird/,0.0,False
https://crownwingparrots.co.uk/parrots-for-sale/eclectus-parrots/,https://crownwingparrots.co.uk/privacy-policy/,0.0,False
https://crownwingparrots.co.uk/parrots-for-sale/large-parrots/,https://crownwingparrots.co.uk/parrots/,0.0,False
https://crownwingparrots.co.uk/parrots-for-sale/large-parrots/,https://crownwingparrots.co.uk/parrots/african-parrots/congo-african-grey-parrot/,0.0,False
https://crownwingparrots.co.uk/parrots-for-sale/large-parrots/,https://crownwingparrots.co.uk/parrots/african-parrots/timneh-parrot/,0.0,False
https://crownwingparrots.co.uk/parrots-for-sale/large-parrots/,https://crownwingparrots.co.uk/parrots/amazons/blue-fronted-amazon-parrot/,0.0,False
https://crownwingparrots.co.uk/parrots-for-sale/large-parrots/,https://crownwingparrots.co.uk/parrots/amazons/yellow-naped-amazon-parrot/,0.0,False
https://crownwingparrots.co.uk/parrots-for-sale/large-parrots/,https://crownwingparrots.co.uk/parrots/caiques/black-headed-caique/,0.0,False
https://crownwingparrots.co.uk/parrots-for-sale/large-parrots/,https://crownwingparrots.co.uk/parrots/caiques/white-bellied-caique/,0.0,False
https://crownwingparrots.co.uk/parrots-for-sale/large-parrots/,https://crownwingparrots.co.uk/parrots/cockatoos/galah-cockatoo/,0.0,False
https://crownwingparrots.co.uk/parrots-for-sale/large-parrots/,https://crownwingparrots.co.uk/parrots/cockatoos/umbrella-cockatoo/,0.0,False
https://crownwingparrots.co.uk/parrots-for-sale/large-parrots/,https://crownwingparrots.co.uk/parrots/conures/sun-conure/,0.0,False
https://crownwingparrots.co.uk/parrots-for-sale/large-parrots/,https://crownwingparrots.co.uk/parrots/eclectus/papuan-eclectus-parrot/,0.0,False
https://crownwingparrots.co.uk/parrots-for-sale/large-parrots/,https://crownwingparrots.co.uk/parrots/macaws/blue-and-gold-macaw/,0.0,False
https://crownwingparrots.co.uk/parrots-for-sale/large-parrots/,https://crownwingparrots.co.uk/parrots/macaws/scarlet-macaw/,0.0,False
https://crownwingparrots.co.uk/parrots-for-sale/large-parrots/,https://crownwingparrots.co.uk/parrots/parakeets-small-psittacines/budgerigar/,0.0,False
https://crownwingparrots.co.uk/parrots-for-sale/large-parrots/,https://crownwingparrots.co.uk/parrots/parakeets-small-psittacines/indian-ringneck-parakeet/,0.0,False
https://crownwingparrots.co.uk/parrots-for-sale/large-parrots/,https://crownwingparrots.co.uk/parrots/parakeets-small-psittacines/peach-faced-lovebird/,0.0,False
https://crownwingparrots.co.uk/parrots-for-sale/large-parrots/,https://crownwingparrots.co.uk/privacy-policy/,0.0,False
https://crownwingparrots.co.uk/parrots-for-sale/macaws/,https://crownwingparrots.co.uk/parrots/african-parrots/congo-african-grey-parrot/,0.0,False
https://crownwingparrots.co.uk/parrots-for-sale/macaws/,https://crownwingparrots.co.uk/parrots/african-parrots/timneh-parrot/,0.0,False
https://crownwingparrots.co.uk/parrots-for-sale/macaws/,https://crownwingparrots.co.uk/parrots/amazons/blue-fronted-amazon-parrot/,0.0,False
https://crownwingparrots.co.uk/parrots-for-sale/macaws/,https://crownwingparrots.co.uk/parrots/amazons/yellow-naped-amazon-parrot/,0.0,False
https://crownwingparrots.co.uk/parrots-for-sale/macaws/,https://crownwingparrots.co.uk/parrots/caiques/black-headed-caique/,0.0,False
https://crownwingparrots.co.uk/parrots-for-sale/macaws/,https://crownwingparrots.co.uk/parrots/cockatoos/galah-cockatoo/,0.0,False
https://crownwingparrots.co.uk/parrots-for-sale/macaws/,https://crownwingparrots.co.uk/parrots/cockatoos/umbrella-cockatoo/,0.0,False
https://crownwingparrots.co.uk/parrots-for-sale/macaws/,https://crownwingparrots.co.uk/parrots/conures/green-cheeked-conure/,0.0,False
https://crownwingparrots.co.uk/parrots-for-sale/macaws/,https://crownwingparrots.co.uk/parrots/conures/sun-conure/,0.0,False
https://crownwingparrots.co.uk/parrots-for-sale/macaws/,https://crownwingparrots.co.uk/parrots/eclectus/papuan-eclectus-parrot/,0.0,False
https://crownwingparrots.co.uk/parrots-for-sale/macaws/,https://crownwingparrots.co.uk/parrots/macaws/blue-and-gold-macaw/,0.0,False
https://crownwingparrots.co.uk/parrots-for-sale/macaws/,https://crownwingparrots.co.uk/parrots/macaws/scarlet-macaw/,0.0,False
https://crownwingparrots.co.uk/parrots-for-sale/macaws/,https://crownwingparrots.co.uk/parrots/parakeets-small-psittacines/indian-ringneck-parakeet/,0.0,False
https://crownwingparrots.co.uk/parrots-for-sale/macaws/,https://crownwingparrots.co.uk/parrots/parakeets-small-psittacines/peach-faced-lovebird/,0.0,False
https://crownwingparrots.co.uk/parrots-for-sale/macaws/,https://crownwingparrots.co.uk/privacy-policy/,0.0,False
https://crownwingparrots.co.uk/parrots-for-sale/parakeets-small-parrots/,https://crownwingparrots.co.uk/parrots/,0.0,False
https://crownwingparrots.co.uk/parrots-for-sale/parakeets-small-parrots/,https://crownwingparrots.co.uk/parrots/african-parrots/congo-african-grey-parrot/,0.0,False
https://crownwingparrots.co.uk/parrots-for-sale/parakeets-small-parrots/,https://crownwingparrots.co.uk/parrots/african-parrots/timneh-parrot/,0.0,False
https://crownwingparrots.co.uk/parrots-for-sale/parakeets-small-parrots/,https://crownwingparrots.co.uk/parrots/amazons/blue-fronted-amazon-parrot/,0.0,False
https://crownwingparrots.co.uk/parrots-for-sale/parakeets-small-parrots/,https://crownwingparrots.co.uk/parrots/amazons/yellow-naped-amazon-parrot/,0.0,False
https://crownwingparrots.co.uk/parrots-for-sale/parakeets-small-parrots/,https://crownwingparrots.co.uk/parrots/caiques/black-headed-caique/,0.0,False
https://crownwingparrots.co.uk/parrots-for-sale/parakeets-small-parrots/,https://crownwingparrots.co.uk/parrots/caiques/white-bellied-caique/,0.0,False
https://crownwingparrots.co.uk/parrots-for-sale/parakeets-small-parrots/,https://crownwingparrots.co.uk/parrots/cockatoos/galah-cockatoo/,0.0,False
https://crownwingparrots.co.uk/parrots-for-sale/parakeets-small-parrots/,https://crownwingparrots.co.uk/parrots/cockatoos/umbrella-cockatoo/,0.0,False
https://crownwingparrots.co.uk/parrots-for-sale/parakeets-small-parrots/,https://crownwingparrots.co.uk/parrots/conures/green-cheeked-conure/,0.0,False
https://crownwingparrots.co.uk/parrots-for-sale/parakeets-small-parrots/,https://crownwingparrots.co.uk/parrots/conures/sun-conure/,0.0,False
https://crownwingparrots.co.uk/parrots-for-sale/parakeets-small-parrots/,https://crownwingparrots.co.uk/parrots/eclectus/papuan-eclectus-parrot/,0.0,False
https://crownwingparrots.co.uk/parrots-for-sale/parakeets-small-parrots/,https://crownwingparrots.co.uk/parrots/macaws/blue-and-gold-macaw/,0.0,False
https://crownwingparrots.co.uk/parrots-for-sale/parakeets-small-parrots/,https://crownwingparrots.co.uk/parrots/macaws/scarlet-macaw/,0.0,False
https://crownwingparrots.co.uk/parrots-for-sale/parakeets-small-parrots/,https://crownwingparrots.co.uk/parrots/parakeets-small-psittacines/budgerigar/,0.0,False
https://crownwingparrots.co.uk/parrots-for-sale/parakeets-small-parrots/,https://crownwingparrots.co.uk/parrots/parakeets-small-psittacines/indian-ringneck-parakeet/,0.0,False
https://crownwingparrots.co.uk/parrots-for-sale/parakeets-small-parrots/,https://crownwingparrots.co.uk/parrots/parakeets-small-psittacines/peach-faced-lovebird/,0.0,False
https://crownwingparrots.co.uk/parrots-for-sale/small-parrots/,https://crownwingparrots.co.uk/parrots/,0.0,False
https://crownwingparrots.co.uk/parrots-for-sale/small-parrots/,https://crownwingparrots.co.uk/parrots/african-parrots/congo-african-grey-parrot/,0.0,False
https://crownwingparrots.co.uk/parrots-for-sale/small-parrots/,https://crownwingparrots.co.uk/parrots/african-parrots/timneh-parrot/,0.0,False
https://crownwingparrots.co.uk/parrots-for-sale/small-parrots/,https://crownwingparrots.co.uk/parrots/amazons/blue-fronted-amazon-parrot/,0.0,False
https://crownwingparrots.co.uk/parrots-for-sale/small-parrots/,https://crownwingparrots.co.uk/parrots/amazons/yellow-naped-amazon-parrot/,0.0,False
https://crownwingparrots.co.uk/parrots-for-sale/small-parrots/,https://crownwingparrots.co.uk/parrots/caiques/black-headed-caique/,0.0,False
https://crownwingparrots.co.uk/parrots-for-sale/small-parrots/,https://crownwingparrots.co.uk/parrots/caiques/white-bellied-caique/,0.0,False
https://crownwingparrots.co.uk/parrots-for-sale/small-parrots/,https://crownwingparrots.co.uk/parrots/cockatoos/galah-cockatoo/,0.0,False
https://crownwingparrots.co.uk/parrots-for-sale/small-parrots/,https://crownwingparrots.co.uk/parrots/conures/green-cheeked-conure/,0.0,False
https://crownwingparrots.co.uk/parrots-for-sale/small-parrots/,https://crownwingparrots.co.uk/parrots/macaws/blue-and-gold-macaw/,0.0,False
https://crownwingparrots.co.uk/parrots-for-sale/small-parrots/,https://crownwingparrots.co.uk/parrots/macaws/scarlet-macaw/,0.0,False
https://crownwingparrots.co.uk/parrots-for-sale/small-parrots/,https://crownwingparrots.co.uk/parrots/parakeets-small-psittacines/indian-ringneck-parakeet/,0.0,False
https://crownwingparrots.co.uk/parrots-for-sale/small-parrots/,https://crownwingparrots.co.uk/parrots/parakeets-small-psittacines/peach-faced-lovebird/,0.0,False
https://crownwingparrots.co.uk/parrots-for-sale/small-parrots/,https://crownwingparrots.co.uk/privacy-policy/,0.0,False
https://crownwingparrots.co.uk/parrots-for-sale/talking-parrots/,https://crownwingparrots.co.uk/parrots/,0.0,False
https://crownwingparrots.co.uk/parrots-for-sale/talking-parrots/,https://crownwingparrots.co.uk/parrots/african-parrots/congo-african-grey-parrot/,0.0,False
https://crownwingparrots.co.uk/parrots-for-sale/talking-parrots/,https://crownwingparrots.co.uk/parrots/amazons/blue-fronted-amazon-parrot/,0.0,False
https://crownwingparrots.co.uk/parrots-for-sale/talking-parrots/,https://crownwingparrots.co.uk/parrots/amazons/yellow-naped-amazon-parrot/,0.0,False
https://crownwingparrots.co.uk/parrots-for-sale/talking-parrots/,https://crownwingparrots.co.uk/parrots/caiques/black-headed-caique/,0.0,False
https://crownwingparrots.co.uk/parrots-for-sale/talking-parrots/,https://crownwingparrots.co.uk/parrots/caiques/white-bellied-caique/,0.0,False
https://crownwingparrots.co.uk/parrots-for-sale/talking-parrots/,https://crownwingparrots.co.uk/parrots/cockatoos/galah-cockatoo/,0.0,False
https://crownwingparrots.co.uk/parrots-for-sale/talking-parrots/,https://crownwingparrots.co.uk/parrots/cockatoos/umbrella-cockatoo/,0.0,False
https://crownwingparrots.co.uk/parrots-for-sale/talking-parrots/,https://crownwingparrots.co.uk/parrots/conures/green-cheeked-conure/,0.0,False
https://crownwingparrots.co.uk/parrots-for-sale/talking-parrots/,https://crownwingparrots.co.uk/parrots/conures/sun-conure/,0.0,False
https://crownwingparrots.co.uk/parrots-for-sale/talking-parrots/,https://crownwingparrots.co.uk/parrots/eclectus/papuan-eclectus-parrot/,0.0,False
https://crownwingparrots.co.uk/parrots-for-sale/talking-parrots/,https://crownwingparrots.co.uk/parrots/macaws/blue-and-gold-macaw/,0.0,False
https://crownwingparrots.co.uk/parrots-for-sale/talking-parrots/,https://crownwingparrots.co.uk/parrots/macaws/scarlet-macaw/,0.0,False
https://crownwingparrots.co.uk/parrots-for-sale/talking-parrots/,https://crownwingparrots.co.uk/parrots/parakeets-small-psittacines/budgerigar/,0.0,False
https://crownwingparrots.co.uk/parrots-for-sale/talking-parrots/,https://crownwingparrots.co.uk/parrots/parakeets-small-psittacines/indian-ringneck-parakeet/,0.0,False
https://crownwingparrots.co.uk/parrots-for-sale/talking-parrots/,https://crownwingparrots.co.uk/privacy-policy/,0.0,False
https://crownwingparrots.co.uk/parrots/,https://crownwingparrots.co.uk/parrots/african-parrots/congo-african-grey-parrot/,0.0,False
https://crownwingparrots.co.uk/parrots/,https://crownwingparrots.co.uk/parrots/african-parrots/timneh-parrot/,0.0,False
https://crownwingparrots.co.uk/parrots/,https://crownwingparrots.co.uk/parrots/amazons/blue-fronted-amazon-parrot/,0.0,False
https://crownwingparrots.co.uk/parrots/,https://crownwingparrots.co.uk/parrots/amazons/yellow-naped-amazon-parrot/,0.0,False
https://crownwingparrots.co.uk/parrots/,https://crownwingparrots.co.uk/parrots/caiques/black-headed-caique/,0.0,False
https://crownwingparrots.co.uk/parrots/,https://crownwingparrots.co.uk/parrots/caiques/white-bellied-caique/,0.0,False
https://crownwingparrots.co.uk/parrots/,https://crownwingparrots.co.uk/parrots/cockatoos/galah-cockatoo/,0.0,False
https://crownwingparrots.co.uk/parrots/,https://crownwingparrots.co.uk/parrots/cockatoos/umbrella-cockatoo/,0.0,False
https://crownwingparrots.co.uk/parrots/,https://crownwingparrots.co.uk/parrots/conures/green-cheeked-conure/,0.0,False
https://crownwingparrots.co.uk/parrots/,https://crownwingparrots.co.uk/parrots/conures/sun-conure/,0.0,False
https://crownwingparrots.co.uk/parrots/,https://crownwingparrots.co.uk/parrots/eclectus/papuan-eclectus-parrot/,0.0,False
https://crownwingparrots.co.uk/parrots/,https://crownwingparrots.co.uk/parrots/macaws/blue-and-gold-macaw/,0.0,False
https://crownwingparrots.co.uk/parrots/,https://crownwingparrots.co.uk/parrots/macaws/scarlet-macaw/,0.0,False
https://crownwingparrots.co.uk/parrots/,https://crownwingparrots.co.uk/parrots/parakeets-small-psittacines/budgerigar/,0.0,False
https://crownwingparrots.co.uk/parrots/,https://crownwingparrots.co.uk/parrots/parakeets-small-psittacines/indian-ringneck-parakeet/,0.0,False
https://crownwingparrots.co.uk/parrots/,https://crownwingparrots.co.uk/parrots/parakeets-small-psittacines/peach-faced-lovebird/,0.0,False
https://crownwingparrots.co.uk/parrots/,https://crownwingparrots.co.uk/privacy-policy/,0.0,False
https://crownwingparrots.co.uk/parrots/african-parrots/,https://crownwingparrots.co.uk/parrots/african-parrots/timneh-parrot/,0.0,False
https://crownwingparrots.co.uk/parrots/african-parrots/,https://crownwingparrots.co.uk/parrots/amazons/yellow-naped-amazon-parrot/,0.0,False
https://crownwingparrots.co.uk/parrots/african-parrots/,https://crownwingparrots.co.uk/parrots/caiques/black-headed-caique/,0.0,False
https://crownwingparrots.co.uk/parrots/african-parrots/,https://crownwingparrots.co.uk/parrots/cockatoos/galah-cockatoo/,0.0,False
https://crownwingparrots.co.uk/parrots/african-parrots/,https://crownwingparrots.co.uk/parrots/cockatoos/umbrella-cockatoo/,0.0,False
https://crownwingparrots.co.uk/parrots/african-parrots/,https://crownwingparrots.co.uk/parrots/conures/green-cheeked-conure/,0.0,False
https://crownwingparrots.co.uk/parrots/african-parrots/,https://crownwingparrots.co.uk/parrots/parakeets-small-psittacines/budgerigar/,0.0,False
https://crownwingparrots.co.uk/parrots/african-parrots/,https://crownwingparrots.co.uk/parrots/parakeets-small-psittacines/indian-ringneck-parakeet/,0.0,False
https://crownwingparrots.co.uk/parrots/african-parrots/,https://crownwingparrots.co.uk/parrots/parakeets-small-psittacines/peach-faced-lovebird/,0.0,False
https://crownwingparrots.co.uk/parrots/african-parrots/,https://crownwingparrots.co.uk/privacy-policy/,0.0,False
https://crownwingparrots.co.uk/parrots/african-parrots/congo-african-grey-parrot/,https://crownwingparrots.co.uk/parrots/amazons/,0.0,False
https://crownwingparrots.co.uk/parrots/african-parrots/congo-african-grey-parrot/,https://crownwingparrots.co.uk/parrots/caiques/,0.0,False
https://crownwingparrots.co.uk/parrots/african-parrots/congo-african-grey-parrot/,https://crownwingparrots.co.uk/parrots/conures/,0.0,False
https://crownwingparrots.co.uk/parrots/african-parrots/congo-african-grey-parrot/,https://crownwingparrots.co.uk/parrots/eclectus/,0.0,False
https://crownwingparrots.co.uk/parrots/african-parrots/congo-african-grey-parrot/,https://crownwingparrots.co.uk/parrots/macaws/,0.0,False
https://crownwingparrots.co.uk/parrots/african-parrots/congo-african-grey-parrot/,https://crownwingparrots.co.uk/privacy-policy/,0.0,False
https://crownwingparrots.co.uk/parrots/african-parrots/timneh-parrot/,https://crownwingparrots.co.uk/parrots/conures/,0.0,False
https://crownwingparrots.co.uk/parrots/african-parrots/timneh-parrot/,https://crownwingparrots.co.uk/parrots/eclectus/,0.0,False
https://crownwingparrots.co.uk/parrots/african-parrots/timneh-parrot/,https://crownwingparrots.co.uk/parrots/parakeets-small-psittacines/,0.0,False
https://crownwingparrots.co.uk/parrots/african-parrots/timneh-parrot/,https://crownwingparrots.co.uk/privacy-policy/,0.0,False
https://crownwingparrots.co.uk/parrots/amazons/,https://crownwingparrots.co.uk/parrots/amazons/blue-fronted-amazon-parrot/,0.0,False
https://crownwingparrots.co.uk/parrots/amazons/,https://crownwingparrots.co.uk/parrots/amazons/yellow-naped-amazon-parrot/,0.0,False
https://crownwingparrots.co.uk/parrots/amazons/,https://crownwingparrots.co.uk/parrots/caiques/black-headed-caique/,0.0,False
https://crownwingparrots.co.uk/parrots/amazons/,https://crownwingparrots.co.uk/parrots/caiques/white-bellied-caique/,0.0,False
https://crownwingparrots.co.uk/parrots/amazons/,https://crownwingparrots.co.uk/parrots/cockatoos/galah-cockatoo/,0.0,False
https://crownwingparrots.co.uk/parrots/amazons/,https://crownwingparrots.co.uk/parrots/cockatoos/umbrella-cockatoo/,0.0,False
https://crownwingparrots.co.uk/parrots/amazons/,https://crownwingparrots.co.uk/parrots/conures/green-cheeked-conure/,0.0,False
https://crownwingparrots.co.uk/parrots/amazons/,https://crownwingparrots.co.uk/parrots/conures/sun-conure/,0.0,False
https://crownwingparrots.co.uk/parrots/amazons/,https://crownwingparrots.co.uk/parrots/eclectus/papuan-eclectus-parrot/,0.0,False
https://crownwingparrots.co.uk/parrots/amazons/,https://crownwingparrots.co.uk/parrots/macaws/blue-and-gold-macaw/,0.0,False
https://crownwingparrots.co.uk/parrots/amazons/,https://crownwingparrots.co.uk/parrots/macaws/scarlet-macaw/,0.0,False
https://crownwingparrots.co.uk/parrots/amazons/,https://crownwingparrots.co.uk/parrots/parakeets-small-psittacines/indian-ringneck-parakeet/,0.0,False
https://crownwingparrots.co.uk/parrots/amazons/,https://crownwingparrots.co.uk/parrots/parakeets-small-psittacines/peach-faced-lovebird/,0.0,False
https://crownwingparrots.co.uk/parrots/amazons/,https://crownwingparrots.co.uk/privacy-policy/,0.0,False
https://crownwingparrots.co.uk/parrots/amazons/blue-fronted-amazon-parrot/,https://crownwingparrots.co.uk/parrots/eclectus/,0.0,False
https://crownwingparrots.co.uk/parrots/amazons/blue-fronted-amazon-parrot/,https://crownwingparrots.co.uk/parrots/macaws/,0.0,False
https://crownwingparrots.co.uk/parrots/amazons/blue-fronted-amazon-parrot/,https://crownwingparrots.co.uk/parrots/parakeets-small-psittacines/,0.0,False
https://crownwingparrots.co.uk/parrots/amazons/blue-fronted-amazon-parrot/,https://crownwingparrots.co.uk/privacy-policy/,0.0,False
https://crownwingparrots.co.uk/parrots/amazons/yellow-naped-amazon-parrot/,https://crownwingparrots.co.uk/parrots/cockatoos/,0.0,False
https://crownwingparrots.co.uk/parrots/amazons/yellow-naped-amazon-parrot/,https://crownwingparrots.co.uk/parrots/conures/,0.0,False
https://crownwingparrots.co.uk/parrots/amazons/yellow-naped-amazon-parrot/,https://crownwingparrots.co.uk/parrots/eclectus/,0.0,False
https://crownwingparrots.co.uk/parrots/amazons/yellow-naped-amazon-parrot/,https://crownwingparrots.co.uk/parrots/macaws/,0.0,False
https://crownwingparrots.co.uk/parrots/amazons/yellow-naped-amazon-parrot/,https://crownwingparrots.co.uk/parrots/parakeets-small-psittacines/,0.0,False
https://crownwingparrots.co.uk/parrots/amazons/yellow-naped-amazon-parrot/,https://crownwingparrots.co.uk/privacy-policy/,0.0,False
https://crownwingparrots.co.uk/parrots/caiques/,https://crownwingparrots.co.uk/parrots/caiques/white-bellied-caique/,0.0,False
https://crownwingparrots.co.uk/parrots/caiques/,https://crownwingparrots.co.uk/parrots/cockatoos/galah-cockatoo/,0.0,False
https://crownwingparrots.co.uk/parrots/caiques/,https://crownwingparrots.co.uk/parrots/cockatoos/umbrella-cockatoo/,0.0,False
https://crownwingparrots.co.uk/parrots/caiques/,https://crownwingparrots.co.uk/parrots/conures/green-cheeked-conure/,0.0,False
https://crownwingparrots.co.uk/parrots/caiques/,https://crownwingparrots.co.uk/parrots/conures/sun-conure/,0.0,False
https://crownwingparrots.co.uk/parrots/caiques/,https://crownwingparrots.co.uk/parrots/eclectus/papuan-eclectus-parrot/,0.0,False
https://crownwingparrots.co.uk/parrots/caiques/,https://crownwingparrots.co.uk/parrots/macaws/blue-and-gold-macaw/,0.0,False
https://crownwingparrots.co.uk/parrots/caiques/,https://crownwingparrots.co.uk/parrots/macaws/scarlet-macaw/,0.0,False
https://crownwingparrots.co.uk/parrots/caiques/,https://crownwingparrots.co.uk/parrots/parakeets-small-psittacines/budgerigar/,0.0,False
https://crownwingparrots.co.uk/parrots/caiques/,https://crownwingparrots.co.uk/parrots/parakeets-small-psittacines/indian-ringneck-parakeet/,0.0,False
https://crownwingparrots.co.uk/parrots/caiques/,https://crownwingparrots.co.uk/parrots/parakeets-small-psittacines/peach-faced-lovebird/,0.0,False
https://crownwingparrots.co.uk/parrots/caiques/,https://crownwingparrots.co.uk/privacy-policy/,0.0,False
https://crownwingparrots.co.uk/parrots/caiques/black-headed-caique/,https://crownwingparrots.co.uk/parrots/cockatoos/,0.0,False
https://crownwingparrots.co.uk/parrots/caiques/black-headed-caique/,https://crownwingparrots.co.uk/parrots/conures/,0.0,False
https://crownwingparrots.co.uk/parrots/caiques/black-headed-caique/,https://crownwingparrots.co.uk/parrots/eclectus/,0.0,False
https://crownwingparrots.co.uk/parrots/caiques/black-headed-caique/,https://crownwingparrots.co.uk/parrots/macaws/,0.0,False
https://crownwingparrots.co.uk/parrots/caiques/black-headed-caique/,https://crownwingparrots.co.uk/parrots/parakeets-small-psittacines/,0.0,False
https://crownwingparrots.co.uk/parrots/caiques/black-headed-caique/,https://crownwingparrots.co.uk/privacy-policy/,0.0,False
https://crownwingparrots.co.uk/parrots/caiques/white-bellied-caique/,https://crownwingparrots.co.uk/parrots/cockatoos/,0.0,False
https://crownwingparrots.co.uk/parrots/caiques/white-bellied-caique/,https://crownwingparrots.co.uk/parrots/conures/,0.0,False
https://crownwingparrots.co.uk/parrots/caiques/white-bellied-caique/,https://crownwingparrots.co.uk/parrots/eclectus/,0.0,False
https://crownwingparrots.co.uk/parrots/caiques/white-bellied-caique/,https://crownwingparrots.co.uk/parrots/macaws/,0.0,False
https://crownwingparrots.co.uk/parrots/caiques/white-bellied-caique/,https://crownwingparrots.co.uk/parrots/parakeets-small-psittacines/,0.0,False
https://crownwingparrots.co.uk/parrots/caiques/white-bellied-caique/,https://crownwingparrots.co.uk/privacy-policy/,0.0,False
https://crownwingparrots.co.uk/parrots/cockatoos/,https://crownwingparrots.co.uk/parrots/conures/green-cheeked-conure/,0.0,False
https://crownwingparrots.co.uk/parrots/cockatoos/,https://crownwingparrots.co.uk/parrots/eclectus/papuan-eclectus-parrot/,0.0,False
https://crownwingparrots.co.uk/parrots/cockatoos/,https://crownwingparrots.co.uk/parrots/macaws/blue-and-gold-macaw/,0.0,False
https://crownwingparrots.co.uk/parrots/cockatoos/,https://crownwingparrots.co.uk/parrots/parakeets-small-psittacines/budgerigar/,0.0,False
https://crownwingparrots.co.uk/parrots/cockatoos/,https://crownwingparrots.co.uk/privacy-policy/,0.0,False
https://crownwingparrots.co.uk/parrots/cockatoos/galah-cockatoo/,https://crownwingparrots.co.uk/parrots/conures/,0.0,False
https://crownwingparrots.co.uk/parrots/cockatoos/galah-cockatoo/,https://crownwingparrots.co.uk/parrots/eclectus/,0.0,False
https://crownwingparrots.co.uk/parrots/cockatoos/galah-cockatoo/,https://crownwingparrots.co.uk/parrots/parakeets-small-psittacines/,0.0,False
https://crownwingparrots.co.uk/parrots/cockatoos/galah-cockatoo/,https://crownwingparrots.co.uk/privacy-policy/,0.0,False
https://crownwingparrots.co.uk/parrots/cockatoos/umbrella-cockatoo/,https://crownwingparrots.co.uk/parrots/conures/,0.0,False
https://crownwingparrots.co.uk/parrots/cockatoos/umbrella-cockatoo/,https://crownwingparrots.co.uk/parrots/eclectus/,0.0,False
https://crownwingparrots.co.uk/parrots/cockatoos/umbrella-cockatoo/,https://crownwingparrots.co.uk/parrots/macaws/,0.0,False
https://crownwingparrots.co.uk/parrots/cockatoos/umbrella-cockatoo/,https://crownwingparrots.co.uk/parrots/parakeets-small-psittacines/,0.0,False
https://crownwingparrots.co.uk/parrots/cockatoos/umbrella-cockatoo/,https://crownwingparrots.co.uk/privacy-policy/,0.0,False
https://crownwingparrots.co.uk/parrots/conures/,https://crownwingparrots.co.uk/parrots/eclectus/papuan-eclectus-parrot/,0.0,False
https://crownwingparrots.co.uk/parrots/conures/,https://crownwingparrots.co.uk/parrots/macaws/scarlet-macaw/,0.0,False
https://crownwingparrots.co.uk/parrots/conures/,https://crownwingparrots.co.uk/parrots/parakeets-small-psittacines/budgerigar/,0.0,False
https://crownwingparrots.co.uk/parrots/conures/,https://crownwingparrots.co.uk/parrots/parakeets-small-psittacines/indian-ringneck-parakeet/,0.0,False
https://crownwingparrots.co.uk/parrots/conures/,https://crownwingparrots.co.uk/parrots/parakeets-small-psittacines/peach-faced-lovebird/,0.0,False
https://crownwingparrots.co.uk/parrots/conures/,https://crownwingparrots.co.uk/privacy-policy/,0.0,False
https://crownwingparrots.co.uk/parrots/conures/green-cheeked-conure/,https://crownwingparrots.co.uk/parrots/macaws/,0.0,False
https://crownwingparrots.co.uk/parrots/conures/green-cheeked-conure/,https://crownwingparrots.co.uk/parrots/parakeets-small-psittacines/,0.0,False
https://crownwingparrots.co.uk/parrots/conures/green-cheeked-conure/,https://crownwingparrots.co.uk/privacy-policy/,0.0,False
https://crownwingparrots.co.uk/parrots/conures/sun-conure/,https://crownwingparrots.co.uk/parrots/eclectus/,0.0,False
https://crownwingparrots.co.uk/parrots/conures/sun-conure/,https://crownwingparrots.co.uk/parrots/macaws/,0.0,False
https://crownwingparrots.co.uk/parrots/conures/sun-conure/,https://crownwingparrots.co.uk/parrots/parakeets-small-psittacines/,0.0,False
https://crownwingparrots.co.uk/parrots/conures/sun-conure/,https://crownwingparrots.co.uk/privacy-policy/,0.0,False
https://crownwingparrots.co.uk/parrots/eclectus/,https://crownwingparrots.co.uk/parrots/macaws/blue-and-gold-macaw/,0.0,False
https://crownwingparrots.co.uk/parrots/eclectus/,https://crownwingparrots.co.uk/parrots/macaws/scarlet-macaw/,0.0,False
https://crownwingparrots.co.uk/parrots/eclectus/,https://crownwingparrots.co.uk/parrots/parakeets-small-psittacines/peach-faced-lovebird/,0.0,False
https://crownwingparrots.co.uk/parrots/eclectus/,https://crownwingparrots.co.uk/privacy-policy/,0.0,False
https://crownwingparrots.co.uk/parrots/eclectus/papuan-eclectus-parrot/,https://crownwingparrots.co.uk/parrots/macaws/,0.0,False
https://crownwingparrots.co.uk/parrots/eclectus/papuan-eclectus-parrot/,https://crownwingparrots.co.uk/parrots/parakeets-small-psittacines/,0.0,False
https://crownwingparrots.co.uk/parrots/eclectus/papuan-eclectus-parrot/,https://crownwingparrots.co.uk/privacy-policy/,0.0,False
https://crownwingparrots.co.uk/parrots/macaws/,https://crownwingparrots.co.uk/parrots/macaws/blue-and-gold-macaw/,0.0,False
https://crownwingparrots.co.uk/parrots/macaws/,https://crownwingparrots.co.uk/parrots/macaws/scarlet-macaw/,0.0,False
https://crownwingparrots.co.uk/parrots/macaws/,https://crownwingparrots.co.uk/parrots/parakeets-small-psittacines/budgerigar/,0.0,False
https://crownwingparrots.co.uk/parrots/macaws/,https://crownwingparrots.co.uk/parrots/parakeets-small-psittacines/indian-ringneck-parakeet/,0.0,False
https://crownwingparrots.co.uk/parrots/macaws/,https://crownwingparrots.co.uk/parrots/parakeets-small-psittacines/peach-faced-lovebird/,0.0,False
https://crownwingparrots.co.uk/parrots/macaws/,https://crownwingparrots.co.uk/privacy-policy/,0.0,False
https://crownwingparrots.co.uk/parrots/macaws/blue-and-gold-macaw/,https://crownwingparrots.co.uk/parrots/parakeets-small-psittacines/,0.0,False
https://crownwingparrots.co.uk/parrots/macaws/blue-and-gold-macaw/,https://crownwingparrots.co.uk/privacy-policy/,0.0,False
https://crownwingparrots.co.uk/parrots/macaws/scarlet-macaw/,https://crownwingparrots.co.uk/parrots/parakeets-small-psittacines/,0.0,False
https://crownwingparrots.co.uk/parrots/macaws/scarlet-macaw/,https://crownwingparrots.co.uk/privacy-policy/,0.0,False
https://crownwingparrots.co.uk/parrots/parakeets-small-psittacines/,https://crownwingparrots.co.uk/parrots/parakeets-small-psittacines/budgerigar/,0.0,False
https://crownwingparrots.co.uk/parrots/parakeets-small-psittacines/,https://crownwingparrots.co.uk/parrots/parakeets-small-psittacines/indian-ringneck-parakeet/,0.0,False
https://crownwingparrots.co.uk/parrots/parakeets-small-psittacines/,https://crownwingparrots.co.uk/parrots/parakeets-small-psittacines/peach-faced-lovebird/,0.0,False
https://crownwingparrots.co.uk/parrots/parakeets-small-psittacines/,https://crownwingparrots.co.uk/privacy-policy/,0.0,False
https://crownwingparrots.co.uk/parrots/parakeets-small-psittacines/budgerigar/,https://crownwingparrots.co.uk/privacy-policy/,0.0,False
https://crownwingparrots.co.uk/parrots/parakeets-small-psittacines/indian-ringneck-parakeet/,https://crownwingparrots.co.uk/privacy-policy/,0.0,False
https://crownwingparrots.co.uk/parrots/parakeets-small-psittacines/peach-faced-lovebird/,https://crownwingparrots.co.uk/privacy-policy/,0.0,False
