source_route,href,target_classification,main_or_chrome
/,/,internal,chrome
/,/available-birds/,internal,chrome
/,/parrots/,internal,chrome
/,/parrots-for-sale/,internal,chrome
/,/guides/,internal,chrome
/,/contact/,internal,chrome
/,/contact/,internal,chrome
/,/available-birds/,internal,main
/,/parrots/,internal,main
/,/parrots/african-parrots/,internal,main
/,/parrots/macaws/,internal,main
/,/parrots/cockatoos/,internal,main
/,/parrots/amazons/,internal,main
/,/parrots/conures/,internal,main
/,/parrots/caiques/,internal,main
/,/parrots/eclectus/,internal,main
/,/parrots/parakeets-small-psittacines/,internal,main
/,/available-birds/,internal,main
/,/parrots/african-parrots/,internal,main
/,/parrots/macaws/,internal,main
/,/parrots/cockatoos/,internal,main
/,/parrots/amazons/,internal,main
/,/parrots/conures/,internal,main
/,/parrots/caiques/,internal,main
/,/parrots/eclectus/,internal,main
/,/parrots/parakeets-small-psittacines/,internal,main
/,/our-approach/,internal,main
/,/guides/choosing-a-parrot/,internal,main
/,/guides/buying-a-parrot-checklist/,internal,main
/,/guides/parrot-diet-nutrition/,internal,main
/,/parrot-care/,internal,main
/,/available-birds/,internal,main
/,/contact/,internal,main
/,/parrots-for-sale/talking-parrots/,internal,main
/,/parrots-for-sale/small-parrots/,internal,main
/,/parrots-for-sale/large-parrots/,internal,main
/,/parrot-prices-uk/,internal,main
/,/locations/,internal,main
/,/guides/buying-a-parrot/,internal,main
/,/guides/cites-parrots-uk/,internal,main
/,/guides/parrot-ownership-costs/,internal,main
/,/guides/preparing-for-a-parrot/,internal,main
/,/,internal,chrome
/,/available-birds/,internal,chrome
/,/parrots/,internal,chrome
/,/parrots-for-sale/,internal,chrome
/,/our-approach/,internal,chrome
/,/parrot-care/,internal,chrome
/,/locations/,internal,chrome
/,/parrot-prices-uk/,internal,chrome
/,/contact/,internal,chrome
/,/privacy-policy/,internal,chrome
/,/cookie-policy/,internal,chrome
/,/business-policies/,internal,chrome
/available-birds/,/,internal,chrome
/available-birds/,/available-birds/,internal,chrome
/available-birds/,/parrots/,internal,chrome
/available-birds/,/parrots-for-sale/,internal,chrome
/available-birds/,/guides/,internal,chrome
/available-birds/,/contact/,internal,chrome
/available-birds/,/contact/,internal,chrome
/available-birds/,/,internal,main
/available-birds/,/contact/?species=african-parrots,internal,main
/available-birds/,/parrots/african-parrots/,internal,main
/available-birds/,/contact/?species=macaws,internal,main
/available-birds/,/parrots/macaws/,internal,main
/available-birds/,/contact/?species=cockatoos,internal,main
/available-birds/,/parrots/cockatoos/,internal,main
/available-birds/,/contact/?species=amazons,internal,main
/available-birds/,/parrots/amazons/,internal,main
/available-birds/,/contact/?species=conures,internal,main
/available-birds/,/parrots/conures/,internal,main
/available-birds/,/contact/?species=caiques,internal,main
/available-birds/,/parrots/caiques/,internal,main
/available-birds/,/contact/?species=eclectus,internal,main
/available-birds/,/parrots/eclectus/,internal,main
/available-birds/,/contact/?species=parakeets-small-psittacines,internal,main
/available-birds/,/parrots/parakeets-small-psittacines/,internal,main
/available-birds/,/contact/,internal,main
/available-birds/,/parrots/african-parrots/,internal,main
/available-birds/,/parrots/macaws/,internal,main
/available-birds/,/parrots/cockatoos/,internal,main
/available-birds/,/parrots/amazons/,internal,main
/available-birds/,/parrots/conures/,internal,main
/available-birds/,/parrots/caiques/,internal,main
/available-birds/,/parrots/eclectus/,internal,main
/available-birds/,/parrots/parakeets-small-psittacines/,internal,main
/available-birds/,/guides/buying-a-parrot/,internal,main
/available-birds/,/guides/cites-parrots-uk/,internal,main
/available-birds/,/guides/parrot-ownership-costs/,internal,main
/available-birds/,/guides/preparing-for-a-parrot/,internal,main
/available-birds/,/available-birds/,internal,main
/available-birds/,/parrots/,internal,main
/available-birds/,/parrots-for-sale/,internal,main
/available-birds/,/our-approach/,internal,main
/available-birds/,/parrot-care/,internal,main
/available-birds/,/,internal,chrome
/available-birds/,/available-birds/,internal,chrome
/available-birds/,/parrots/,internal,chrome
/available-birds/,/parrots-for-sale/,internal,chrome
/available-birds/,/our-approach/,internal,chrome
/available-birds/,/parrot-care/,internal,chrome
/available-birds/,/locations/,internal,chrome
/available-birds/,/parrot-prices-uk/,internal,chrome
/available-birds/,/contact/,internal,chrome
/available-birds/,/privacy-policy/,internal,chrome
/available-birds/,/cookie-policy/,internal,chrome
/available-birds/,/business-policies/,internal,chrome
/business-policies/,/,internal,chrome
/business-policies/,/available-birds/,internal,chrome
/business-policies/,/parrots/,internal,chrome
/business-policies/,/parrots-for-sale/,internal,chrome
/business-policies/,/guides/,internal,chrome
/business-policies/,/contact/,internal,chrome
/business-policies/,/contact/,internal,chrome
/business-policies/,/,internal,main
/business-policies/,https://www.gov.uk/online-and-distance-selling-for-businesses,external,main
/business-policies/,https://www.gov.uk/accepting-returns-and-giving-refunds,external,main
/business-policies/,/privacy-policy/,internal,main
/business-policies/,/guides/buying-a-parrot-checklist/,internal,main
/business-policies/,/privacy-policy/,internal,main
/business-policies/,/cookie-policy/,internal,main
/business-policies/,/contact/,internal,main
/business-policies/,/,internal,chrome
/business-policies/,/available-birds/,internal,chrome
/business-policies/,/parrots/,internal,chrome
/business-policies/,/parrots-for-sale/,internal,chrome
/business-policies/,/our-approach/,internal,chrome
/business-policies/,/parrot-care/,internal,chrome
/business-policies/,/locations/,internal,chrome
/business-policies/,/parrot-prices-uk/,internal,chrome
/business-policies/,/contact/,internal,chrome
/business-policies/,/privacy-policy/,internal,chrome
/business-policies/,/cookie-policy/,internal,chrome
/business-policies/,/business-policies/,internal,chrome
/contact/,/,internal,chrome
/contact/,/available-birds/,internal,chrome
/contact/,/parrots/,internal,chrome
/contact/,/parrots-for-sale/,internal,chrome
/contact/,/guides/,internal,chrome
/contact/,/contact/,internal,chrome
/contact/,/contact/,internal,chrome
/contact/,/,internal,main
/contact/,/our-approach/,internal,main
/contact/,/guides/buying-a-parrot-checklist/,internal,main
/contact/,/privacy-policy/,internal,main
/contact/,/business-policies/,internal,main
/contact/,/available-birds/,internal,main
/contact/,/parrots/,internal,main
/contact/,/parrots-for-sale/,internal,main
/contact/,/our-approach/,internal,main
/contact/,/parrot-care/,internal,main
/contact/,/,internal,chrome
/contact/,/available-birds/,internal,chrome
/contact/,/parrots/,internal,chrome
/contact/,/parrots-for-sale/,internal,chrome
/contact/,/our-approach/,internal,chrome
/contact/,/parrot-care/,internal,chrome
/contact/,/locations/,internal,chrome
/contact/,/parrot-prices-uk/,internal,chrome
/contact/,/contact/,internal,chrome
/contact/,/privacy-policy/,internal,chrome
/contact/,/cookie-policy/,internal,chrome
/contact/,/business-policies/,internal,chrome
/cookie-policy/,/,internal,chrome
/cookie-policy/,/available-birds/,internal,chrome
/cookie-policy/,/parrots/,internal,chrome
/cookie-policy/,/parrots-for-sale/,internal,chrome
/cookie-policy/,/guides/,internal,chrome
/cookie-policy/,/contact/,internal,chrome
/cookie-policy/,/contact/,internal,chrome
/cookie-policy/,/,internal,main
/cookie-policy/,https://developers.google.com/fonts/faq/privacy,external,main
/cookie-policy/,/privacy-policy/,internal,main
/cookie-policy/,/privacy-policy/,internal,main
/cookie-policy/,/business-policies/,internal,main
/cookie-policy/,/contact/,internal,main
/cookie-policy/,/,internal,chrome
/cookie-policy/,/available-birds/,internal,chrome
/cookie-policy/,/parrots/,internal,chrome
/cookie-policy/,/parrots-for-sale/,internal,chrome
/cookie-policy/,/our-approach/,internal,chrome
/cookie-policy/,/parrot-care/,internal,chrome
/cookie-policy/,/locations/,internal,chrome
/cookie-policy/,/parrot-prices-uk/,internal,chrome
/cookie-policy/,/contact/,internal,chrome
/cookie-policy/,/privacy-policy/,internal,chrome
/cookie-policy/,/cookie-policy/,internal,chrome
/cookie-policy/,/business-policies/,internal,chrome
/guides/,/,internal,chrome
/guides/,/available-birds/,internal,chrome
/guides/,/parrots/,internal,chrome
/guides/,/parrots-for-sale/,internal,chrome
/guides/,/guides/,internal,chrome
/guides/,/contact/,internal,chrome
/guides/,/contact/,internal,chrome
/guides/,/,internal,main
/guides/,/guides/buying-a-parrot/,internal,main
/guides/,/guides/buying-a-parrot-checklist/,internal,main
/guides/,/guides/buying-a-parrot/,internal,main
/guides/,/guides/choosing-a-parrot/,internal,main
/guides/,/guides/buying-a-parrot-checklist/,internal,main
/guides/,/guides/preparing-for-a-parrot/,internal,main
/guides/,/parrots/,internal,main
/guides/,/available-birds/,internal,main
/guides/,/guides/parrot-ownership-costs/,internal,main
/guides/,/guides/parrot-diet-nutrition/,internal,main
/guides/,/guides/parrot-housing-enrichment/,internal,main
/guides/,/contact/,internal,main
/guides/,/guides/cites-parrots-uk/,internal,main
/guides/,/parrot-care/,internal,main
/guides/,/parrots/,internal,main
/guides/,/available-birds/,internal,main
/guides/,/parrots-for-sale/,internal,main
/guides/,/contact/,internal,main
/guides/,/guides/,internal,main
/guides/,/available-birds/,internal,main
/guides/,/contact/,internal,main
/guides/,/,internal,chrome
/guides/,/available-birds/,internal,chrome
/guides/,/parrots/,internal,chrome
/guides/,/parrots-for-sale/,internal,chrome
/guides/,/our-approach/,internal,chrome
/guides/,/parrot-care/,internal,chrome
/guides/,/locations/,internal,chrome
/guides/,/parrot-prices-uk/,internal,chrome
/guides/,/contact/,internal,chrome
/guides/,/privacy-policy/,internal,chrome
/guides/,/cookie-policy/,internal,chrome
/guides/,/business-policies/,internal,chrome
/guides/buying-a-parrot-checklist/,/,internal,chrome
/guides/buying-a-parrot-checklist/,/available-birds/,internal,chrome
/guides/buying-a-parrot-checklist/,/parrots/,internal,chrome
/guides/buying-a-parrot-checklist/,/parrots-for-sale/,internal,chrome
/guides/buying-a-parrot-checklist/,/guides/,internal,chrome
/guides/buying-a-parrot-checklist/,/contact/,internal,chrome
/guides/buying-a-parrot-checklist/,/contact/,internal,chrome
/guides/buying-a-parrot-checklist/,/,internal,main
/guides/buying-a-parrot-checklist/,/guides/preparing-for-a-parrot/,internal,main
/guides/buying-a-parrot-checklist/,/parrots-for-sale/,internal,main
/guides/buying-a-parrot-checklist/,/guides/buying-a-parrot/,internal,main
/guides/buying-a-parrot-checklist/,/guides/cites-parrots-uk/,internal,main
/guides/buying-a-parrot-checklist/,/guides/parrot-ownership-costs/,internal,main
/guides/buying-a-parrot-checklist/,/guides/preparing-for-a-parrot/,internal,main
/guides/buying-a-parrot-checklist/,/parrots/macaws/,internal,main
/guides/buying-a-parrot-checklist/,/parrots-for-sale/macaws/,internal,main
/guides/buying-a-parrot-checklist/,/parrots/amazons/,internal,main
/guides/buying-a-parrot-checklist/,/parrots-for-sale/amazon-parrots/,internal,main
/guides/buying-a-parrot-checklist/,/parrots/eclectus/,internal,main
/guides/buying-a-parrot-checklist/,/parrots-for-sale/eclectus-parrots/,internal,main
/guides/buying-a-parrot-checklist/,/parrot-care/,internal,main
/guides/buying-a-parrot-checklist/,/parrots/,internal,main
/guides/buying-a-parrot-checklist/,/our-approach/,internal,main
/guides/buying-a-parrot-checklist/,/contact/,internal,main
/guides/buying-a-parrot-checklist/,/,internal,chrome
/guides/buying-a-parrot-checklist/,/available-birds/,internal,chrome
/guides/buying-a-parrot-checklist/,/parrots/,internal,chrome
/guides/buying-a-parrot-checklist/,/parrots-for-sale/,internal,chrome
/guides/buying-a-parrot-checklist/,/our-approach/,internal,chrome
/guides/buying-a-parrot-checklist/,/parrot-care/,internal,chrome
/guides/buying-a-parrot-checklist/,/locations/,internal,chrome
/guides/buying-a-parrot-checklist/,/parrot-prices-uk/,internal,chrome
/guides/buying-a-parrot-checklist/,/contact/,internal,chrome
/guides/buying-a-parrot-checklist/,/privacy-policy/,internal,chrome
/guides/buying-a-parrot-checklist/,/cookie-policy/,internal,chrome
/guides/buying-a-parrot-checklist/,/business-policies/,internal,chrome
/guides/buying-a-parrot/,/,internal,chrome
/guides/buying-a-parrot/,/available-birds/,internal,chrome
/guides/buying-a-parrot/,/parrots/,internal,chrome
/guides/buying-a-parrot/,/parrots-for-sale/,internal,chrome
/guides/buying-a-parrot/,/guides/,internal,chrome
/guides/buying-a-parrot/,/contact/,internal,chrome
/guides/buying-a-parrot/,/contact/,internal,chrome
/guides/buying-a-parrot/,/,internal,main
/guides/buying-a-parrot/,/guides/,internal,main
/guides/buying-a-parrot/,/guides/choosing-a-parrot/,internal,main
/guides/buying-a-parrot/,/parrots/,internal,main
/guides/buying-a-parrot/,/guides/parrot-housing-enrichment/,internal,main
/guides/buying-a-parrot/,/guides/parrot-diet-nutrition/,internal,main
/guides/buying-a-parrot/,/guides/preparing-for-a-parrot/,internal,main
/guides/buying-a-parrot/,/guides/cites-parrots-uk/,internal,main
/guides/buying-a-parrot/,/guides/parrot-ownership-costs/,internal,main
/guides/buying-a-parrot/,/parrot-prices-uk/,internal,main
/guides/buying-a-parrot/,/guides/cites-parrots-uk/,internal,main
/guides/buying-a-parrot/,/guides/parrot-housing-enrichment/,internal,main
/guides/buying-a-parrot/,/guides/parrot-diet-nutrition/,internal,main
/guides/buying-a-parrot/,/guides/preparing-for-a-parrot/,internal,main
/guides/buying-a-parrot/,/guides/preparing-for-a-parrot/,internal,main
/guides/buying-a-parrot/,/guides/buying-a-parrot-checklist/,internal,main
/guides/buying-a-parrot/,/contact/,internal,main
/guides/buying-a-parrot/,/guides/buying-a-parrot/,internal,main
/guides/buying-a-parrot/,/guides/cites-parrots-uk/,internal,main
/guides/buying-a-parrot/,/guides/parrot-ownership-costs/,internal,main
/guides/buying-a-parrot/,/guides/preparing-for-a-parrot/,internal,main
/guides/buying-a-parrot/,/guides/,internal,main
/guides/buying-a-parrot/,/available-birds/,internal,main
/guides/buying-a-parrot/,/contact/,internal,main
/guides/buying-a-parrot/,/,internal,chrome
/guides/buying-a-parrot/,/available-birds/,internal,chrome
/guides/buying-a-parrot/,/parrots/,internal,chrome
/guides/buying-a-parrot/,/parrots-for-sale/,internal,chrome
/guides/buying-a-parrot/,/our-approach/,internal,chrome
/guides/buying-a-parrot/,/parrot-care/,internal,chrome
/guides/buying-a-parrot/,/locations/,internal,chrome
/guides/buying-a-parrot/,/parrot-prices-uk/,internal,chrome
/guides/buying-a-parrot/,/contact/,internal,chrome
/guides/buying-a-parrot/,/privacy-policy/,internal,chrome
/guides/buying-a-parrot/,/cookie-policy/,internal,chrome
/guides/buying-a-parrot/,/business-policies/,internal,chrome
/guides/choosing-a-parrot/,/,internal,chrome
/guides/choosing-a-parrot/,/available-birds/,internal,chrome
/guides/choosing-a-parrot/,/parrots/,internal,chrome
/guides/choosing-a-parrot/,/parrots-for-sale/,internal,chrome
/guides/choosing-a-parrot/,/guides/,internal,chrome
/guides/choosing-a-parrot/,/contact/,internal,chrome
/guides/choosing-a-parrot/,/contact/,internal,chrome
/guides/choosing-a-parrot/,/,internal,main
/guides/choosing-a-parrot/,/parrots/,internal,main
/guides/choosing-a-parrot/,/guides/parrot-ownership-costs/,internal,main
/guides/choosing-a-parrot/,/guides/buying-a-parrot-checklist/,internal,main
/guides/choosing-a-parrot/,/guides/preparing-for-a-parrot/,internal,main
/guides/choosing-a-parrot/,/guides/parrot-housing-enrichment/,internal,main
/guides/choosing-a-parrot/,/guides/parrot-diet-nutrition/,internal,main
/guides/choosing-a-parrot/,/guides/parrot-ownership-costs/,internal,main
/guides/choosing-a-parrot/,/guides/buying-a-parrot/,internal,main
/guides/choosing-a-parrot/,/guides/cites-parrots-uk/,internal,main
/guides/choosing-a-parrot/,/guides/parrot-ownership-costs/,internal,main
/guides/choosing-a-parrot/,/guides/preparing-for-a-parrot/,internal,main
/guides/choosing-a-parrot/,/parrots/african-parrots/,internal,main
/guides/choosing-a-parrot/,/parrots-for-sale/african-grey-parrots/,internal,main
/guides/choosing-a-parrot/,/parrots/conures/,internal,main
/guides/choosing-a-parrot/,/parrots-for-sale/conures/,internal,main
/guides/choosing-a-parrot/,/parrots/cockatoos/,internal,main
/guides/choosing-a-parrot/,/parrots-for-sale/cockatoos/,internal,main
/guides/choosing-a-parrot/,/parrot-care/,internal,main
/guides/choosing-a-parrot/,/parrots/,internal,main
/guides/choosing-a-parrot/,/our-approach/,internal,main
/guides/choosing-a-parrot/,/contact/,internal,main
/guides/choosing-a-parrot/,/,internal,chrome
/guides/choosing-a-parrot/,/available-birds/,internal,chrome
/guides/choosing-a-parrot/,/parrots/,internal,chrome
/guides/choosing-a-parrot/,/parrots-for-sale/,internal,chrome
/guides/choosing-a-parrot/,/our-approach/,internal,chrome
/guides/choosing-a-parrot/,/parrot-care/,internal,chrome
/guides/choosing-a-parrot/,/locations/,internal,chrome
/guides/choosing-a-parrot/,/parrot-prices-uk/,internal,chrome
/guides/choosing-a-parrot/,/contact/,internal,chrome
/guides/choosing-a-parrot/,/privacy-policy/,internal,chrome
/guides/choosing-a-parrot/,/cookie-policy/,internal,chrome
/guides/choosing-a-parrot/,/business-policies/,internal,chrome
/guides/cites-parrots-uk/,/,internal,chrome
/guides/cites-parrots-uk/,/available-birds/,internal,chrome
/guides/cites-parrots-uk/,/parrots/,internal,chrome
/guides/cites-parrots-uk/,/parrots-for-sale/,internal,chrome
/guides/cites-parrots-uk/,/guides/,internal,chrome
/guides/cites-parrots-uk/,/contact/,internal,chrome
/guides/cites-parrots-uk/,/contact/,internal,chrome
/guides/cites-parrots-uk/,/,internal,main
/guides/cites-parrots-uk/,/guides/,internal,main
/guides/cites-parrots-uk/,https://www.gov.uk/guidance/endangered-species-certificates-for-commercial-use,external,main
/guides/cites-parrots-uk/,https://www.speciesplus.net/,external,main
/guides/cites-parrots-uk/,https://www.gov.uk/guidance/cites-imports-and-exports,external,main
/guides/cites-parrots-uk/,https://www.daera-ni.gov.uk/articles/other-animal-species-movements-great-britain-northern-ireland,external,main
/guides/cites-parrots-uk/,https://www.gov.uk/government/collections/register-as-a-bird-keeper,external,main
/guides/cites-parrots-uk/,https://www.gov.uk/guidance/register-as-a-keeper-of-less-than-50-poultry-or-other-captive-birds,external,main
/guides/cites-parrots-uk/,https://www.gov.scot/publications/avian-influenza-bird-flu/pages/register-your-birds,external,main
/guides/cites-parrots-uk/,https://www.gov.uk/guidance/endangered-species-certificates-for-commercial-use,external,main
/guides/cites-parrots-uk/,https://www.gov.uk/guidance/cites-imports-and-exports,external,main
/guides/cites-parrots-uk/,https://www.speciesplus.net/,external,main
/guides/cites-parrots-uk/,https://www.gov.uk/government/collections/register-as-a-bird-keeper,external,main
/guides/cites-parrots-uk/,https://www.gov.uk/guidance/register-as-a-keeper-of-less-than-50-poultry-or-other-captive-birds,external,main
/guides/cites-parrots-uk/,https://www.gov.scot/publications/avian-influenza-bird-flu/pages/register-your-birds,external,main
/guides/cites-parrots-uk/,https://www.daera-ni.gov.uk/articles/other-animal-species-movements-great-britain-northern-ireland,external,main
/guides/cites-parrots-uk/,/guides/buying-a-parrot/,internal,main
/guides/cites-parrots-uk/,/guides/cites-parrots-uk/,internal,main
/guides/cites-parrots-uk/,/guides/parrot-ownership-costs/,internal,main
/guides/cites-parrots-uk/,/guides/preparing-for-a-parrot/,internal,main
/guides/cites-parrots-uk/,/guides/,internal,main
/guides/cites-parrots-uk/,/available-birds/,internal,main
/guides/cites-parrots-uk/,/contact/,internal,main
/guides/cites-parrots-uk/,/,internal,chrome
/guides/cites-parrots-uk/,/available-birds/,internal,chrome
/guides/cites-parrots-uk/,/parrots/,internal,chrome
/guides/cites-parrots-uk/,/parrots-for-sale/,internal,chrome
/guides/cites-parrots-uk/,/our-approach/,internal,chrome
/guides/cites-parrots-uk/,/parrot-care/,internal,chrome
/guides/cites-parrots-uk/,/locations/,internal,chrome
/guides/cites-parrots-uk/,/parrot-prices-uk/,internal,chrome
/guides/cites-parrots-uk/,/contact/,internal,chrome
/guides/cites-parrots-uk/,/privacy-policy/,internal,chrome
/guides/cites-parrots-uk/,/cookie-policy/,internal,chrome
/guides/cites-parrots-uk/,/business-policies/,internal,chrome
/guides/parrot-diet-nutrition/,/,internal,chrome
/guides/parrot-diet-nutrition/,/available-birds/,internal,chrome
/guides/parrot-diet-nutrition/,/parrots/,internal,chrome
/guides/parrot-diet-nutrition/,/parrots-for-sale/,internal,chrome
/guides/parrot-diet-nutrition/,/guides/,internal,chrome
/guides/parrot-diet-nutrition/,/contact/,internal,chrome
/guides/parrot-diet-nutrition/,/contact/,internal,chrome
/guides/parrot-diet-nutrition/,/,internal,main
/guides/parrot-diet-nutrition/,/parrots/,internal,main
/guides/parrot-diet-nutrition/,https://www.rspca.org.uk/adviceandwelfare/pets/birds/diet,external,main
/guides/parrot-diet-nutrition/,/parrot-care/,internal,main
/guides/parrot-diet-nutrition/,/guides/buying-a-parrot/,internal,main
/guides/parrot-diet-nutrition/,/guides/cites-parrots-uk/,internal,main
/guides/parrot-diet-nutrition/,/guides/parrot-ownership-costs/,internal,main
/guides/parrot-diet-nutrition/,/guides/preparing-for-a-parrot/,internal,main
/guides/parrot-diet-nutrition/,/parrots/eclectus/,internal,main
/guides/parrot-diet-nutrition/,/parrots-for-sale/eclectus-parrots/,internal,main
/guides/parrot-diet-nutrition/,/parrots/amazons/,internal,main
/guides/parrot-diet-nutrition/,/parrots-for-sale/amazon-parrots/,internal,main
/guides/parrot-diet-nutrition/,/parrots/parakeets-small-psittacines/,internal,main
/guides/parrot-diet-nutrition/,/parrots-for-sale/parakeets-small-parrots/,internal,main
/guides/parrot-diet-nutrition/,/parrot-care/,internal,main
/guides/parrot-diet-nutrition/,/parrots/,internal,main
/guides/parrot-diet-nutrition/,/our-approach/,internal,main
/guides/parrot-diet-nutrition/,/contact/,internal,main
/guides/parrot-diet-nutrition/,/,internal,chrome
/guides/parrot-diet-nutrition/,/available-birds/,internal,chrome
/guides/parrot-diet-nutrition/,/parrots/,internal,chrome
/guides/parrot-diet-nutrition/,/parrots-for-sale/,internal,chrome
/guides/parrot-diet-nutrition/,/our-approach/,internal,chrome
/guides/parrot-diet-nutrition/,/parrot-care/,internal,chrome
/guides/parrot-diet-nutrition/,/locations/,internal,chrome
/guides/parrot-diet-nutrition/,/parrot-prices-uk/,internal,chrome
/guides/parrot-diet-nutrition/,/contact/,internal,chrome
/guides/parrot-diet-nutrition/,/privacy-policy/,internal,chrome
/guides/parrot-diet-nutrition/,/cookie-policy/,internal,chrome
/guides/parrot-diet-nutrition/,/business-policies/,internal,chrome
/guides/parrot-housing-enrichment/,/,internal,chrome
/guides/parrot-housing-enrichment/,/available-birds/,internal,chrome
/guides/parrot-housing-enrichment/,/parrots/,internal,chrome
/guides/parrot-housing-enrichment/,/parrots-for-sale/,internal,chrome
/guides/parrot-housing-enrichment/,/guides/,internal,chrome
/guides/parrot-housing-enrichment/,/contact/,internal,chrome
/guides/parrot-housing-enrichment/,/contact/,internal,chrome
/guides/parrot-housing-enrichment/,/,internal,main
/guides/parrot-housing-enrichment/,https://www.rspca.org.uk/adviceandwelfare/pets/birds/environment,external,main
/guides/parrot-housing-enrichment/,https://www.rspca.org.uk/adviceandwelfare/pets/birds/enrichment,external,main
/guides/parrot-housing-enrichment/,/guides/preparing-for-a-parrot/,internal,main
/guides/parrot-housing-enrichment/,/guides/parrot-ownership-costs/,internal,main
/guides/parrot-housing-enrichment/,/guides/buying-a-parrot/,internal,main
/guides/parrot-housing-enrichment/,/guides/cites-parrots-uk/,internal,main
/guides/parrot-housing-enrichment/,/guides/parrot-ownership-costs/,internal,main
/guides/parrot-housing-enrichment/,/guides/preparing-for-a-parrot/,internal,main
/guides/parrot-housing-enrichment/,/parrots/macaws/,internal,main
/guides/parrot-housing-enrichment/,/parrots-for-sale/macaws/,internal,main
/guides/parrot-housing-enrichment/,/parrots/caiques/,internal,main
/guides/parrot-housing-enrichment/,/parrots-for-sale/caiques/,internal,main
/guides/parrot-housing-enrichment/,/parrots/parakeets-small-psittacines/,internal,main
/guides/parrot-housing-enrichment/,/parrots-for-sale/parakeets-small-parrots/,internal,main
/guides/parrot-housing-enrichment/,/parrot-care/,internal,main
/guides/parrot-housing-enrichment/,/parrots/,internal,main
/guides/parrot-housing-enrichment/,/our-approach/,internal,main
/guides/parrot-housing-enrichment/,/contact/,internal,main
/guides/parrot-housing-enrichment/,/,internal,chrome
/guides/parrot-housing-enrichment/,/available-birds/,internal,chrome
/guides/parrot-housing-enrichment/,/parrots/,internal,chrome
/guides/parrot-housing-enrichment/,/parrots-for-sale/,internal,chrome
/guides/parrot-housing-enrichment/,/our-approach/,internal,chrome
/guides/parrot-housing-enrichment/,/parrot-care/,internal,chrome
/guides/parrot-housing-enrichment/,/locations/,internal,chrome
/guides/parrot-housing-enrichment/,/parrot-prices-uk/,internal,chrome
/guides/parrot-housing-enrichment/,/contact/,internal,chrome
/guides/parrot-housing-enrichment/,/privacy-policy/,internal,chrome
/guides/parrot-housing-enrichment/,/cookie-policy/,internal,chrome
/guides/parrot-housing-enrichment/,/business-policies/,internal,chrome
/guides/parrot-ownership-costs/,/,internal,chrome
/guides/parrot-ownership-costs/,/available-birds/,internal,chrome
/guides/parrot-ownership-costs/,/parrots/,internal,chrome
/guides/parrot-ownership-costs/,/parrots-for-sale/,internal,chrome
/guides/parrot-ownership-costs/,/guides/,internal,chrome
/guides/parrot-ownership-costs/,/contact/,internal,chrome
/guides/parrot-ownership-costs/,/contact/,internal,chrome
/guides/parrot-ownership-costs/,/,internal,main
/guides/parrot-ownership-costs/,/parrots-for-sale/,internal,main
/guides/parrot-ownership-costs/,/guides/parrot-housing-enrichment/,internal,main
/guides/parrot-ownership-costs/,/guides/choosing-a-parrot/,internal,main
/guides/parrot-ownership-costs/,/parrot-prices-uk/,internal,main
/guides/parrot-ownership-costs/,/guides/buying-a-parrot/,internal,main
/guides/parrot-ownership-costs/,/guides/cites-parrots-uk/,internal,main
/guides/parrot-ownership-costs/,/guides/parrot-ownership-costs/,internal,main
/guides/parrot-ownership-costs/,/guides/preparing-for-a-parrot/,internal,main
/guides/parrot-ownership-costs/,/parrots/cockatoos/,internal,main
/guides/parrot-ownership-costs/,/parrots-for-sale/cockatoos/,internal,main
/guides/parrot-ownership-costs/,/parrots/macaws/,internal,main
/guides/parrot-ownership-costs/,/parrots-for-sale/macaws/,internal,main
/guides/parrot-ownership-costs/,/parrots/african-parrots/,internal,main
/guides/parrot-ownership-costs/,/parrots-for-sale/african-grey-parrots/,internal,main
/guides/parrot-ownership-costs/,/parrot-care/,internal,main
/guides/parrot-ownership-costs/,/parrots/,internal,main
/guides/parrot-ownership-costs/,/our-approach/,internal,main
/guides/parrot-ownership-costs/,/contact/,internal,main
/guides/parrot-ownership-costs/,/,internal,chrome
/guides/parrot-ownership-costs/,/available-birds/,internal,chrome
/guides/parrot-ownership-costs/,/parrots/,internal,chrome
/guides/parrot-ownership-costs/,/parrots-for-sale/,internal,chrome
/guides/parrot-ownership-costs/,/our-approach/,internal,chrome
/guides/parrot-ownership-costs/,/parrot-care/,internal,chrome
/guides/parrot-ownership-costs/,/locations/,internal,chrome
/guides/parrot-ownership-costs/,/parrot-prices-uk/,internal,chrome
/guides/parrot-ownership-costs/,/contact/,internal,chrome
/guides/parrot-ownership-costs/,/privacy-policy/,internal,chrome
/guides/parrot-ownership-costs/,/cookie-policy/,internal,chrome
/guides/parrot-ownership-costs/,/business-policies/,internal,chrome
/guides/preparing-for-a-parrot/,/,internal,chrome
/guides/preparing-for-a-parrot/,/available-birds/,internal,chrome
/guides/preparing-for-a-parrot/,/parrots/,internal,chrome
/guides/preparing-for-a-parrot/,/parrots-for-sale/,internal,chrome
/guides/preparing-for-a-parrot/,/guides/,internal,chrome
/guides/preparing-for-a-parrot/,/contact/,internal,chrome
/guides/preparing-for-a-parrot/,/contact/,internal,chrome
/guides/preparing-for-a-parrot/,/,internal,main
/guides/preparing-for-a-parrot/,https://vcahospitals.com/lakeline/know-your-pet/household-hazards-and-dangers-to-birds,external,main
/guides/preparing-for-a-parrot/,/guides/parrot-diet-nutrition/,internal,main
/guides/preparing-for-a-parrot/,/guides/parrot-housing-enrichment/,internal,main
/guides/preparing-for-a-parrot/,/guides/buying-a-parrot/,internal,main
/guides/preparing-for-a-parrot/,/guides/cites-parrots-uk/,internal,main
/guides/preparing-for-a-parrot/,/guides/parrot-ownership-costs/,internal,main
/guides/preparing-for-a-parrot/,/guides/preparing-for-a-parrot/,internal,main
/guides/preparing-for-a-parrot/,/parrots/african-parrots/,internal,main
/guides/preparing-for-a-parrot/,/parrots-for-sale/african-grey-parrots/,internal,main
/guides/preparing-for-a-parrot/,/parrots/eclectus/,internal,main
/guides/preparing-for-a-parrot/,/parrots-for-sale/eclectus-parrots/,internal,main
/guides/preparing-for-a-parrot/,/parrots/conures/,internal,main
/guides/preparing-for-a-parrot/,/parrots-for-sale/conures/,internal,main
/guides/preparing-for-a-parrot/,/parrot-care/,internal,main
/guides/preparing-for-a-parrot/,/parrots/,internal,main
/guides/preparing-for-a-parrot/,/our-approach/,internal,main
/guides/preparing-for-a-parrot/,/contact/,internal,main
/guides/preparing-for-a-parrot/,/,internal,chrome
/guides/preparing-for-a-parrot/,/available-birds/,internal,chrome
/guides/preparing-for-a-parrot/,/parrots/,internal,chrome
/guides/preparing-for-a-parrot/,/parrots-for-sale/,internal,chrome
/guides/preparing-for-a-parrot/,/our-approach/,internal,chrome
/guides/preparing-for-a-parrot/,/parrot-care/,internal,chrome
/guides/preparing-for-a-parrot/,/locations/,internal,chrome
/guides/preparing-for-a-parrot/,/parrot-prices-uk/,internal,chrome
/guides/preparing-for-a-parrot/,/contact/,internal,chrome
/guides/preparing-for-a-parrot/,/privacy-policy/,internal,chrome
/guides/preparing-for-a-parrot/,/cookie-policy/,internal,chrome
/guides/preparing-for-a-parrot/,/business-policies/,internal,chrome
/locations/,/,internal,chrome
/locations/,/available-birds/,internal,chrome
/locations/,/parrots/,internal,chrome
/locations/,/parrots-for-sale/,internal,chrome
/locations/,/guides/,internal,chrome
/locations/,/contact/,internal,chrome
/locations/,/contact/,internal,chrome
/locations/,/,internal,main
/locations/,/locations/london/,internal,main
/locations/,/locations/manchester/,internal,main
/locations/,/locations/birmingham/,internal,main
/locations/,/locations/leeds/,internal,main
/locations/,/locations/bristol/,internal,main
/locations/,/locations/liverpool/,internal,main
/locations/,/locations/sheffield/,internal,main
/locations/,/locations/nottingham/,internal,main
/locations/,/locations/newcastle/,internal,main
/locations/,/locations/cardiff/,internal,main
/locations/,/locations/edinburgh/,internal,main
/locations/,/locations/glasgow/,internal,main
/locations/,/locations/belfast/,internal,main
/locations/,/parrots/african-parrots/,internal,main
/locations/,/parrots/macaws/,internal,main
/locations/,/parrots/cockatoos/,internal,main
/locations/,/parrots/amazons/,internal,main
/locations/,/parrots/conures/,internal,main
/locations/,/parrots/caiques/,internal,main
/locations/,/parrots/eclectus/,internal,main
/locations/,/parrots/parakeets-small-psittacines/,internal,main
/locations/,/parrots-for-sale/,internal,main
/locations/,/parrots/,internal,main
/locations/,/parrot-care/,internal,main
/locations/,/,internal,chrome
/locations/,/available-birds/,internal,chrome
/locations/,/parrots/,internal,chrome
/locations/,/parrots-for-sale/,internal,chrome
/locations/,/our-approach/,internal,chrome
/locations/,/parrot-care/,internal,chrome
/locations/,/locations/,internal,chrome
/locations/,/parrot-prices-uk/,internal,chrome
/locations/,/contact/,internal,chrome
/locations/,/privacy-policy/,internal,chrome
/locations/,/cookie-policy/,internal,chrome
/locations/,/business-policies/,internal,chrome
/locations/belfast/,/,internal,chrome
/locations/belfast/,/available-birds/,internal,chrome
/locations/belfast/,/parrots/,internal,chrome
/locations/belfast/,/parrots-for-sale/,internal,chrome
/locations/belfast/,/guides/,internal,chrome
/locations/belfast/,/contact/,internal,chrome
/locations/belfast/,/contact/,internal,chrome
/locations/belfast/,/,internal,main
/locations/belfast/,/parrots/african-parrots/,internal,main
/locations/belfast/,/parrots-for-sale/african-grey-parrots/,internal,main
/locations/belfast/,/parrots/amazons/,internal,main
/locations/belfast/,/parrots-for-sale/amazon-parrots/,internal,main
/locations/belfast/,/parrots/parakeets-small-psittacines/,internal,main
/locations/belfast/,/parrots-for-sale/parakeets-small-parrots/,internal,main
/locations/belfast/,/guides/buying-a-parrot-checklist/,internal,main
/locations/belfast/,/guides/buying-a-parrot-checklist/,internal,main
/locations/belfast/,/parrot-prices-uk/,internal,main
/locations/belfast/,/privacy-policy/,internal,main
/locations/belfast/,/business-policies/,internal,main
/locations/belfast/,/locations/,internal,main
/locations/belfast/,/parrots/,internal,main
/locations/belfast/,/parrots-for-sale/,internal,main
/locations/belfast/,/guides/preparing-for-a-parrot/,internal,main
/locations/belfast/,/,internal,chrome
/locations/belfast/,/available-birds/,internal,chrome
/locations/belfast/,/parrots/,internal,chrome
/locations/belfast/,/parrots-for-sale/,internal,chrome
/locations/belfast/,/our-approach/,internal,chrome
/locations/belfast/,/parrot-care/,internal,chrome
/locations/belfast/,/locations/,internal,chrome
/locations/belfast/,/parrot-prices-uk/,internal,chrome
/locations/belfast/,/contact/,internal,chrome
/locations/belfast/,/privacy-policy/,internal,chrome
/locations/belfast/,/cookie-policy/,internal,chrome
/locations/belfast/,/business-policies/,internal,chrome
/locations/birmingham/,/,internal,chrome
/locations/birmingham/,/available-birds/,internal,chrome
/locations/birmingham/,/parrots/,internal,chrome
/locations/birmingham/,/parrots-for-sale/,internal,chrome
/locations/birmingham/,/guides/,internal,chrome
/locations/birmingham/,/contact/,internal,chrome
/locations/birmingham/,/contact/,internal,chrome
/locations/birmingham/,/,internal,main
/locations/birmingham/,/parrots/african-parrots/,internal,main
/locations/birmingham/,/parrots-for-sale/african-grey-parrots/,internal,main
/locations/birmingham/,/parrots/amazons/,internal,main
/locations/birmingham/,/parrots-for-sale/amazon-parrots/,internal,main
/locations/birmingham/,/parrots/parakeets-small-psittacines/,internal,main
/locations/birmingham/,/parrots-for-sale/parakeets-small-parrots/,internal,main
/locations/birmingham/,/guides/choosing-a-parrot/,internal,main
/locations/birmingham/,/guides/buying-a-parrot-checklist/,internal,main
/locations/birmingham/,/parrot-prices-uk/,internal,main
/locations/birmingham/,/privacy-policy/,internal,main
/locations/birmingham/,/business-policies/,internal,main
/locations/birmingham/,/locations/,internal,main
/locations/birmingham/,/parrots/,internal,main
/locations/birmingham/,/parrots-for-sale/,internal,main
/locations/birmingham/,/guides/preparing-for-a-parrot/,internal,main
/locations/birmingham/,/,internal,chrome
/locations/birmingham/,/available-birds/,internal,chrome
/locations/birmingham/,/parrots/,internal,chrome
/locations/birmingham/,/parrots-for-sale/,internal,chrome
/locations/birmingham/,/our-approach/,internal,chrome
/locations/birmingham/,/parrot-care/,internal,chrome
/locations/birmingham/,/locations/,internal,chrome
/locations/birmingham/,/parrot-prices-uk/,internal,chrome
/locations/birmingham/,/contact/,internal,chrome
/locations/birmingham/,/privacy-policy/,internal,chrome
/locations/birmingham/,/cookie-policy/,internal,chrome
/locations/birmingham/,/business-policies/,internal,chrome
/locations/bristol/,/,internal,chrome
/locations/bristol/,/available-birds/,internal,chrome
/locations/bristol/,/parrots/,internal,chrome
/locations/bristol/,/parrots-for-sale/,internal,chrome
/locations/bristol/,/guides/,internal,chrome
/locations/bristol/,/contact/,internal,chrome
/locations/bristol/,/contact/,internal,chrome
/locations/bristol/,/,internal,main
/locations/bristol/,/parrots/caiques/,internal,main
/locations/bristol/,/parrots-for-sale/caiques/,internal,main
/locations/bristol/,/parrots/conures/,internal,main
/locations/bristol/,/parrots-for-sale/conures/,internal,main
/locations/bristol/,/parrots/cockatoos/,internal,main
/locations/bristol/,/parrots-for-sale/cockatoos/,internal,main
/locations/bristol/,/guides/parrot-housing-enrichment/,internal,main
/locations/bristol/,/guides/buying-a-parrot-checklist/,internal,main
/locations/bristol/,/parrot-prices-uk/,internal,main
/locations/bristol/,/privacy-policy/,internal,main
/locations/bristol/,/business-policies/,internal,main
/locations/bristol/,/locations/,internal,main
/locations/bristol/,/parrots/,internal,main
/locations/bristol/,/parrots-for-sale/,internal,main
/locations/bristol/,/guides/preparing-for-a-parrot/,internal,main
/locations/bristol/,/,internal,chrome
/locations/bristol/,/available-birds/,internal,chrome
/locations/bristol/,/parrots/,internal,chrome
/locations/bristol/,/parrots-for-sale/,internal,chrome
/locations/bristol/,/our-approach/,internal,chrome
/locations/bristol/,/parrot-care/,internal,chrome
/locations/bristol/,/locations/,internal,chrome
/locations/bristol/,/parrot-prices-uk/,internal,chrome
/locations/bristol/,/contact/,internal,chrome
/locations/bristol/,/privacy-policy/,internal,chrome
/locations/bristol/,/cookie-policy/,internal,chrome
/locations/bristol/,/business-policies/,internal,chrome
/locations/cardiff/,/,internal,chrome
/locations/cardiff/,/available-birds/,internal,chrome
/locations/cardiff/,/parrots/,internal,chrome
/locations/cardiff/,/parrots-for-sale/,internal,chrome
/locations/cardiff/,/guides/,internal,chrome
/locations/cardiff/,/contact/,internal,chrome
/locations/cardiff/,/contact/,internal,chrome
/locations/cardiff/,/,internal,main
/locations/cardiff/,/parrots/african-parrots/,internal,main
/locations/cardiff/,/parrots-for-sale/african-grey-parrots/,internal,main
/locations/cardiff/,/parrots/parakeets-small-psittacines/,internal,main
/locations/cardiff/,/parrots-for-sale/parakeets-small-parrots/,internal,main
/locations/cardiff/,/parrots/conures/,internal,main
/locations/cardiff/,/parrots-for-sale/conures/,internal,main
/locations/cardiff/,/guides/choosing-a-parrot/,internal,main
/locations/cardiff/,/guides/buying-a-parrot-checklist/,internal,main
/locations/cardiff/,/parrot-prices-uk/,internal,main
/locations/cardiff/,/privacy-policy/,internal,main
/locations/cardiff/,/business-policies/,internal,main
/locations/cardiff/,/locations/,internal,main
/locations/cardiff/,/parrots/,internal,main
/locations/cardiff/,/parrots-for-sale/,internal,main
/locations/cardiff/,/guides/preparing-for-a-parrot/,internal,main
/locations/cardiff/,/,internal,chrome
/locations/cardiff/,/available-birds/,internal,chrome
/locations/cardiff/,/parrots/,internal,chrome
/locations/cardiff/,/parrots-for-sale/,internal,chrome
/locations/cardiff/,/our-approach/,internal,chrome
/locations/cardiff/,/parrot-care/,internal,chrome
/locations/cardiff/,/locations/,internal,chrome
/locations/cardiff/,/parrot-prices-uk/,internal,chrome
/locations/cardiff/,/contact/,internal,chrome
/locations/cardiff/,/privacy-policy/,internal,chrome
/locations/cardiff/,/cookie-policy/,internal,chrome
/locations/cardiff/,/business-policies/,internal,chrome
/locations/edinburgh/,/,internal,chrome
/locations/edinburgh/,/available-birds/,internal,chrome
/locations/edinburgh/,/parrots/,internal,chrome
/locations/edinburgh/,/parrots-for-sale/,internal,chrome
/locations/edinburgh/,/guides/,internal,chrome
/locations/edinburgh/,/contact/,internal,chrome
/locations/edinburgh/,/contact/,internal,chrome
/locations/edinburgh/,/,internal,main
/locations/edinburgh/,/parrots/cockatoos/,internal,main
/locations/edinburgh/,/parrots-for-sale/cockatoos/,internal,main
/locations/edinburgh/,/parrots/african-parrots/,internal,main
/locations/edinburgh/,/parrots-for-sale/african-grey-parrots/,internal,main
/locations/edinburgh/,/parrots/eclectus/,internal,main
/locations/edinburgh/,/parrots-for-sale/eclectus-parrots/,internal,main
/locations/edinburgh/,/guides/parrot-ownership-costs/,internal,main
/locations/edinburgh/,/guides/buying-a-parrot-checklist/,internal,main
/locations/edinburgh/,/parrot-prices-uk/,internal,main
/locations/edinburgh/,/privacy-policy/,internal,main
/locations/edinburgh/,/business-policies/,internal,main
/locations/edinburgh/,/locations/,internal,main
/locations/edinburgh/,/parrots/,internal,main
/locations/edinburgh/,/parrots-for-sale/,internal,main
/locations/edinburgh/,/guides/preparing-for-a-parrot/,internal,main
/locations/edinburgh/,/,internal,chrome
/locations/edinburgh/,/available-birds/,internal,chrome
/locations/edinburgh/,/parrots/,internal,chrome
/locations/edinburgh/,/parrots-for-sale/,internal,chrome
/locations/edinburgh/,/our-approach/,internal,chrome
/locations/edinburgh/,/parrot-care/,internal,chrome
/locations/edinburgh/,/locations/,internal,chrome
/locations/edinburgh/,/parrot-prices-uk/,internal,chrome
/locations/edinburgh/,/contact/,internal,chrome
/locations/edinburgh/,/privacy-policy/,internal,chrome
/locations/edinburgh/,/cookie-policy/,internal,chrome
/locations/edinburgh/,/business-policies/,internal,chrome
/locations/glasgow/,/,internal,chrome
/locations/glasgow/,/available-birds/,internal,chrome
/locations/glasgow/,/parrots/,internal,chrome
/locations/glasgow/,/parrots-for-sale/,internal,chrome
/locations/glasgow/,/guides/,internal,chrome
/locations/glasgow/,/contact/,internal,chrome
/locations/glasgow/,/contact/,internal,chrome
/locations/glasgow/,/,internal,main
/locations/glasgow/,/parrots/eclectus/,internal,main
/locations/glasgow/,/parrots-for-sale/eclectus-parrots/,internal,main
/locations/glasgow/,/parrots/african-parrots/,internal,main
/locations/glasgow/,/parrots-for-sale/african-grey-parrots/,internal,main
/locations/glasgow/,/parrots/parakeets-small-psittacines/,internal,main
/locations/glasgow/,/parrots-for-sale/parakeets-small-parrots/,internal,main
/locations/glasgow/,/guides/parrot-diet-nutrition/,internal,main
/locations/glasgow/,/guides/buying-a-parrot-checklist/,internal,main
/locations/glasgow/,/parrot-prices-uk/,internal,main
/locations/glasgow/,/privacy-policy/,internal,main
/locations/glasgow/,/business-policies/,internal,main
/locations/glasgow/,/locations/,internal,main
/locations/glasgow/,/parrots/,internal,main
/locations/glasgow/,/parrots-for-sale/,internal,main
/locations/glasgow/,/guides/preparing-for-a-parrot/,internal,main
/locations/glasgow/,/,internal,chrome
/locations/glasgow/,/available-birds/,internal,chrome
/locations/glasgow/,/parrots/,internal,chrome
/locations/glasgow/,/parrots-for-sale/,internal,chrome
/locations/glasgow/,/our-approach/,internal,chrome
/locations/glasgow/,/parrot-care/,internal,chrome
/locations/glasgow/,/locations/,internal,chrome
/locations/glasgow/,/parrot-prices-uk/,internal,chrome
/locations/glasgow/,/contact/,internal,chrome
/locations/glasgow/,/privacy-policy/,internal,chrome
/locations/glasgow/,/cookie-policy/,internal,chrome
/locations/glasgow/,/business-policies/,internal,chrome
/locations/leeds/,/,internal,chrome
/locations/leeds/,/available-birds/,internal,chrome
/locations/leeds/,/parrots/,internal,chrome
/locations/leeds/,/parrots-for-sale/,internal,chrome
/locations/leeds/,/guides/,internal,chrome
/locations/leeds/,/contact/,internal,chrome
/locations/leeds/,/contact/,internal,chrome
/locations/leeds/,/,internal,main
/locations/leeds/,/parrots/macaws/,internal,main
/locations/leeds/,/parrots-for-sale/macaws/,internal,main
/locations/leeds/,/parrots/conures/,internal,main
/locations/leeds/,/parrots-for-sale/conures/,internal,main
/locations/leeds/,/parrots/parakeets-small-psittacines/,internal,main
/locations/leeds/,/parrots-for-sale/parakeets-small-parrots/,internal,main
/locations/leeds/,/guides/parrot-housing-enrichment/,internal,main
/locations/leeds/,/guides/buying-a-parrot-checklist/,internal,main
/locations/leeds/,/parrot-prices-uk/,internal,main
/locations/leeds/,/privacy-policy/,internal,main
/locations/leeds/,/business-policies/,internal,main
/locations/leeds/,/locations/,internal,main
/locations/leeds/,/parrots/,internal,main
/locations/leeds/,/parrots-for-sale/,internal,main
/locations/leeds/,/guides/preparing-for-a-parrot/,internal,main
/locations/leeds/,/,internal,chrome
/locations/leeds/,/available-birds/,internal,chrome
/locations/leeds/,/parrots/,internal,chrome
/locations/leeds/,/parrots-for-sale/,internal,chrome
/locations/leeds/,/our-approach/,internal,chrome
/locations/leeds/,/parrot-care/,internal,chrome
/locations/leeds/,/locations/,internal,chrome
/locations/leeds/,/parrot-prices-uk/,internal,chrome
/locations/leeds/,/contact/,internal,chrome
/locations/leeds/,/privacy-policy/,internal,chrome
/locations/leeds/,/cookie-policy/,internal,chrome
/locations/leeds/,/business-policies/,internal,chrome
/locations/liverpool/,/,internal,chrome
/locations/liverpool/,/available-birds/,internal,chrome
/locations/liverpool/,/parrots/,internal,chrome
/locations/liverpool/,/parrots-for-sale/,internal,chrome
/locations/liverpool/,/guides/,internal,chrome
/locations/liverpool/,/contact/,internal,chrome
/locations/liverpool/,/contact/,internal,chrome
/locations/liverpool/,/,internal,main
/locations/liverpool/,/parrots/african-parrots/,internal,main
/locations/liverpool/,/parrots-for-sale/african-grey-parrots/,internal,main
/locations/liverpool/,/parrots/amazons/,internal,main
/locations/liverpool/,/parrots-for-sale/amazon-parrots/,internal,main
/locations/liverpool/,/parrots/eclectus/,internal,main
/locations/liverpool/,/parrots-for-sale/eclectus-parrots/,internal,main
/locations/liverpool/,/guides/buying-a-parrot-checklist/,internal,main
/locations/liverpool/,/guides/buying-a-parrot-checklist/,internal,main
/locations/liverpool/,/parrot-prices-uk/,internal,main
/locations/liverpool/,/privacy-policy/,internal,main
/locations/liverpool/,/business-policies/,internal,main
/locations/liverpool/,/locations/,internal,main
/locations/liverpool/,/parrots/,internal,main
/locations/liverpool/,/parrots-for-sale/,internal,main
/locations/liverpool/,/guides/preparing-for-a-parrot/,internal,main
/locations/liverpool/,/,internal,chrome
/locations/liverpool/,/available-birds/,internal,chrome
/locations/liverpool/,/parrots/,internal,chrome
/locations/liverpool/,/parrots-for-sale/,internal,chrome
/locations/liverpool/,/our-approach/,internal,chrome
/locations/liverpool/,/parrot-care/,internal,chrome
/locations/liverpool/,/locations/,internal,chrome
/locations/liverpool/,/parrot-prices-uk/,internal,chrome
/locations/liverpool/,/contact/,internal,chrome
/locations/liverpool/,/privacy-policy/,internal,chrome
/locations/liverpool/,/cookie-policy/,internal,chrome
/locations/liverpool/,/business-policies/,internal,chrome
/locations/london/,/,internal,chrome
/locations/london/,/available-birds/,internal,chrome
/locations/london/,/parrots/,internal,chrome
/locations/london/,/parrots-for-sale/,internal,chrome
/locations/london/,/guides/,internal,chrome
/locations/london/,/contact/,internal,chrome
/locations/london/,/contact/,internal,chrome
/locations/london/,/,internal,main
/locations/london/,/parrots/parakeets-small-psittacines/,internal,main
/locations/london/,/parrots-for-sale/parakeets-small-parrots/,internal,main
/locations/london/,/parrots/conures/,internal,main
/locations/london/,/parrots-for-sale/conures/,internal,main
/locations/london/,/parrots/african-parrots/,internal,main
/locations/london/,/parrots-for-sale/african-grey-parrots/,internal,main
/locations/london/,/guides/choosing-a-parrot/,internal,main
/locations/london/,/guides/buying-a-parrot-checklist/,internal,main
/locations/london/,/parrot-prices-uk/,internal,main
/locations/london/,/privacy-policy/,internal,main
/locations/london/,/business-policies/,internal,main
/locations/london/,/locations/,internal,main
/locations/london/,/parrots/,internal,main
/locations/london/,/parrots-for-sale/,internal,main
/locations/london/,/guides/preparing-for-a-parrot/,internal,main
/locations/london/,/,internal,chrome
/locations/london/,/available-birds/,internal,chrome
/locations/london/,/parrots/,internal,chrome
/locations/london/,/parrots-for-sale/,internal,chrome
/locations/london/,/our-approach/,internal,chrome
/locations/london/,/parrot-care/,internal,chrome
/locations/london/,/locations/,internal,chrome
/locations/london/,/parrot-prices-uk/,internal,chrome
/locations/london/,/contact/,internal,chrome
/locations/london/,/privacy-policy/,internal,chrome
/locations/london/,/cookie-policy/,internal,chrome
/locations/london/,/business-policies/,internal,chrome
/locations/manchester/,/,internal,chrome
/locations/manchester/,/available-birds/,internal,chrome
/locations/manchester/,/parrots/,internal,chrome
/locations/manchester/,/parrots-for-sale/,internal,chrome
/locations/manchester/,/guides/,internal,chrome
/locations/manchester/,/contact/,internal,chrome
/locations/manchester/,/contact/,internal,chrome
/locations/manchester/,/,internal,main
/locations/manchester/,/parrots/conures/,internal,main
/locations/manchester/,/parrots-for-sale/conures/,internal,main
/locations/manchester/,/parrots/caiques/,internal,main
/locations/manchester/,/parrots-for-sale/caiques/,internal,main
/locations/manchester/,/parrots/cockatoos/,internal,main
/locations/manchester/,/parrots-for-sale/cockatoos/,internal,main
/locations/manchester/,/guides/preparing-for-a-parrot/,internal,main
/locations/manchester/,/guides/buying-a-parrot-checklist/,internal,main
/locations/manchester/,/parrot-prices-uk/,internal,main
/locations/manchester/,/privacy-policy/,internal,main
/locations/manchester/,/business-policies/,internal,main
/locations/manchester/,/locations/,internal,main
/locations/manchester/,/parrots/,internal,main
/locations/manchester/,/parrots-for-sale/,internal,main
/locations/manchester/,/guides/preparing-for-a-parrot/,internal,main
/locations/manchester/,/,internal,chrome
/locations/manchester/,/available-birds/,internal,chrome
/locations/manchester/,/parrots/,internal,chrome
/locations/manchester/,/parrots-for-sale/,internal,chrome
/locations/manchester/,/our-approach/,internal,chrome
/locations/manchester/,/parrot-care/,internal,chrome
/locations/manchester/,/locations/,internal,chrome
/locations/manchester/,/parrot-prices-uk/,internal,chrome
/locations/manchester/,/contact/,internal,chrome
/locations/manchester/,/privacy-policy/,internal,chrome
/locations/manchester/,/cookie-policy/,internal,chrome
/locations/manchester/,/business-policies/,internal,chrome
/locations/newcastle/,/,internal,chrome
/locations/newcastle/,/available-birds/,internal,chrome
/locations/newcastle/,/parrots/,internal,chrome
/locations/newcastle/,/parrots-for-sale/,internal,chrome
/locations/newcastle/,/guides/,internal,chrome
/locations/newcastle/,/contact/,internal,chrome
/locations/newcastle/,/contact/,internal,chrome
/locations/newcastle/,/,internal,main
/locations/newcastle/,/parrots/macaws/,internal,main
/locations/newcastle/,/parrots-for-sale/macaws/,internal,main
/locations/newcastle/,/parrots/african-parrots/,internal,main
/locations/newcastle/,/parrots-for-sale/african-grey-parrots/,internal,main
/locations/newcastle/,/parrots/amazons/,internal,main
/locations/newcastle/,/parrots-for-sale/amazon-parrots/,internal,main
/locations/newcastle/,/guides/buying-a-parrot-checklist/,internal,main
/locations/newcastle/,/guides/buying-a-parrot-checklist/,internal,main
/locations/newcastle/,/parrot-prices-uk/,internal,main
/locations/newcastle/,/privacy-policy/,internal,main
/locations/newcastle/,/business-policies/,internal,main
/locations/newcastle/,/locations/,internal,main
/locations/newcastle/,/parrots/,internal,main
/locations/newcastle/,/parrots-for-sale/,internal,main
/locations/newcastle/,/guides/preparing-for-a-parrot/,internal,main
/locations/newcastle/,/,internal,chrome
/locations/newcastle/,/available-birds/,internal,chrome
/locations/newcastle/,/parrots/,internal,chrome
/locations/newcastle/,/parrots-for-sale/,internal,chrome
/locations/newcastle/,/our-approach/,internal,chrome
/locations/newcastle/,/parrot-care/,internal,chrome
/locations/newcastle/,/locations/,internal,chrome
/locations/newcastle/,/parrot-prices-uk/,internal,chrome
/locations/newcastle/,/contact/,internal,chrome
/locations/newcastle/,/privacy-policy/,internal,chrome
/locations/newcastle/,/cookie-policy/,internal,chrome
/locations/newcastle/,/business-policies/,internal,chrome
/locations/nottingham/,/,internal,chrome
/locations/nottingham/,/available-birds/,internal,chrome
/locations/nottingham/,/parrots/,internal,chrome
/locations/nottingham/,/parrots-for-sale/,internal,chrome
/locations/nottingham/,/guides/,internal,chrome
/locations/nottingham/,/contact/,internal,chrome
/locations/nottingham/,/contact/,internal,chrome
/locations/nottingham/,/,internal,main
/locations/nottingham/,/parrots/parakeets-small-psittacines/,internal,main
/locations/nottingham/,/parrots-for-sale/parakeets-small-parrots/,internal,main
/locations/nottingham/,/parrots/conures/,internal,main
/locations/nottingham/,/parrots-for-sale/conures/,internal,main
/locations/nottingham/,/parrots/african-parrots/,internal,main
/locations/nottingham/,/parrots-for-sale/african-grey-parrots/,internal,main
/locations/nottingham/,/guides/choosing-a-parrot/,internal,main
/locations/nottingham/,/guides/buying-a-parrot-checklist/,internal,main
/locations/nottingham/,/parrot-prices-uk/,internal,main
/locations/nottingham/,/privacy-policy/,internal,main
/locations/nottingham/,/business-policies/,internal,main
/locations/nottingham/,/locations/,internal,main
/locations/nottingham/,/parrots/,internal,main
/locations/nottingham/,/parrots-for-sale/,internal,main
/locations/nottingham/,/guides/preparing-for-a-parrot/,internal,main
/locations/nottingham/,/,internal,chrome
/locations/nottingham/,/available-birds/,internal,chrome
/locations/nottingham/,/parrots/,internal,chrome
/locations/nottingham/,/parrots-for-sale/,internal,chrome
/locations/nottingham/,/our-approach/,internal,chrome
/locations/nottingham/,/parrot-care/,internal,chrome
/locations/nottingham/,/locations/,internal,chrome
/locations/nottingham/,/parrot-prices-uk/,internal,chrome
/locations/nottingham/,/contact/,internal,chrome
/locations/nottingham/,/privacy-policy/,internal,chrome
/locations/nottingham/,/cookie-policy/,internal,chrome
/locations/nottingham/,/business-policies/,internal,chrome
/locations/sheffield/,/,internal,chrome
/locations/sheffield/,/available-birds/,internal,chrome
/locations/sheffield/,/parrots/,internal,chrome
/locations/sheffield/,/parrots-for-sale/,internal,chrome
/locations/sheffield/,/guides/,internal,chrome
/locations/sheffield/,/contact/,internal,chrome
/locations/sheffield/,/contact/,internal,chrome
/locations/sheffield/,/,internal,main
/locations/sheffield/,/parrots/caiques/,internal,main
/locations/sheffield/,/parrots-for-sale/caiques/,internal,main
/locations/sheffield/,/parrots/macaws/,internal,main
/locations/sheffield/,/parrots-for-sale/macaws/,internal,main
/locations/sheffield/,/parrots/parakeets-small-psittacines/,internal,main
/locations/sheffield/,/parrots-for-sale/parakeets-small-parrots/,internal,main
/locations/sheffield/,/guides/parrot-housing-enrichment/,internal,main
/locations/sheffield/,/guides/buying-a-parrot-checklist/,internal,main
/locations/sheffield/,/parrot-prices-uk/,internal,main
/locations/sheffield/,/privacy-policy/,internal,main
/locations/sheffield/,/business-policies/,internal,main
/locations/sheffield/,/locations/,internal,main
/locations/sheffield/,/parrots/,internal,main
/locations/sheffield/,/parrots-for-sale/,internal,main
/locations/sheffield/,/guides/preparing-for-a-parrot/,internal,main
/locations/sheffield/,/,internal,chrome
/locations/sheffield/,/available-birds/,internal,chrome
/locations/sheffield/,/parrots/,internal,chrome
/locations/sheffield/,/parrots-for-sale/,internal,chrome
/locations/sheffield/,/our-approach/,internal,chrome
/locations/sheffield/,/parrot-care/,internal,chrome
/locations/sheffield/,/locations/,internal,chrome
/locations/sheffield/,/parrot-prices-uk/,internal,chrome
/locations/sheffield/,/contact/,internal,chrome
/locations/sheffield/,/privacy-policy/,internal,chrome
/locations/sheffield/,/cookie-policy/,internal,chrome
/locations/sheffield/,/business-policies/,internal,chrome
/our-approach/,/,internal,chrome
/our-approach/,/available-birds/,internal,chrome
/our-approach/,/parrots/,internal,chrome
/our-approach/,/parrots-for-sale/,internal,chrome
/our-approach/,/guides/,internal,chrome
/our-approach/,/contact/,internal,chrome
/our-approach/,/contact/,internal,chrome
/our-approach/,/,internal,main
/our-approach/,/parrot-care/,internal,main
/our-approach/,/contact/,internal,main
/our-approach/,/available-birds/,internal,main
/our-approach/,/parrots/,internal,main
/our-approach/,/parrots-for-sale/,internal,main
/our-approach/,/our-approach/,internal,main
/our-approach/,/parrot-care/,internal,main
/our-approach/,/,internal,chrome
/our-approach/,/available-birds/,internal,chrome
/our-approach/,/parrots/,internal,chrome
/our-approach/,/parrots-for-sale/,internal,chrome
/our-approach/,/our-approach/,internal,chrome
/our-approach/,/parrot-care/,internal,chrome
/our-approach/,/locations/,internal,chrome
/our-approach/,/parrot-prices-uk/,internal,chrome
/our-approach/,/contact/,internal,chrome
/our-approach/,/privacy-policy/,internal,chrome
/our-approach/,/cookie-policy/,internal,chrome
/our-approach/,/business-policies/,internal,chrome
/parrot-care/,/,internal,chrome
/parrot-care/,/available-birds/,internal,chrome
/parrot-care/,/parrots/,internal,chrome
/parrot-care/,/parrots-for-sale/,internal,chrome
/parrot-care/,/guides/,internal,chrome
/parrot-care/,/contact/,internal,chrome
/parrot-care/,/contact/,internal,chrome
/parrot-care/,/,internal,main
/parrot-care/,/guides/choosing-a-parrot/,internal,main
/parrot-care/,/guides/buying-a-parrot-checklist/,internal,main
/parrot-care/,/guides/parrot-diet-nutrition/,internal,main
/parrot-care/,/guides/parrot-housing-enrichment/,internal,main
/parrot-care/,/guides/preparing-for-a-parrot/,internal,main
/parrot-care/,/guides/parrot-ownership-costs/,internal,main
/parrot-care/,/parrots/,internal,main
/parrot-care/,/contact/,internal,main
/parrot-care/,/guides/buying-a-parrot/,internal,main
/parrot-care/,/guides/cites-parrots-uk/,internal,main
/parrot-care/,/guides/parrot-ownership-costs/,internal,main
/parrot-care/,/guides/preparing-for-a-parrot/,internal,main
/parrot-care/,/parrots/african-parrots/,internal,main
/parrot-care/,/parrots/macaws/,internal,main
/parrot-care/,/parrots/cockatoos/,internal,main
/parrot-care/,/parrots/amazons/,internal,main
/parrot-care/,/parrots/conures/,internal,main
/parrot-care/,/parrots/caiques/,internal,main
/parrot-care/,/parrots/eclectus/,internal,main
/parrot-care/,/parrots/parakeets-small-psittacines/,internal,main
/parrot-care/,/,internal,chrome
/parrot-care/,/available-birds/,internal,chrome
/parrot-care/,/parrots/,internal,chrome
/parrot-care/,/parrots-for-sale/,internal,chrome
/parrot-care/,/our-approach/,internal,chrome
/parrot-care/,/parrot-care/,internal,chrome
/parrot-care/,/locations/,internal,chrome
/parrot-care/,/parrot-prices-uk/,internal,chrome
/parrot-care/,/contact/,internal,chrome
/parrot-care/,/privacy-policy/,internal,chrome
/parrot-care/,/cookie-policy/,internal,chrome
/parrot-care/,/business-policies/,internal,chrome
/parrot-prices-uk/,/,internal,chrome
/parrot-prices-uk/,/available-birds/,internal,chrome
/parrot-prices-uk/,/parrots/,internal,chrome
/parrot-prices-uk/,/parrots-for-sale/,internal,chrome
/parrot-prices-uk/,/guides/,internal,chrome
/parrot-prices-uk/,/contact/,internal,chrome
/parrot-prices-uk/,/contact/,internal,chrome
/parrot-prices-uk/,/,internal,main
/parrot-prices-uk/,/guides/buying-a-parrot-checklist/,internal,main
/parrot-prices-uk/,/guides/parrot-ownership-costs/,internal,main
/parrot-prices-uk/,/locations/,internal,main
/parrot-prices-uk/,/parrots/african-parrots/,internal,main
/parrot-prices-uk/,/parrots/macaws/,internal,main
/parrot-prices-uk/,/parrots/cockatoos/,internal,main
/parrot-prices-uk/,/parrots/amazons/,internal,main
/parrot-prices-uk/,/parrots/conures/,internal,main
/parrot-prices-uk/,/parrots/caiques/,internal,main
/parrot-prices-uk/,/parrots/eclectus/,internal,main
/parrot-prices-uk/,/parrots/parakeets-small-psittacines/,internal,main
/parrot-prices-uk/,/parrots-for-sale/,internal,main
/parrot-prices-uk/,/locations/,internal,main
/parrot-prices-uk/,/contact/,internal,main
/parrot-prices-uk/,/parrot-care/,internal,main
/parrot-prices-uk/,/,internal,chrome
/parrot-prices-uk/,/available-birds/,internal,chrome
/parrot-prices-uk/,/parrots/,internal,chrome
/parrot-prices-uk/,/parrots-for-sale/,internal,chrome
/parrot-prices-uk/,/our-approach/,internal,chrome
/parrot-prices-uk/,/parrot-care/,internal,chrome
/parrot-prices-uk/,/locations/,internal,chrome
/parrot-prices-uk/,/parrot-prices-uk/,internal,chrome
/parrot-prices-uk/,/contact/,internal,chrome
/parrot-prices-uk/,/privacy-policy/,internal,chrome
/parrot-prices-uk/,/cookie-policy/,internal,chrome
/parrot-prices-uk/,/business-policies/,internal,chrome
/parrots-for-sale/,/,internal,chrome
/parrots-for-sale/,/available-birds/,internal,chrome
/parrots-for-sale/,/parrots/,internal,chrome
/parrots-for-sale/,/parrots-for-sale/,internal,chrome
/parrots-for-sale/,/guides/,internal,chrome
/parrots-for-sale/,/contact/,internal,chrome
/parrots-for-sale/,/contact/,internal,chrome
/parrots-for-sale/,/,internal,main
/parrots-for-sale/,/available-birds/,internal,main
/parrots-for-sale/,/parrots/,internal,main
/parrots-for-sale/,/parrots-for-sale/african-grey-parrots/,internal,main
/parrots-for-sale/,/parrots-for-sale/macaws/,internal,main
/parrots-for-sale/,/parrots-for-sale/cockatoos/,internal,main
/parrots-for-sale/,/parrots-for-sale/amazon-parrots/,internal,main
/parrots-for-sale/,/parrots-for-sale/conures/,internal,main
/parrots-for-sale/,/parrots-for-sale/caiques/,internal,main
/parrots-for-sale/,/parrots-for-sale/eclectus-parrots/,internal,main
/parrots-for-sale/,/parrots-for-sale/parakeets-small-parrots/,internal,main
/parrots-for-sale/,/guides/buying-a-parrot-checklist/,internal,main
/parrots-for-sale/,/guides/preparing-for-a-parrot/,internal,main
/parrots-for-sale/,/guides/parrot-ownership-costs/,internal,main
/parrots-for-sale/,/guides/buying-a-parrot-checklist/,internal,main
/parrots-for-sale/,/contact/,internal,main
/parrots-for-sale/,/contact/,internal,main
/parrots-for-sale/,/parrots/african-parrots/,internal,main
/parrots-for-sale/,/parrots/macaws/,internal,main
/parrots-for-sale/,/parrots/cockatoos/,internal,main
/parrots-for-sale/,/parrots/amazons/,internal,main
/parrots-for-sale/,/parrots/conures/,internal,main
/parrots-for-sale/,/parrots/caiques/,internal,main
/parrots-for-sale/,/parrots/eclectus/,internal,main
/parrots-for-sale/,/parrots/parakeets-small-psittacines/,internal,main
/parrots-for-sale/,/guides/buying-a-parrot/,internal,main
/parrots-for-sale/,/guides/cites-parrots-uk/,internal,main
/parrots-for-sale/,/guides/parrot-ownership-costs/,internal,main
/parrots-for-sale/,/guides/preparing-for-a-parrot/,internal,main
/parrots-for-sale/,/available-birds/,internal,main
/parrots-for-sale/,/parrots/,internal,main
/parrots-for-sale/,/parrots-for-sale/,internal,main
/parrots-for-sale/,/our-approach/,internal,main
/parrots-for-sale/,/parrot-care/,internal,main
/parrots-for-sale/,/,internal,chrome
/parrots-for-sale/,/available-birds/,internal,chrome
/parrots-for-sale/,/parrots/,internal,chrome
/parrots-for-sale/,/parrots-for-sale/,internal,chrome
/parrots-for-sale/,/our-approach/,internal,chrome
/parrots-for-sale/,/parrot-care/,internal,chrome
/parrots-for-sale/,/locations/,internal,chrome
/parrots-for-sale/,/parrot-prices-uk/,internal,chrome
/parrots-for-sale/,/contact/,internal,chrome
/parrots-for-sale/,/privacy-policy/,internal,chrome
/parrots-for-sale/,/cookie-policy/,internal,chrome
/parrots-for-sale/,/business-policies/,internal,chrome
/parrots-for-sale/african-grey-parrots/,/,internal,chrome
/parrots-for-sale/african-grey-parrots/,/available-birds/,internal,chrome
/parrots-for-sale/african-grey-parrots/,/parrots/,internal,chrome
/parrots-for-sale/african-grey-parrots/,/parrots-for-sale/,internal,chrome
/parrots-for-sale/african-grey-parrots/,/guides/,internal,chrome
/parrots-for-sale/african-grey-parrots/,/contact/,internal,chrome
/parrots-for-sale/african-grey-parrots/,/contact/,internal,chrome
/parrots-for-sale/african-grey-parrots/,/,internal,main
/parrots-for-sale/african-grey-parrots/,/contact/?species=african-parrots,internal,main
/parrots-for-sale/african-grey-parrots/,/parrots/african-parrots/congo-african-grey-parrot/,internal,main
/parrots-for-sale/african-grey-parrots/,/parrots/african-parrots/timneh-parrot/,internal,main
/parrots-for-sale/african-grey-parrots/,/parrots/african-parrots/,internal,main
/parrots-for-sale/african-grey-parrots/,/parrots-for-sale/african-grey-parrots/,internal,main
/parrots-for-sale/african-grey-parrots/,/guides/choosing-a-parrot/,internal,main
/parrots-for-sale/african-grey-parrots/,/guides/parrot-housing-enrichment/,internal,main
/parrots-for-sale/african-grey-parrots/,/guides/buying-a-parrot-checklist/,internal,main
/parrots-for-sale/african-grey-parrots/,/guides/parrot-ownership-costs/,internal,main
/parrots-for-sale/african-grey-parrots/,/guides/parrot-diet-nutrition/,internal,main
/parrots-for-sale/african-grey-parrots/,/available-birds/,internal,main
/parrots-for-sale/african-grey-parrots/,/contact/?species=african-parrots,internal,main
/parrots-for-sale/african-grey-parrots/,/guides/buying-a-parrot/,internal,main
/parrots-for-sale/african-grey-parrots/,/guides/cites-parrots-uk/,internal,main
/parrots-for-sale/african-grey-parrots/,/guides/parrot-ownership-costs/,internal,main
/parrots-for-sale/african-grey-parrots/,/guides/preparing-for-a-parrot/,internal,main
/parrots-for-sale/african-grey-parrots/,/,internal,chrome
/parrots-for-sale/african-grey-parrots/,/available-birds/,internal,chrome
/parrots-for-sale/african-grey-parrots/,/parrots/,internal,chrome
/parrots-for-sale/african-grey-parrots/,/parrots-for-sale/,internal,chrome
/parrots-for-sale/african-grey-parrots/,/our-approach/,internal,chrome
/parrots-for-sale/african-grey-parrots/,/parrot-care/,internal,chrome
/parrots-for-sale/african-grey-parrots/,/locations/,internal,chrome
/parrots-for-sale/african-grey-parrots/,/parrot-prices-uk/,internal,chrome
/parrots-for-sale/african-grey-parrots/,/contact/,internal,chrome
/parrots-for-sale/african-grey-parrots/,/privacy-policy/,internal,chrome
/parrots-for-sale/african-grey-parrots/,/cookie-policy/,internal,chrome
/parrots-for-sale/african-grey-parrots/,/business-policies/,internal,chrome
/parrots-for-sale/amazon-parrots/,/,internal,chrome
/parrots-for-sale/amazon-parrots/,/available-birds/,internal,chrome
/parrots-for-sale/amazon-parrots/,/parrots/,internal,chrome
/parrots-for-sale/amazon-parrots/,/parrots-for-sale/,internal,chrome
/parrots-for-sale/amazon-parrots/,/guides/,internal,chrome
/parrots-for-sale/amazon-parrots/,/contact/,internal,chrome
/parrots-for-sale/amazon-parrots/,/contact/,internal,chrome
/parrots-for-sale/amazon-parrots/,/,internal,main
/parrots-for-sale/amazon-parrots/,/contact/?species=amazons,internal,main
/parrots-for-sale/amazon-parrots/,/parrots/amazons/blue-fronted-amazon-parrot/,internal,main
/parrots-for-sale/amazon-parrots/,/parrots/amazons/yellow-naped-amazon-parrot/,internal,main
/parrots-for-sale/amazon-parrots/,/parrots/amazons/,internal,main
/parrots-for-sale/amazon-parrots/,/parrots-for-sale/amazon-parrots/,internal,main
/parrots-for-sale/amazon-parrots/,/guides/choosing-a-parrot/,internal,main
/parrots-for-sale/amazon-parrots/,/guides/parrot-housing-enrichment/,internal,main
/parrots-for-sale/amazon-parrots/,/guides/buying-a-parrot-checklist/,internal,main
/parrots-for-sale/amazon-parrots/,/guides/parrot-ownership-costs/,internal,main
/parrots-for-sale/amazon-parrots/,/guides/parrot-diet-nutrition/,internal,main
/parrots-for-sale/amazon-parrots/,/available-birds/,internal,main
/parrots-for-sale/amazon-parrots/,/contact/?species=amazons,internal,main
/parrots-for-sale/amazon-parrots/,/guides/buying-a-parrot/,internal,main
/parrots-for-sale/amazon-parrots/,/guides/cites-parrots-uk/,internal,main
/parrots-for-sale/amazon-parrots/,/guides/parrot-ownership-costs/,internal,main
/parrots-for-sale/amazon-parrots/,/guides/preparing-for-a-parrot/,internal,main
/parrots-for-sale/amazon-parrots/,/,internal,chrome
/parrots-for-sale/amazon-parrots/,/available-birds/,internal,chrome
/parrots-for-sale/amazon-parrots/,/parrots/,internal,chrome
/parrots-for-sale/amazon-parrots/,/parrots-for-sale/,internal,chrome
/parrots-for-sale/amazon-parrots/,/our-approach/,internal,chrome
/parrots-for-sale/amazon-parrots/,/parrot-care/,internal,chrome
/parrots-for-sale/amazon-parrots/,/locations/,internal,chrome
/parrots-for-sale/amazon-parrots/,/parrot-prices-uk/,internal,chrome
/parrots-for-sale/amazon-parrots/,/contact/,internal,chrome
/parrots-for-sale/amazon-parrots/,/privacy-policy/,internal,chrome
/parrots-for-sale/amazon-parrots/,/cookie-policy/,internal,chrome
/parrots-for-sale/amazon-parrots/,/business-policies/,internal,chrome
/parrots-for-sale/caiques/,/,internal,chrome
/parrots-for-sale/caiques/,/available-birds/,internal,chrome
/parrots-for-sale/caiques/,/parrots/,internal,chrome
/parrots-for-sale/caiques/,/parrots-for-sale/,internal,chrome
/parrots-for-sale/caiques/,/guides/,internal,chrome
/parrots-for-sale/caiques/,/contact/,internal,chrome
/parrots-for-sale/caiques/,/contact/,internal,chrome
/parrots-for-sale/caiques/,/,internal,main
/parrots-for-sale/caiques/,/contact/?species=caiques,internal,main
/parrots-for-sale/caiques/,/parrots/caiques/black-headed-caique/,internal,main
/parrots-for-sale/caiques/,/parrots/caiques/white-bellied-caique/,internal,main
/parrots-for-sale/caiques/,/parrots/caiques/,internal,main
/parrots-for-sale/caiques/,/parrots-for-sale/caiques/,internal,main
/parrots-for-sale/caiques/,/guides/choosing-a-parrot/,internal,main
/parrots-for-sale/caiques/,/guides/parrot-housing-enrichment/,internal,main
/parrots-for-sale/caiques/,/guides/buying-a-parrot-checklist/,internal,main
/parrots-for-sale/caiques/,/guides/parrot-ownership-costs/,internal,main
/parrots-for-sale/caiques/,/guides/parrot-diet-nutrition/,internal,main
/parrots-for-sale/caiques/,/available-birds/,internal,main
/parrots-for-sale/caiques/,/contact/?species=caiques,internal,main
/parrots-for-sale/caiques/,/guides/buying-a-parrot/,internal,main
/parrots-for-sale/caiques/,/guides/cites-parrots-uk/,internal,main
/parrots-for-sale/caiques/,/guides/parrot-ownership-costs/,internal,main
/parrots-for-sale/caiques/,/guides/preparing-for-a-parrot/,internal,main
/parrots-for-sale/caiques/,/,internal,chrome
/parrots-for-sale/caiques/,/available-birds/,internal,chrome
/parrots-for-sale/caiques/,/parrots/,internal,chrome
/parrots-for-sale/caiques/,/parrots-for-sale/,internal,chrome
/parrots-for-sale/caiques/,/our-approach/,internal,chrome
/parrots-for-sale/caiques/,/parrot-care/,internal,chrome
/parrots-for-sale/caiques/,/locations/,internal,chrome
/parrots-for-sale/caiques/,/parrot-prices-uk/,internal,chrome
/parrots-for-sale/caiques/,/contact/,internal,chrome
/parrots-for-sale/caiques/,/privacy-policy/,internal,chrome
/parrots-for-sale/caiques/,/cookie-policy/,internal,chrome
/parrots-for-sale/caiques/,/business-policies/,internal,chrome
/parrots-for-sale/cockatoos/,/,internal,chrome
/parrots-for-sale/cockatoos/,/available-birds/,internal,chrome
/parrots-for-sale/cockatoos/,/parrots/,internal,chrome
/parrots-for-sale/cockatoos/,/parrots-for-sale/,internal,chrome
/parrots-for-sale/cockatoos/,/guides/,internal,chrome
/parrots-for-sale/cockatoos/,/contact/,internal,chrome
/parrots-for-sale/cockatoos/,/contact/,internal,chrome
/parrots-for-sale/cockatoos/,/,internal,main
/parrots-for-sale/cockatoos/,/contact/?species=cockatoos,internal,main
/parrots-for-sale/cockatoos/,/parrots/cockatoos/galah-cockatoo/,internal,main
/parrots-for-sale/cockatoos/,/parrots/cockatoos/umbrella-cockatoo/,internal,main
/parrots-for-sale/cockatoos/,/parrots/cockatoos/,internal,main
/parrots-for-sale/cockatoos/,/parrots-for-sale/cockatoos/,internal,main
/parrots-for-sale/cockatoos/,/guides/choosing-a-parrot/,internal,main
/parrots-for-sale/cockatoos/,/guides/parrot-housing-enrichment/,internal,main
/parrots-for-sale/cockatoos/,/guides/buying-a-parrot-checklist/,internal,main
/parrots-for-sale/cockatoos/,/guides/parrot-ownership-costs/,internal,main
/parrots-for-sale/cockatoos/,/guides/parrot-diet-nutrition/,internal,main
/parrots-for-sale/cockatoos/,/available-birds/,internal,main
/parrots-for-sale/cockatoos/,/contact/?species=cockatoos,internal,main
/parrots-for-sale/cockatoos/,/guides/buying-a-parrot/,internal,main
/parrots-for-sale/cockatoos/,/guides/cites-parrots-uk/,internal,main
/parrots-for-sale/cockatoos/,/guides/parrot-ownership-costs/,internal,main
/parrots-for-sale/cockatoos/,/guides/preparing-for-a-parrot/,internal,main
/parrots-for-sale/cockatoos/,/,internal,chrome
/parrots-for-sale/cockatoos/,/available-birds/,internal,chrome
/parrots-for-sale/cockatoos/,/parrots/,internal,chrome
/parrots-for-sale/cockatoos/,/parrots-for-sale/,internal,chrome
/parrots-for-sale/cockatoos/,/our-approach/,internal,chrome
/parrots-for-sale/cockatoos/,/parrot-care/,internal,chrome
/parrots-for-sale/cockatoos/,/locations/,internal,chrome
/parrots-for-sale/cockatoos/,/parrot-prices-uk/,internal,chrome
/parrots-for-sale/cockatoos/,/contact/,internal,chrome
/parrots-for-sale/cockatoos/,/privacy-policy/,internal,chrome
/parrots-for-sale/cockatoos/,/cookie-policy/,internal,chrome
/parrots-for-sale/cockatoos/,/business-policies/,internal,chrome
/parrots-for-sale/conures/,/,internal,chrome
/parrots-for-sale/conures/,/available-birds/,internal,chrome
/parrots-for-sale/conures/,/parrots/,internal,chrome
/parrots-for-sale/conures/,/parrots-for-sale/,internal,chrome
/parrots-for-sale/conures/,/guides/,internal,chrome
/parrots-for-sale/conures/,/contact/,internal,chrome
/parrots-for-sale/conures/,/contact/,internal,chrome
/parrots-for-sale/conures/,/,internal,main
/parrots-for-sale/conures/,/contact/?species=conures,internal,main
/parrots-for-sale/conures/,/parrots/conures/green-cheeked-conure/,internal,main
/parrots-for-sale/conures/,/parrots/conures/sun-conure/,internal,main
/parrots-for-sale/conures/,/parrots/conures/,internal,main
/parrots-for-sale/conures/,/parrots-for-sale/conures/,internal,main
/parrots-for-sale/conures/,/guides/choosing-a-parrot/,internal,main
/parrots-for-sale/conures/,/guides/parrot-housing-enrichment/,internal,main
/parrots-for-sale/conures/,/guides/buying-a-parrot-checklist/,internal,main
/parrots-for-sale/conures/,/guides/parrot-ownership-costs/,internal,main
/parrots-for-sale/conures/,/guides/parrot-diet-nutrition/,internal,main
/parrots-for-sale/conures/,/available-birds/,internal,main
/parrots-for-sale/conures/,/contact/?species=conures,internal,main
/parrots-for-sale/conures/,/guides/buying-a-parrot/,internal,main
/parrots-for-sale/conures/,/guides/cites-parrots-uk/,internal,main
/parrots-for-sale/conures/,/guides/parrot-ownership-costs/,internal,main
/parrots-for-sale/conures/,/guides/preparing-for-a-parrot/,internal,main
/parrots-for-sale/conures/,/,internal,chrome
/parrots-for-sale/conures/,/available-birds/,internal,chrome
/parrots-for-sale/conures/,/parrots/,internal,chrome
/parrots-for-sale/conures/,/parrots-for-sale/,internal,chrome
/parrots-for-sale/conures/,/our-approach/,internal,chrome
/parrots-for-sale/conures/,/parrot-care/,internal,chrome
/parrots-for-sale/conures/,/locations/,internal,chrome
/parrots-for-sale/conures/,/parrot-prices-uk/,internal,chrome
/parrots-for-sale/conures/,/contact/,internal,chrome
/parrots-for-sale/conures/,/privacy-policy/,internal,chrome
/parrots-for-sale/conures/,/cookie-policy/,internal,chrome
/parrots-for-sale/conures/,/business-policies/,internal,chrome
/parrots-for-sale/eclectus-parrots/,/,internal,chrome
/parrots-for-sale/eclectus-parrots/,/available-birds/,internal,chrome
/parrots-for-sale/eclectus-parrots/,/parrots/,internal,chrome
/parrots-for-sale/eclectus-parrots/,/parrots-for-sale/,internal,chrome
/parrots-for-sale/eclectus-parrots/,/guides/,internal,chrome
/parrots-for-sale/eclectus-parrots/,/contact/,internal,chrome
/parrots-for-sale/eclectus-parrots/,/contact/,internal,chrome
/parrots-for-sale/eclectus-parrots/,/,internal,main
/parrots-for-sale/eclectus-parrots/,/contact/?species=eclectus,internal,main
/parrots-for-sale/eclectus-parrots/,/parrots/eclectus/papuan-eclectus-parrot/,internal,main
/parrots-for-sale/eclectus-parrots/,/parrots/eclectus/,internal,main
/parrots-for-sale/eclectus-parrots/,/parrots-for-sale/eclectus-parrots/,internal,main
/parrots-for-sale/eclectus-parrots/,/guides/choosing-a-parrot/,internal,main
/parrots-for-sale/eclectus-parrots/,/guides/parrot-housing-enrichment/,internal,main
/parrots-for-sale/eclectus-parrots/,/guides/buying-a-parrot-checklist/,internal,main
/parrots-for-sale/eclectus-parrots/,/guides/parrot-ownership-costs/,internal,main
/parrots-for-sale/eclectus-parrots/,/guides/parrot-diet-nutrition/,internal,main
/parrots-for-sale/eclectus-parrots/,/available-birds/,internal,main
/parrots-for-sale/eclectus-parrots/,/contact/?species=eclectus,internal,main
/parrots-for-sale/eclectus-parrots/,/guides/buying-a-parrot/,internal,main
/parrots-for-sale/eclectus-parrots/,/guides/cites-parrots-uk/,internal,main
/parrots-for-sale/eclectus-parrots/,/guides/parrot-ownership-costs/,internal,main
/parrots-for-sale/eclectus-parrots/,/guides/preparing-for-a-parrot/,internal,main
/parrots-for-sale/eclectus-parrots/,/,internal,chrome
/parrots-for-sale/eclectus-parrots/,/available-birds/,internal,chrome
/parrots-for-sale/eclectus-parrots/,/parrots/,internal,chrome
/parrots-for-sale/eclectus-parrots/,/parrots-for-sale/,internal,chrome
/parrots-for-sale/eclectus-parrots/,/our-approach/,internal,chrome
/parrots-for-sale/eclectus-parrots/,/parrot-care/,internal,chrome
/parrots-for-sale/eclectus-parrots/,/locations/,internal,chrome
/parrots-for-sale/eclectus-parrots/,/parrot-prices-uk/,internal,chrome
/parrots-for-sale/eclectus-parrots/,/contact/,internal,chrome
/parrots-for-sale/eclectus-parrots/,/privacy-policy/,internal,chrome
/parrots-for-sale/eclectus-parrots/,/cookie-policy/,internal,chrome
/parrots-for-sale/eclectus-parrots/,/business-policies/,internal,chrome
/parrots-for-sale/large-parrots/,/,internal,chrome
/parrots-for-sale/large-parrots/,/available-birds/,internal,chrome
/parrots-for-sale/large-parrots/,/parrots/,internal,chrome
/parrots-for-sale/large-parrots/,/parrots-for-sale/,internal,chrome
/parrots-for-sale/large-parrots/,/guides/,internal,chrome
/parrots-for-sale/large-parrots/,/contact/,internal,chrome
/parrots-for-sale/large-parrots/,/contact/,internal,chrome
/parrots-for-sale/large-parrots/,/,internal,main
/parrots-for-sale/large-parrots/,/parrots/macaws/blue-and-gold-macaw/,internal,main
/parrots-for-sale/large-parrots/,/parrots/macaws/scarlet-macaw/,internal,main
/parrots-for-sale/large-parrots/,/parrots/cockatoos/galah-cockatoo/,internal,main
/parrots-for-sale/large-parrots/,/parrots/cockatoos/umbrella-cockatoo/,internal,main
/parrots-for-sale/large-parrots/,/parrots/amazons/blue-fronted-amazon-parrot/,internal,main
/parrots-for-sale/large-parrots/,/parrots/amazons/yellow-naped-amazon-parrot/,internal,main
/parrots-for-sale/large-parrots/,/parrots/macaws/,internal,main
/parrots-for-sale/large-parrots/,/parrots/cockatoos/,internal,main
/parrots-for-sale/large-parrots/,/parrots/amazons/,internal,main
/parrots-for-sale/large-parrots/,/available-birds/,internal,main
/parrots-for-sale/large-parrots/,/guides/parrot-housing-enrichment/,internal,main
/parrots-for-sale/large-parrots/,/guides/buying-a-parrot/,internal,main
/parrots-for-sale/large-parrots/,/guides/cites-parrots-uk/,internal,main
/parrots-for-sale/large-parrots/,/guides/parrot-ownership-costs/,internal,main
/parrots-for-sale/large-parrots/,/guides/preparing-for-a-parrot/,internal,main
/parrots-for-sale/large-parrots/,/parrots-for-sale/macaws/,internal,main
/parrots-for-sale/large-parrots/,/parrots-for-sale/cockatoos/,internal,main
/parrots-for-sale/large-parrots/,/,internal,chrome
/parrots-for-sale/large-parrots/,/available-birds/,internal,chrome
/parrots-for-sale/large-parrots/,/parrots/,internal,chrome
/parrots-for-sale/large-parrots/,/parrots-for-sale/,internal,chrome
/parrots-for-sale/large-parrots/,/our-approach/,internal,chrome
/parrots-for-sale/large-parrots/,/parrot-care/,internal,chrome
/parrots-for-sale/large-parrots/,/locations/,internal,chrome
/parrots-for-sale/large-parrots/,/parrot-prices-uk/,internal,chrome
/parrots-for-sale/large-parrots/,/contact/,internal,chrome
/parrots-for-sale/large-parrots/,/privacy-policy/,internal,chrome
/parrots-for-sale/large-parrots/,/cookie-policy/,internal,chrome
/parrots-for-sale/large-parrots/,/business-policies/,internal,chrome
/parrots-for-sale/macaws/,/,internal,chrome
/parrots-for-sale/macaws/,/available-birds/,internal,chrome
/parrots-for-sale/macaws/,/parrots/,internal,chrome
/parrots-for-sale/macaws/,/parrots-for-sale/,internal,chrome
/parrots-for-sale/macaws/,/guides/,internal,chrome
/parrots-for-sale/macaws/,/contact/,internal,chrome
/parrots-for-sale/macaws/,/contact/,internal,chrome
/parrots-for-sale/macaws/,/,internal,main
/parrots-for-sale/macaws/,/contact/?species=macaws,internal,main
/parrots-for-sale/macaws/,/parrots/macaws/blue-and-gold-macaw/,internal,main
/parrots-for-sale/macaws/,/parrots/macaws/scarlet-macaw/,internal,main
/parrots-for-sale/macaws/,/parrots/macaws/,internal,main
/parrots-for-sale/macaws/,/parrots-for-sale/macaws/,internal,main
/parrots-for-sale/macaws/,/guides/choosing-a-parrot/,internal,main
/parrots-for-sale/macaws/,/guides/parrot-housing-enrichment/,internal,main
/parrots-for-sale/macaws/,/guides/buying-a-parrot-checklist/,internal,main
/parrots-for-sale/macaws/,/guides/parrot-ownership-costs/,internal,main
/parrots-for-sale/macaws/,/guides/parrot-diet-nutrition/,internal,main
/parrots-for-sale/macaws/,/available-birds/,internal,main
/parrots-for-sale/macaws/,/contact/?species=macaws,internal,main
/parrots-for-sale/macaws/,/guides/buying-a-parrot/,internal,main
/parrots-for-sale/macaws/,/guides/cites-parrots-uk/,internal,main
/parrots-for-sale/macaws/,/guides/parrot-ownership-costs/,internal,main
/parrots-for-sale/macaws/,/guides/preparing-for-a-parrot/,internal,main
/parrots-for-sale/macaws/,/,internal,chrome
/parrots-for-sale/macaws/,/available-birds/,internal,chrome
/parrots-for-sale/macaws/,/parrots/,internal,chrome
/parrots-for-sale/macaws/,/parrots-for-sale/,internal,chrome
/parrots-for-sale/macaws/,/our-approach/,internal,chrome
/parrots-for-sale/macaws/,/parrot-care/,internal,chrome
/parrots-for-sale/macaws/,/locations/,internal,chrome
/parrots-for-sale/macaws/,/parrot-prices-uk/,internal,chrome
/parrots-for-sale/macaws/,/contact/,internal,chrome
/parrots-for-sale/macaws/,/privacy-policy/,internal,chrome
/parrots-for-sale/macaws/,/cookie-policy/,internal,chrome
/parrots-for-sale/macaws/,/business-policies/,internal,chrome
/parrots-for-sale/parakeets-small-parrots/,/,internal,chrome
/parrots-for-sale/parakeets-small-parrots/,/available-birds/,internal,chrome
/parrots-for-sale/parakeets-small-parrots/,/parrots/,internal,chrome
/parrots-for-sale/parakeets-small-parrots/,/parrots-for-sale/,internal,chrome
/parrots-for-sale/parakeets-small-parrots/,/guides/,internal,chrome
/parrots-for-sale/parakeets-small-parrots/,/contact/,internal,chrome
/parrots-for-sale/parakeets-small-parrots/,/contact/,internal,chrome
/parrots-for-sale/parakeets-small-parrots/,/,internal,main
/parrots-for-sale/parakeets-small-parrots/,/contact/?species=parakeets-small-psittacines,internal,main
/parrots-for-sale/parakeets-small-parrots/,/parrots/parakeets-small-psittacines/budgerigar/,internal,main
/parrots-for-sale/parakeets-small-parrots/,/parrots/parakeets-small-psittacines/indian-ringneck-parakeet/,internal,main
/parrots-for-sale/parakeets-small-parrots/,/parrots/parakeets-small-psittacines/peach-faced-lovebird/,internal,main
/parrots-for-sale/parakeets-small-parrots/,/parrots/parakeets-small-psittacines/,internal,main
/parrots-for-sale/parakeets-small-parrots/,/parrots-for-sale/parakeets-small-parrots/,internal,main
/parrots-for-sale/parakeets-small-parrots/,/guides/choosing-a-parrot/,internal,main
/parrots-for-sale/parakeets-small-parrots/,/guides/parrot-housing-enrichment/,internal,main
/parrots-for-sale/parakeets-small-parrots/,/guides/buying-a-parrot-checklist/,internal,main
/parrots-for-sale/parakeets-small-parrots/,/guides/parrot-ownership-costs/,internal,main
/parrots-for-sale/parakeets-small-parrots/,/guides/parrot-diet-nutrition/,internal,main
/parrots-for-sale/parakeets-small-parrots/,/available-birds/,internal,main
/parrots-for-sale/parakeets-small-parrots/,/contact/?species=parakeets-small-psittacines,internal,main
/parrots-for-sale/parakeets-small-parrots/,/guides/buying-a-parrot/,internal,main
/parrots-for-sale/parakeets-small-parrots/,/guides/cites-parrots-uk/,internal,main
/parrots-for-sale/parakeets-small-parrots/,/guides/parrot-ownership-costs/,internal,main
/parrots-for-sale/parakeets-small-parrots/,/guides/preparing-for-a-parrot/,internal,main
/parrots-for-sale/parakeets-small-parrots/,/,internal,chrome
/parrots-for-sale/parakeets-small-parrots/,/available-birds/,internal,chrome
/parrots-for-sale/parakeets-small-parrots/,/parrots/,internal,chrome
/parrots-for-sale/parakeets-small-parrots/,/parrots-for-sale/,internal,chrome
/parrots-for-sale/parakeets-small-parrots/,/our-approach/,internal,chrome
/parrots-for-sale/parakeets-small-parrots/,/parrot-care/,internal,chrome
/parrots-for-sale/parakeets-small-parrots/,/locations/,internal,chrome
/parrots-for-sale/parakeets-small-parrots/,/parrot-prices-uk/,internal,chrome
/parrots-for-sale/parakeets-small-parrots/,/contact/,internal,chrome
/parrots-for-sale/parakeets-small-parrots/,/privacy-policy/,internal,chrome
/parrots-for-sale/parakeets-small-parrots/,/cookie-policy/,internal,chrome
/parrots-for-sale/parakeets-small-parrots/,/business-policies/,internal,chrome
/parrots-for-sale/small-parrots/,/,internal,chrome
/parrots-for-sale/small-parrots/,/available-birds/,internal,chrome
/parrots-for-sale/small-parrots/,/parrots/,internal,chrome
/parrots-for-sale/small-parrots/,/parrots-for-sale/,internal,chrome
/parrots-for-sale/small-parrots/,/guides/,internal,chrome
/parrots-for-sale/small-parrots/,/contact/,internal,chrome
/parrots-for-sale/small-parrots/,/contact/,internal,chrome
/parrots-for-sale/small-parrots/,/,internal,main
/parrots-for-sale/small-parrots/,/parrots/parakeets-small-psittacines/budgerigar/,internal,main
/parrots-for-sale/small-parrots/,/parrots/parakeets-small-psittacines/indian-ringneck-parakeet/,internal,main
/parrots-for-sale/small-parrots/,/parrots/parakeets-small-psittacines/peach-faced-lovebird/,internal,main
/parrots-for-sale/small-parrots/,/parrots/conures/green-cheeked-conure/,internal,main
/parrots-for-sale/small-parrots/,/parrots/conures/sun-conure/,internal,main
/parrots-for-sale/small-parrots/,/parrots/caiques/black-headed-caique/,internal,main
/parrots-for-sale/small-parrots/,/parrots/caiques/white-bellied-caique/,internal,main
/parrots-for-sale/small-parrots/,/parrots/parakeets-small-psittacines/,internal,main
/parrots-for-sale/small-parrots/,/parrots/conures/,internal,main
/parrots-for-sale/small-parrots/,/parrots/caiques/,internal,main
/parrots-for-sale/small-parrots/,/available-birds/,internal,main
/parrots-for-sale/small-parrots/,/guides/parrot-housing-enrichment/,internal,main
/parrots-for-sale/small-parrots/,/guides/buying-a-parrot/,internal,main
/parrots-for-sale/small-parrots/,/guides/cites-parrots-uk/,internal,main
/parrots-for-sale/small-parrots/,/guides/parrot-ownership-costs/,internal,main
/parrots-for-sale/small-parrots/,/guides/preparing-for-a-parrot/,internal,main
/parrots-for-sale/small-parrots/,/parrots-for-sale/parakeets-small-parrots/,internal,main
/parrots-for-sale/small-parrots/,/parrots-for-sale/conures/,internal,main
/parrots-for-sale/small-parrots/,/,internal,chrome
/parrots-for-sale/small-parrots/,/available-birds/,internal,chrome
/parrots-for-sale/small-parrots/,/parrots/,internal,chrome
/parrots-for-sale/small-parrots/,/parrots-for-sale/,internal,chrome
/parrots-for-sale/small-parrots/,/our-approach/,internal,chrome
/parrots-for-sale/small-parrots/,/parrot-care/,internal,chrome
/parrots-for-sale/small-parrots/,/locations/,internal,chrome
/parrots-for-sale/small-parrots/,/parrot-prices-uk/,internal,chrome
/parrots-for-sale/small-parrots/,/contact/,internal,chrome
/parrots-for-sale/small-parrots/,/privacy-policy/,internal,chrome
/parrots-for-sale/small-parrots/,/cookie-policy/,internal,chrome
/parrots-for-sale/small-parrots/,/business-policies/,internal,chrome
/parrots-for-sale/talking-parrots/,/,internal,chrome
/parrots-for-sale/talking-parrots/,/available-birds/,internal,chrome
/parrots-for-sale/talking-parrots/,/parrots/,internal,chrome
/parrots-for-sale/talking-parrots/,/parrots-for-sale/,internal,chrome
/parrots-for-sale/talking-parrots/,/guides/,internal,chrome
/parrots-for-sale/talking-parrots/,/contact/,internal,chrome
/parrots-for-sale/talking-parrots/,/contact/,internal,chrome
/parrots-for-sale/talking-parrots/,/,internal,main
/parrots-for-sale/talking-parrots/,/parrots/african-parrots/congo-african-grey-parrot/,internal,main
/parrots-for-sale/talking-parrots/,/parrots/african-parrots/timneh-parrot/,internal,main
/parrots-for-sale/talking-parrots/,/parrots/amazons/blue-fronted-amazon-parrot/,internal,main
/parrots-for-sale/talking-parrots/,/parrots/amazons/yellow-naped-amazon-parrot/,internal,main
/parrots-for-sale/talking-parrots/,/parrots/parakeets-small-psittacines/budgerigar/,internal,main
/parrots-for-sale/talking-parrots/,/parrots/parakeets-small-psittacines/indian-ringneck-parakeet/,internal,main
/parrots-for-sale/talking-parrots/,/parrots/parakeets-small-psittacines/peach-faced-lovebird/,internal,main
/parrots-for-sale/talking-parrots/,/parrots/african-parrots/,internal,main
/parrots-for-sale/talking-parrots/,/parrots/amazons/,internal,main
/parrots-for-sale/talking-parrots/,/parrots/parakeets-small-psittacines/,internal,main
/parrots-for-sale/talking-parrots/,/available-birds/,internal,main
/parrots-for-sale/talking-parrots/,/guides/parrot-housing-enrichment/,internal,main
/parrots-for-sale/talking-parrots/,/guides/buying-a-parrot/,internal,main
/parrots-for-sale/talking-parrots/,/guides/cites-parrots-uk/,internal,main
/parrots-for-sale/talking-parrots/,/guides/parrot-ownership-costs/,internal,main
/parrots-for-sale/talking-parrots/,/guides/preparing-for-a-parrot/,internal,main
/parrots-for-sale/talking-parrots/,/parrots-for-sale/african-grey-parrots/,internal,main
/parrots-for-sale/talking-parrots/,/parrots-for-sale/amazon-parrots/,internal,main
/parrots-for-sale/talking-parrots/,/,internal,chrome
/parrots-for-sale/talking-parrots/,/available-birds/,internal,chrome
/parrots-for-sale/talking-parrots/,/parrots/,internal,chrome
/parrots-for-sale/talking-parrots/,/parrots-for-sale/,internal,chrome
/parrots-for-sale/talking-parrots/,/our-approach/,internal,chrome
/parrots-for-sale/talking-parrots/,/parrot-care/,internal,chrome
/parrots-for-sale/talking-parrots/,/locations/,internal,chrome
/parrots-for-sale/talking-parrots/,/parrot-prices-uk/,internal,chrome
/parrots-for-sale/talking-parrots/,/contact/,internal,chrome
/parrots-for-sale/talking-parrots/,/privacy-policy/,internal,chrome
/parrots-for-sale/talking-parrots/,/cookie-policy/,internal,chrome
/parrots-for-sale/talking-parrots/,/business-policies/,internal,chrome
/parrots/,/,internal,chrome
/parrots/,/available-birds/,internal,chrome
/parrots/,/parrots/,internal,chrome
/parrots/,/parrots-for-sale/,internal,chrome
/parrots/,/guides/,internal,chrome
/parrots/,/contact/,internal,chrome
/parrots/,/contact/,internal,chrome
/parrots/,/,internal,main
/parrots/,/parrots/african-parrots/,internal,main
/parrots/,/parrots/macaws/,internal,main
/parrots/,/parrots/cockatoos/,internal,main
/parrots/,/parrots/amazons/,internal,main
/parrots/,/parrots/conures/,internal,main
/parrots/,/parrots/caiques/,internal,main
/parrots/,/parrots/eclectus/,internal,main
/parrots/,/parrots/parakeets-small-psittacines/,internal,main
/parrots/,/guides/choosing-a-parrot/,internal,main
/parrots/,/parrots-for-sale/,internal,main
/parrots/,/guides/buying-a-parrot/,internal,main
/parrots/,/guides/cites-parrots-uk/,internal,main
/parrots/,/guides/parrot-ownership-costs/,internal,main
/parrots/,/guides/preparing-for-a-parrot/,internal,main
/parrots/,/parrots/african-parrots/,internal,main
/parrots/,/parrots/macaws/,internal,main
/parrots/,/parrots/cockatoos/,internal,main
/parrots/,/parrots/amazons/,internal,main
/parrots/,/parrots/conures/,internal,main
/parrots/,/parrots/caiques/,internal,main
/parrots/,/parrots/eclectus/,internal,main
/parrots/,/parrots/parakeets-small-psittacines/,internal,main
/parrots/,/parrots-for-sale/,internal,main
/parrots/,/parrot-care/,internal,main
/parrots/,/our-approach/,internal,main
/parrots/,/parrots-for-sale/talking-parrots/,internal,main
/parrots/,/parrots-for-sale/small-parrots/,internal,main
/parrots/,/parrots-for-sale/large-parrots/,internal,main
/parrots/,/parrot-prices-uk/,internal,main
/parrots/,/locations/,internal,main
/parrots/,/,internal,chrome
/parrots/,/available-birds/,internal,chrome
/parrots/,/parrots/,internal,chrome
/parrots/,/parrots-for-sale/,internal,chrome
/parrots/,/our-approach/,internal,chrome
/parrots/,/parrot-care/,internal,chrome
/parrots/,/locations/,internal,chrome
/parrots/,/parrot-prices-uk/,internal,chrome
/parrots/,/contact/,internal,chrome
/parrots/,/privacy-policy/,internal,chrome
/parrots/,/cookie-policy/,internal,chrome
/parrots/,/business-policies/,internal,chrome
/parrots/african-parrots/,/,internal,chrome
/parrots/african-parrots/,/available-birds/,internal,chrome
/parrots/african-parrots/,/parrots/,internal,chrome
/parrots/african-parrots/,/parrots-for-sale/,internal,chrome
/parrots/african-parrots/,/guides/,internal,chrome
/parrots/african-parrots/,/contact/,internal,chrome
/parrots/african-parrots/,/contact/,internal,chrome
/parrots/african-parrots/,/parrots/,internal,main
/parrots/african-parrots/,/available-birds/,internal,main
/parrots/african-parrots/,/contact/?species=african-parrots,internal,main
/parrots/african-parrots/,/contact/?species=african-parrots,internal,main
/parrots/african-parrots/,#size,internal,chrome
/parrots/african-parrots/,#lifespan,internal,chrome
/parrots/african-parrots/,#noise,internal,chrome
/parrots/african-parrots/,#diet,internal,chrome
/parrots/african-parrots/,#suitability,internal,chrome
/parrots/african-parrots/,#challenges,internal,chrome
/parrots/african-parrots/,#temperament,internal,chrome
/parrots/african-parrots/,#housing,internal,chrome
/parrots/african-parrots/,#named-species,internal,chrome
/parrots/african-parrots/,/parrots/african-parrots/congo-african-grey-parrot/,internal,main
/parrots/african-parrots/,/parrots/african-parrots/timneh-parrot/,internal,main
/parrots/african-parrots/,/guides/buying-a-parrot/,internal,main
/parrots/african-parrots/,/guides/cites-parrots-uk/,internal,main
/parrots/african-parrots/,/guides/parrot-ownership-costs/,internal,main
/parrots/african-parrots/,/guides/preparing-for-a-parrot/,internal,main
/parrots/african-parrots/,/parrots/african-parrots/,internal,main
/parrots/african-parrots/,/parrots-for-sale/african-grey-parrots/,internal,main
/parrots/african-parrots/,/guides/choosing-a-parrot/,internal,main
/parrots/african-parrots/,/guides/parrot-housing-enrichment/,internal,main
/parrots/african-parrots/,/guides/buying-a-parrot-checklist/,internal,main
/parrots/african-parrots/,/guides/parrot-ownership-costs/,internal,main
/parrots/african-parrots/,/guides/parrot-diet-nutrition/,internal,main
/parrots/african-parrots/,/available-birds/,internal,main
/parrots/african-parrots/,https://www.rspca.org.uk/adviceandwelfare/pets/birds/diet,external,main
/parrots/african-parrots/,https://www.ivis.org/library/avian-health-and-disease/lifespan-and-longevity,external,main
/parrots/african-parrots/,/contact/?species=african-parrots,internal,main
/parrots/african-parrots/,/parrots/macaws/,internal,main
/parrots/african-parrots/,/parrots/cockatoos/,internal,main
/parrots/african-parrots/,/parrots/amazons/,internal,main
/parrots/african-parrots/,/parrots/conures/,internal,main
/parrots/african-parrots/,/parrots/caiques/,internal,main
/parrots/african-parrots/,/parrots/eclectus/,internal,main
/parrots/african-parrots/,/parrots/parakeets-small-psittacines/,internal,main
/parrots/african-parrots/,/guides/buying-a-parrot/,internal,main
/parrots/african-parrots/,/guides/cites-parrots-uk/,internal,main
/parrots/african-parrots/,/guides/preparing-for-a-parrot/,internal,main
/parrots/african-parrots/,/,internal,chrome
/parrots/african-parrots/,/available-birds/,internal,chrome
/parrots/african-parrots/,/parrots/,internal,chrome
/parrots/african-parrots/,/parrots-for-sale/,internal,chrome
/parrots/african-parrots/,/our-approach/,internal,chrome
/parrots/african-parrots/,/parrot-care/,internal,chrome
/parrots/african-parrots/,/locations/,internal,chrome
/parrots/african-parrots/,/parrot-prices-uk/,internal,chrome
/parrots/african-parrots/,/contact/,internal,chrome
/parrots/african-parrots/,/privacy-policy/,internal,chrome
/parrots/african-parrots/,/cookie-policy/,internal,chrome
/parrots/african-parrots/,/business-policies/,internal,chrome
/parrots/african-parrots/congo-african-grey-parrot/,/,internal,chrome
/parrots/african-parrots/congo-african-grey-parrot/,/available-birds/,internal,chrome
/parrots/african-parrots/congo-african-grey-parrot/,/parrots/,internal,chrome
/parrots/african-parrots/congo-african-grey-parrot/,/parrots-for-sale/,internal,chrome
/parrots/african-parrots/congo-african-grey-parrot/,/guides/,internal,chrome
/parrots/african-parrots/congo-african-grey-parrot/,/contact/,internal,chrome
/parrots/african-parrots/congo-african-grey-parrot/,/contact/,internal,chrome
/parrots/african-parrots/congo-african-grey-parrot/,/,internal,main
/parrots/african-parrots/congo-african-grey-parrot/,/parrots/,internal,main
/parrots/african-parrots/congo-african-grey-parrot/,/parrots/african-parrots/,internal,main
/parrots/african-parrots/congo-african-grey-parrot/,/guides/buying-a-parrot/,internal,main
/parrots/african-parrots/congo-african-grey-parrot/,/guides/cites-parrots-uk/,internal,main
/parrots/african-parrots/congo-african-grey-parrot/,/guides/parrot-ownership-costs/,internal,main
/parrots/african-parrots/congo-african-grey-parrot/,/guides/preparing-for-a-parrot/,internal,main
/parrots/african-parrots/congo-african-grey-parrot/,/parrots/african-parrots/,internal,main
/parrots/african-parrots/congo-african-grey-parrot/,/parrots-for-sale/african-grey-parrots/,internal,main
/parrots/african-parrots/congo-african-grey-parrot/,/guides/choosing-a-parrot/,internal,main
/parrots/african-parrots/congo-african-grey-parrot/,/guides/parrot-housing-enrichment/,internal,main
/parrots/african-parrots/congo-african-grey-parrot/,/guides/buying-a-parrot-checklist/,internal,main
/parrots/african-parrots/congo-african-grey-parrot/,/guides/parrot-ownership-costs/,internal,main
/parrots/african-parrots/congo-african-grey-parrot/,/guides/parrot-diet-nutrition/,internal,main
/parrots/african-parrots/congo-african-grey-parrot/,/available-birds/,internal,main
/parrots/african-parrots/congo-african-grey-parrot/,/contact/?species=african-parrots&bird=congo-african-grey-parrot,internal,main
/parrots/african-parrots/congo-african-grey-parrot/,/parrots/african-parrots/timneh-parrot/,internal,main
/parrots/african-parrots/congo-african-grey-parrot/,/,internal,chrome
/parrots/african-parrots/congo-african-grey-parrot/,/available-birds/,internal,chrome
/parrots/african-parrots/congo-african-grey-parrot/,/parrots/,internal,chrome
/parrots/african-parrots/congo-african-grey-parrot/,/parrots-for-sale/,internal,chrome
/parrots/african-parrots/congo-african-grey-parrot/,/our-approach/,internal,chrome
/parrots/african-parrots/congo-african-grey-parrot/,/parrot-care/,internal,chrome
/parrots/african-parrots/congo-african-grey-parrot/,/locations/,internal,chrome
/parrots/african-parrots/congo-african-grey-parrot/,/parrot-prices-uk/,internal,chrome
/parrots/african-parrots/congo-african-grey-parrot/,/contact/,internal,chrome
/parrots/african-parrots/congo-african-grey-parrot/,/privacy-policy/,internal,chrome
/parrots/african-parrots/congo-african-grey-parrot/,/cookie-policy/,internal,chrome
/parrots/african-parrots/congo-african-grey-parrot/,/business-policies/,internal,chrome
/parrots/african-parrots/timneh-parrot/,/,internal,chrome
/parrots/african-parrots/timneh-parrot/,/available-birds/,internal,chrome
/parrots/african-parrots/timneh-parrot/,/parrots/,internal,chrome
/parrots/african-parrots/timneh-parrot/,/parrots-for-sale/,internal,chrome
/parrots/african-parrots/timneh-parrot/,/guides/,internal,chrome
/parrots/african-parrots/timneh-parrot/,/contact/,internal,chrome
/parrots/african-parrots/timneh-parrot/,/contact/,internal,chrome
/parrots/african-parrots/timneh-parrot/,/,internal,main
/parrots/african-parrots/timneh-parrot/,/parrots/,internal,main
/parrots/african-parrots/timneh-parrot/,/parrots/african-parrots/,internal,main
/parrots/african-parrots/timneh-parrot/,/guides/buying-a-parrot/,internal,main
/parrots/african-parrots/timneh-parrot/,/guides/cites-parrots-uk/,internal,main
/parrots/african-parrots/timneh-parrot/,/guides/parrot-ownership-costs/,internal,main
/parrots/african-parrots/timneh-parrot/,/guides/preparing-for-a-parrot/,internal,main
/parrots/african-parrots/timneh-parrot/,/parrots/african-parrots/,internal,main
/parrots/african-parrots/timneh-parrot/,/parrots-for-sale/african-grey-parrots/,internal,main
/parrots/african-parrots/timneh-parrot/,/guides/choosing-a-parrot/,internal,main
/parrots/african-parrots/timneh-parrot/,/guides/parrot-housing-enrichment/,internal,main
/parrots/african-parrots/timneh-parrot/,/guides/buying-a-parrot-checklist/,internal,main
/parrots/african-parrots/timneh-parrot/,/guides/parrot-ownership-costs/,internal,main
/parrots/african-parrots/timneh-parrot/,/guides/parrot-diet-nutrition/,internal,main
/parrots/african-parrots/timneh-parrot/,/available-birds/,internal,main
/parrots/african-parrots/timneh-parrot/,/contact/?species=african-parrots&bird=timneh-parrot,internal,main
/parrots/african-parrots/timneh-parrot/,/parrots/african-parrots/congo-african-grey-parrot/,internal,main
/parrots/african-parrots/timneh-parrot/,/,internal,chrome
/parrots/african-parrots/timneh-parrot/,/available-birds/,internal,chrome
/parrots/african-parrots/timneh-parrot/,/parrots/,internal,chrome
/parrots/african-parrots/timneh-parrot/,/parrots-for-sale/,internal,chrome
/parrots/african-parrots/timneh-parrot/,/our-approach/,internal,chrome
/parrots/african-parrots/timneh-parrot/,/parrot-care/,internal,chrome
/parrots/african-parrots/timneh-parrot/,/locations/,internal,chrome
/parrots/african-parrots/timneh-parrot/,/parrot-prices-uk/,internal,chrome
/parrots/african-parrots/timneh-parrot/,/contact/,internal,chrome
/parrots/african-parrots/timneh-parrot/,/privacy-policy/,internal,chrome
/parrots/african-parrots/timneh-parrot/,/cookie-policy/,internal,chrome
/parrots/african-parrots/timneh-parrot/,/business-policies/,internal,chrome
/parrots/amazons/,/,internal,chrome
/parrots/amazons/,/available-birds/,internal,chrome
/parrots/amazons/,/parrots/,internal,chrome
/parrots/amazons/,/parrots-for-sale/,internal,chrome
/parrots/amazons/,/guides/,internal,chrome
/parrots/amazons/,/contact/,internal,chrome
/parrots/amazons/,/contact/,internal,chrome
/parrots/amazons/,/parrots/,internal,main
/parrots/amazons/,/available-birds/,internal,main
/parrots/amazons/,/contact/?species=amazons,internal,main
/parrots/amazons/,/contact/?species=amazons,internal,main
/parrots/amazons/,#size,internal,chrome
/parrots/amazons/,#lifespan,internal,chrome
/parrots/amazons/,#noise,internal,chrome
/parrots/amazons/,#diet,internal,chrome
/parrots/amazons/,#suitability,internal,chrome
/parrots/amazons/,#challenges,internal,chrome
/parrots/amazons/,#temperament,internal,chrome
/parrots/amazons/,#housing,internal,chrome
/parrots/amazons/,#named-species,internal,chrome
/parrots/amazons/,/parrots/amazons/blue-fronted-amazon-parrot/,internal,main
/parrots/amazons/,/parrots/amazons/yellow-naped-amazon-parrot/,internal,main
/parrots/amazons/,/guides/buying-a-parrot/,internal,main
/parrots/amazons/,/guides/cites-parrots-uk/,internal,main
/parrots/amazons/,/guides/parrot-ownership-costs/,internal,main
/parrots/amazons/,/guides/preparing-for-a-parrot/,internal,main
/parrots/amazons/,/parrots/amazons/,internal,main
/parrots/amazons/,/parrots-for-sale/amazon-parrots/,internal,main
/parrots/amazons/,/guides/choosing-a-parrot/,internal,main
/parrots/amazons/,/guides/parrot-housing-enrichment/,internal,main
/parrots/amazons/,/guides/buying-a-parrot-checklist/,internal,main
/parrots/amazons/,/guides/parrot-ownership-costs/,internal,main
/parrots/amazons/,/guides/parrot-diet-nutrition/,internal,main
/parrots/amazons/,/available-birds/,internal,main
/parrots/amazons/,https://www.rspca.org.uk/adviceandwelfare/pets/birds/diet,external,main
/parrots/amazons/,https://www.ivis.org/library/avian-health-and-disease/lifespan-and-longevity,external,main
/parrots/amazons/,/contact/?species=amazons,internal,main
/parrots/amazons/,/parrots/african-parrots/,internal,main
/parrots/amazons/,/parrots/macaws/,internal,main
/parrots/amazons/,/parrots/cockatoos/,internal,main
/parrots/amazons/,/parrots/conures/,internal,main
/parrots/amazons/,/parrots/caiques/,internal,main
/parrots/amazons/,/parrots/eclectus/,internal,main
/parrots/amazons/,/parrots/parakeets-small-psittacines/,internal,main
/parrots/amazons/,/guides/buying-a-parrot/,internal,main
/parrots/amazons/,/guides/cites-parrots-uk/,internal,main
/parrots/amazons/,/guides/preparing-for-a-parrot/,internal,main
/parrots/amazons/,/,internal,chrome
/parrots/amazons/,/available-birds/,internal,chrome
/parrots/amazons/,/parrots/,internal,chrome
/parrots/amazons/,/parrots-for-sale/,internal,chrome
/parrots/amazons/,/our-approach/,internal,chrome
/parrots/amazons/,/parrot-care/,internal,chrome
/parrots/amazons/,/locations/,internal,chrome
/parrots/amazons/,/parrot-prices-uk/,internal,chrome
/parrots/amazons/,/contact/,internal,chrome
/parrots/amazons/,/privacy-policy/,internal,chrome
/parrots/amazons/,/cookie-policy/,internal,chrome
/parrots/amazons/,/business-policies/,internal,chrome
/parrots/amazons/blue-fronted-amazon-parrot/,/,internal,chrome
/parrots/amazons/blue-fronted-amazon-parrot/,/available-birds/,internal,chrome
/parrots/amazons/blue-fronted-amazon-parrot/,/parrots/,internal,chrome
/parrots/amazons/blue-fronted-amazon-parrot/,/parrots-for-sale/,internal,chrome
/parrots/amazons/blue-fronted-amazon-parrot/,/guides/,internal,chrome
/parrots/amazons/blue-fronted-amazon-parrot/,/contact/,internal,chrome
/parrots/amazons/blue-fronted-amazon-parrot/,/contact/,internal,chrome
/parrots/amazons/blue-fronted-amazon-parrot/,/,internal,main
/parrots/amazons/blue-fronted-amazon-parrot/,/parrots/,internal,main
/parrots/amazons/blue-fronted-amazon-parrot/,/parrots/amazons/,internal,main
/parrots/amazons/blue-fronted-amazon-parrot/,/guides/buying-a-parrot/,internal,main
/parrots/amazons/blue-fronted-amazon-parrot/,/guides/cites-parrots-uk/,internal,main
/parrots/amazons/blue-fronted-amazon-parrot/,/guides/parrot-ownership-costs/,internal,main
/parrots/amazons/blue-fronted-amazon-parrot/,/guides/preparing-for-a-parrot/,internal,main
/parrots/amazons/blue-fronted-amazon-parrot/,/parrots/amazons/,internal,main
/parrots/amazons/blue-fronted-amazon-parrot/,/parrots-for-sale/amazon-parrots/,internal,main
/parrots/amazons/blue-fronted-amazon-parrot/,/guides/choosing-a-parrot/,internal,main
/parrots/amazons/blue-fronted-amazon-parrot/,/guides/parrot-housing-enrichment/,internal,main
/parrots/amazons/blue-fronted-amazon-parrot/,/guides/buying-a-parrot-checklist/,internal,main
/parrots/amazons/blue-fronted-amazon-parrot/,/guides/parrot-ownership-costs/,internal,main
/parrots/amazons/blue-fronted-amazon-parrot/,/guides/parrot-diet-nutrition/,internal,main
/parrots/amazons/blue-fronted-amazon-parrot/,/available-birds/,internal,main
/parrots/amazons/blue-fronted-amazon-parrot/,/contact/?species=amazons&bird=blue-fronted-amazon-parrot,internal,main
/parrots/amazons/blue-fronted-amazon-parrot/,/parrots/amazons/yellow-naped-amazon-parrot/,internal,main
/parrots/amazons/blue-fronted-amazon-parrot/,/,internal,chrome
/parrots/amazons/blue-fronted-amazon-parrot/,/available-birds/,internal,chrome
/parrots/amazons/blue-fronted-amazon-parrot/,/parrots/,internal,chrome
/parrots/amazons/blue-fronted-amazon-parrot/,/parrots-for-sale/,internal,chrome
/parrots/amazons/blue-fronted-amazon-parrot/,/our-approach/,internal,chrome
/parrots/amazons/blue-fronted-amazon-parrot/,/parrot-care/,internal,chrome
/parrots/amazons/blue-fronted-amazon-parrot/,/locations/,internal,chrome
/parrots/amazons/blue-fronted-amazon-parrot/,/parrot-prices-uk/,internal,chrome
/parrots/amazons/blue-fronted-amazon-parrot/,/contact/,internal,chrome
/parrots/amazons/blue-fronted-amazon-parrot/,/privacy-policy/,internal,chrome
/parrots/amazons/blue-fronted-amazon-parrot/,/cookie-policy/,internal,chrome
/parrots/amazons/blue-fronted-amazon-parrot/,/business-policies/,internal,chrome
/parrots/amazons/yellow-naped-amazon-parrot/,/,internal,chrome
/parrots/amazons/yellow-naped-amazon-parrot/,/available-birds/,internal,chrome
/parrots/amazons/yellow-naped-amazon-parrot/,/parrots/,internal,chrome
/parrots/amazons/yellow-naped-amazon-parrot/,/parrots-for-sale/,internal,chrome
/parrots/amazons/yellow-naped-amazon-parrot/,/guides/,internal,chrome
/parrots/amazons/yellow-naped-amazon-parrot/,/contact/,internal,chrome
/parrots/amazons/yellow-naped-amazon-parrot/,/contact/,internal,chrome
/parrots/amazons/yellow-naped-amazon-parrot/,/,internal,main
/parrots/amazons/yellow-naped-amazon-parrot/,/parrots/,internal,main
/parrots/amazons/yellow-naped-amazon-parrot/,/parrots/amazons/,internal,main
/parrots/amazons/yellow-naped-amazon-parrot/,/guides/buying-a-parrot/,internal,main
/parrots/amazons/yellow-naped-amazon-parrot/,/guides/cites-parrots-uk/,internal,main
/parrots/amazons/yellow-naped-amazon-parrot/,/guides/parrot-ownership-costs/,internal,main
/parrots/amazons/yellow-naped-amazon-parrot/,/guides/preparing-for-a-parrot/,internal,main
/parrots/amazons/yellow-naped-amazon-parrot/,/parrots/amazons/,internal,main
/parrots/amazons/yellow-naped-amazon-parrot/,/parrots-for-sale/amazon-parrots/,internal,main
/parrots/amazons/yellow-naped-amazon-parrot/,/guides/choosing-a-parrot/,internal,main
/parrots/amazons/yellow-naped-amazon-parrot/,/guides/parrot-housing-enrichment/,internal,main
/parrots/amazons/yellow-naped-amazon-parrot/,/guides/buying-a-parrot-checklist/,internal,main
/parrots/amazons/yellow-naped-amazon-parrot/,/guides/parrot-ownership-costs/,internal,main
/parrots/amazons/yellow-naped-amazon-parrot/,/guides/parrot-diet-nutrition/,internal,main
/parrots/amazons/yellow-naped-amazon-parrot/,/available-birds/,internal,main
/parrots/amazons/yellow-naped-amazon-parrot/,/contact/?species=amazons&bird=yellow-naped-amazon-parrot,internal,main
/parrots/amazons/yellow-naped-amazon-parrot/,/parrots/amazons/blue-fronted-amazon-parrot/,internal,main
/parrots/amazons/yellow-naped-amazon-parrot/,/,internal,chrome
/parrots/amazons/yellow-naped-amazon-parrot/,/available-birds/,internal,chrome
/parrots/amazons/yellow-naped-amazon-parrot/,/parrots/,internal,chrome
/parrots/amazons/yellow-naped-amazon-parrot/,/parrots-for-sale/,internal,chrome
/parrots/amazons/yellow-naped-amazon-parrot/,/our-approach/,internal,chrome
/parrots/amazons/yellow-naped-amazon-parrot/,/parrot-care/,internal,chrome
/parrots/amazons/yellow-naped-amazon-parrot/,/locations/,internal,chrome
/parrots/amazons/yellow-naped-amazon-parrot/,/parrot-prices-uk/,internal,chrome
/parrots/amazons/yellow-naped-amazon-parrot/,/contact/,internal,chrome
/parrots/amazons/yellow-naped-amazon-parrot/,/privacy-policy/,internal,chrome
/parrots/amazons/yellow-naped-amazon-parrot/,/cookie-policy/,internal,chrome
/parrots/amazons/yellow-naped-amazon-parrot/,/business-policies/,internal,chrome
/parrots/caiques/,/,internal,chrome
/parrots/caiques/,/available-birds/,internal,chrome
/parrots/caiques/,/parrots/,internal,chrome
/parrots/caiques/,/parrots-for-sale/,internal,chrome
/parrots/caiques/,/guides/,internal,chrome
/parrots/caiques/,/contact/,internal,chrome
/parrots/caiques/,/contact/,internal,chrome
/parrots/caiques/,/parrots/,internal,main
/parrots/caiques/,/available-birds/,internal,main
/parrots/caiques/,/contact/?species=caiques,internal,main
/parrots/caiques/,/contact/?species=caiques,internal,main
/parrots/caiques/,#size,internal,chrome
/parrots/caiques/,#lifespan,internal,chrome
/parrots/caiques/,#noise,internal,chrome
/parrots/caiques/,#diet,internal,chrome
/parrots/caiques/,#suitability,internal,chrome
/parrots/caiques/,#challenges,internal,chrome
/parrots/caiques/,#temperament,internal,chrome
/parrots/caiques/,#housing,internal,chrome
/parrots/caiques/,#named-species,internal,chrome
/parrots/caiques/,/parrots/caiques/black-headed-caique/,internal,main
/parrots/caiques/,/parrots/caiques/white-bellied-caique/,internal,main
/parrots/caiques/,/guides/buying-a-parrot/,internal,main
/parrots/caiques/,/guides/cites-parrots-uk/,internal,main
/parrots/caiques/,/guides/parrot-ownership-costs/,internal,main
/parrots/caiques/,/guides/preparing-for-a-parrot/,internal,main
/parrots/caiques/,/parrots/caiques/,internal,main
/parrots/caiques/,/parrots-for-sale/caiques/,internal,main
/parrots/caiques/,/guides/choosing-a-parrot/,internal,main
/parrots/caiques/,/guides/parrot-housing-enrichment/,internal,main
/parrots/caiques/,/guides/buying-a-parrot-checklist/,internal,main
/parrots/caiques/,/guides/parrot-ownership-costs/,internal,main
/parrots/caiques/,/guides/parrot-diet-nutrition/,internal,main
/parrots/caiques/,/available-birds/,internal,main
/parrots/caiques/,https://www.rspca.org.uk/adviceandwelfare/pets/birds/diet,external,main
/parrots/caiques/,https://www.ivis.org/library/avian-health-and-disease/lifespan-and-longevity,external,main
/parrots/caiques/,/contact/?species=caiques,internal,main
/parrots/caiques/,/parrots/african-parrots/,internal,main
/parrots/caiques/,/parrots/macaws/,internal,main
/parrots/caiques/,/parrots/cockatoos/,internal,main
/parrots/caiques/,/parrots/amazons/,internal,main
/parrots/caiques/,/parrots/conures/,internal,main
/parrots/caiques/,/parrots/eclectus/,internal,main
/parrots/caiques/,/parrots/parakeets-small-psittacines/,internal,main
/parrots/caiques/,/guides/buying-a-parrot/,internal,main
/parrots/caiques/,/guides/cites-parrots-uk/,internal,main
/parrots/caiques/,/guides/preparing-for-a-parrot/,internal,main
/parrots/caiques/,/,internal,chrome
/parrots/caiques/,/available-birds/,internal,chrome
/parrots/caiques/,/parrots/,internal,chrome
/parrots/caiques/,/parrots-for-sale/,internal,chrome
/parrots/caiques/,/our-approach/,internal,chrome
/parrots/caiques/,/parrot-care/,internal,chrome
/parrots/caiques/,/locations/,internal,chrome
/parrots/caiques/,/parrot-prices-uk/,internal,chrome
/parrots/caiques/,/contact/,internal,chrome
/parrots/caiques/,/privacy-policy/,internal,chrome
/parrots/caiques/,/cookie-policy/,internal,chrome
/parrots/caiques/,/business-policies/,internal,chrome
/parrots/caiques/black-headed-caique/,/,internal,chrome
/parrots/caiques/black-headed-caique/,/available-birds/,internal,chrome
/parrots/caiques/black-headed-caique/,/parrots/,internal,chrome
/parrots/caiques/black-headed-caique/,/parrots-for-sale/,internal,chrome
/parrots/caiques/black-headed-caique/,/guides/,internal,chrome
/parrots/caiques/black-headed-caique/,/contact/,internal,chrome
/parrots/caiques/black-headed-caique/,/contact/,internal,chrome
/parrots/caiques/black-headed-caique/,/,internal,main
/parrots/caiques/black-headed-caique/,/parrots/,internal,main
/parrots/caiques/black-headed-caique/,/parrots/caiques/,internal,main
/parrots/caiques/black-headed-caique/,/guides/buying-a-parrot/,internal,main
/parrots/caiques/black-headed-caique/,/guides/cites-parrots-uk/,internal,main
/parrots/caiques/black-headed-caique/,/guides/parrot-ownership-costs/,internal,main
/parrots/caiques/black-headed-caique/,/guides/preparing-for-a-parrot/,internal,main
/parrots/caiques/black-headed-caique/,/parrots/caiques/,internal,main
/parrots/caiques/black-headed-caique/,/parrots-for-sale/caiques/,internal,main
/parrots/caiques/black-headed-caique/,/guides/choosing-a-parrot/,internal,main
/parrots/caiques/black-headed-caique/,/guides/parrot-housing-enrichment/,internal,main
/parrots/caiques/black-headed-caique/,/guides/buying-a-parrot-checklist/,internal,main
/parrots/caiques/black-headed-caique/,/guides/parrot-ownership-costs/,internal,main
/parrots/caiques/black-headed-caique/,/guides/parrot-diet-nutrition/,internal,main
/parrots/caiques/black-headed-caique/,/available-birds/,internal,main
/parrots/caiques/black-headed-caique/,/contact/?species=caiques&bird=black-headed-caique,internal,main
/parrots/caiques/black-headed-caique/,/parrots/caiques/white-bellied-caique/,internal,main
/parrots/caiques/black-headed-caique/,/,internal,chrome
/parrots/caiques/black-headed-caique/,/available-birds/,internal,chrome
/parrots/caiques/black-headed-caique/,/parrots/,internal,chrome
/parrots/caiques/black-headed-caique/,/parrots-for-sale/,internal,chrome
/parrots/caiques/black-headed-caique/,/our-approach/,internal,chrome
/parrots/caiques/black-headed-caique/,/parrot-care/,internal,chrome
/parrots/caiques/black-headed-caique/,/locations/,internal,chrome
/parrots/caiques/black-headed-caique/,/parrot-prices-uk/,internal,chrome
/parrots/caiques/black-headed-caique/,/contact/,internal,chrome
/parrots/caiques/black-headed-caique/,/privacy-policy/,internal,chrome
/parrots/caiques/black-headed-caique/,/cookie-policy/,internal,chrome
/parrots/caiques/black-headed-caique/,/business-policies/,internal,chrome
/parrots/caiques/white-bellied-caique/,/,internal,chrome
/parrots/caiques/white-bellied-caique/,/available-birds/,internal,chrome
/parrots/caiques/white-bellied-caique/,/parrots/,internal,chrome
/parrots/caiques/white-bellied-caique/,/parrots-for-sale/,internal,chrome
/parrots/caiques/white-bellied-caique/,/guides/,internal,chrome
/parrots/caiques/white-bellied-caique/,/contact/,internal,chrome
/parrots/caiques/white-bellied-caique/,/contact/,internal,chrome
/parrots/caiques/white-bellied-caique/,/,internal,main
/parrots/caiques/white-bellied-caique/,/parrots/,internal,main
/parrots/caiques/white-bellied-caique/,/parrots/caiques/,internal,main
/parrots/caiques/white-bellied-caique/,/guides/buying-a-parrot/,internal,main
/parrots/caiques/white-bellied-caique/,/guides/cites-parrots-uk/,internal,main
/parrots/caiques/white-bellied-caique/,/guides/parrot-ownership-costs/,internal,main
/parrots/caiques/white-bellied-caique/,/guides/preparing-for-a-parrot/,internal,main
/parrots/caiques/white-bellied-caique/,/parrots/caiques/,internal,main
/parrots/caiques/white-bellied-caique/,/parrots-for-sale/caiques/,internal,main
/parrots/caiques/white-bellied-caique/,/guides/choosing-a-parrot/,internal,main
/parrots/caiques/white-bellied-caique/,/guides/parrot-housing-enrichment/,internal,main
/parrots/caiques/white-bellied-caique/,/guides/buying-a-parrot-checklist/,internal,main
/parrots/caiques/white-bellied-caique/,/guides/parrot-ownership-costs/,internal,main
/parrots/caiques/white-bellied-caique/,/guides/parrot-diet-nutrition/,internal,main
/parrots/caiques/white-bellied-caique/,/available-birds/,internal,main
/parrots/caiques/white-bellied-caique/,/contact/?species=caiques&bird=white-bellied-caique,internal,main
/parrots/caiques/white-bellied-caique/,/parrots/caiques/black-headed-caique/,internal,main
/parrots/caiques/white-bellied-caique/,/,internal,chrome
/parrots/caiques/white-bellied-caique/,/available-birds/,internal,chrome
/parrots/caiques/white-bellied-caique/,/parrots/,internal,chrome
/parrots/caiques/white-bellied-caique/,/parrots-for-sale/,internal,chrome
/parrots/caiques/white-bellied-caique/,/our-approach/,internal,chrome
/parrots/caiques/white-bellied-caique/,/parrot-care/,internal,chrome
/parrots/caiques/white-bellied-caique/,/locations/,internal,chrome
/parrots/caiques/white-bellied-caique/,/parrot-prices-uk/,internal,chrome
/parrots/caiques/white-bellied-caique/,/contact/,internal,chrome
/parrots/caiques/white-bellied-caique/,/privacy-policy/,internal,chrome
/parrots/caiques/white-bellied-caique/,/cookie-policy/,internal,chrome
/parrots/caiques/white-bellied-caique/,/business-policies/,internal,chrome
/parrots/cockatoos/,/,internal,chrome
/parrots/cockatoos/,/available-birds/,internal,chrome
/parrots/cockatoos/,/parrots/,internal,chrome
/parrots/cockatoos/,/parrots-for-sale/,internal,chrome
/parrots/cockatoos/,/guides/,internal,chrome
/parrots/cockatoos/,/contact/,internal,chrome
/parrots/cockatoos/,/contact/,internal,chrome
/parrots/cockatoos/,/parrots/,internal,main
/parrots/cockatoos/,/available-birds/,internal,main
/parrots/cockatoos/,/contact/?species=cockatoos,internal,main
/parrots/cockatoos/,/contact/?species=cockatoos,internal,main
/parrots/cockatoos/,#size,internal,chrome
/parrots/cockatoos/,#lifespan,internal,chrome
/parrots/cockatoos/,#noise,internal,chrome
/parrots/cockatoos/,#diet,internal,chrome
/parrots/cockatoos/,#suitability,internal,chrome
/parrots/cockatoos/,#challenges,internal,chrome
/parrots/cockatoos/,#temperament,internal,chrome
/parrots/cockatoos/,#housing,internal,chrome
/parrots/cockatoos/,#named-species,internal,chrome
/parrots/cockatoos/,/parrots/cockatoos/galah-cockatoo/,internal,main
/parrots/cockatoos/,/parrots/cockatoos/umbrella-cockatoo/,internal,main
/parrots/cockatoos/,/guides/buying-a-parrot/,internal,main
/parrots/cockatoos/,/guides/cites-parrots-uk/,internal,main
/parrots/cockatoos/,/guides/parrot-ownership-costs/,internal,main
/parrots/cockatoos/,/guides/preparing-for-a-parrot/,internal,main
/parrots/cockatoos/,/parrots/cockatoos/,internal,main
/parrots/cockatoos/,/parrots-for-sale/cockatoos/,internal,main
/parrots/cockatoos/,/guides/choosing-a-parrot/,internal,main
/parrots/cockatoos/,/guides/parrot-housing-enrichment/,internal,main
/parrots/cockatoos/,/guides/buying-a-parrot-checklist/,internal,main
/parrots/cockatoos/,/guides/parrot-ownership-costs/,internal,main
/parrots/cockatoos/,/guides/parrot-diet-nutrition/,internal,main
/parrots/cockatoos/,/available-birds/,internal,main
/parrots/cockatoos/,https://www.rspca.org.uk/adviceandwelfare/pets/birds/diet,external,main
/parrots/cockatoos/,https://www.ivis.org/library/avian-health-and-disease/lifespan-and-longevity,external,main
/parrots/cockatoos/,/contact/?species=cockatoos,internal,main
/parrots/cockatoos/,/parrots/african-parrots/,internal,main
/parrots/cockatoos/,/parrots/macaws/,internal,main
/parrots/cockatoos/,/parrots/amazons/,internal,main
/parrots/cockatoos/,/parrots/conures/,internal,main
/parrots/cockatoos/,/parrots/caiques/,internal,main
/parrots/cockatoos/,/parrots/eclectus/,internal,main
/parrots/cockatoos/,/parrots/parakeets-small-psittacines/,internal,main
/parrots/cockatoos/,/guides/buying-a-parrot/,internal,main
/parrots/cockatoos/,/guides/cites-parrots-uk/,internal,main
/parrots/cockatoos/,/guides/preparing-for-a-parrot/,internal,main
/parrots/cockatoos/,/,internal,chrome
/parrots/cockatoos/,/available-birds/,internal,chrome
/parrots/cockatoos/,/parrots/,internal,chrome
/parrots/cockatoos/,/parrots-for-sale/,internal,chrome
/parrots/cockatoos/,/our-approach/,internal,chrome
/parrots/cockatoos/,/parrot-care/,internal,chrome
/parrots/cockatoos/,/locations/,internal,chrome
/parrots/cockatoos/,/parrot-prices-uk/,internal,chrome
/parrots/cockatoos/,/contact/,internal,chrome
/parrots/cockatoos/,/privacy-policy/,internal,chrome
/parrots/cockatoos/,/cookie-policy/,internal,chrome
/parrots/cockatoos/,/business-policies/,internal,chrome
/parrots/cockatoos/galah-cockatoo/,/,internal,chrome
/parrots/cockatoos/galah-cockatoo/,/available-birds/,internal,chrome
/parrots/cockatoos/galah-cockatoo/,/parrots/,internal,chrome
/parrots/cockatoos/galah-cockatoo/,/parrots-for-sale/,internal,chrome
/parrots/cockatoos/galah-cockatoo/,/guides/,internal,chrome
/parrots/cockatoos/galah-cockatoo/,/contact/,internal,chrome
/parrots/cockatoos/galah-cockatoo/,/contact/,internal,chrome
/parrots/cockatoos/galah-cockatoo/,/,internal,main
/parrots/cockatoos/galah-cockatoo/,/parrots/,internal,main
/parrots/cockatoos/galah-cockatoo/,/parrots/cockatoos/,internal,main
/parrots/cockatoos/galah-cockatoo/,/guides/buying-a-parrot/,internal,main
/parrots/cockatoos/galah-cockatoo/,/guides/cites-parrots-uk/,internal,main
/parrots/cockatoos/galah-cockatoo/,/guides/parrot-ownership-costs/,internal,main
/parrots/cockatoos/galah-cockatoo/,/guides/preparing-for-a-parrot/,internal,main
/parrots/cockatoos/galah-cockatoo/,/parrots/cockatoos/,internal,main
/parrots/cockatoos/galah-cockatoo/,/parrots-for-sale/cockatoos/,internal,main
/parrots/cockatoos/galah-cockatoo/,/guides/choosing-a-parrot/,internal,main
/parrots/cockatoos/galah-cockatoo/,/guides/parrot-housing-enrichment/,internal,main
/parrots/cockatoos/galah-cockatoo/,/guides/buying-a-parrot-checklist/,internal,main
/parrots/cockatoos/galah-cockatoo/,/guides/parrot-ownership-costs/,internal,main
/parrots/cockatoos/galah-cockatoo/,/guides/parrot-diet-nutrition/,internal,main
/parrots/cockatoos/galah-cockatoo/,/available-birds/,internal,main
/parrots/cockatoos/galah-cockatoo/,/contact/?species=cockatoos&bird=galah-cockatoo,internal,main
/parrots/cockatoos/galah-cockatoo/,/parrots/cockatoos/umbrella-cockatoo/,internal,main
/parrots/cockatoos/galah-cockatoo/,/,internal,chrome
/parrots/cockatoos/galah-cockatoo/,/available-birds/,internal,chrome
/parrots/cockatoos/galah-cockatoo/,/parrots/,internal,chrome
/parrots/cockatoos/galah-cockatoo/,/parrots-for-sale/,internal,chrome
/parrots/cockatoos/galah-cockatoo/,/our-approach/,internal,chrome
/parrots/cockatoos/galah-cockatoo/,/parrot-care/,internal,chrome
/parrots/cockatoos/galah-cockatoo/,/locations/,internal,chrome
/parrots/cockatoos/galah-cockatoo/,/parrot-prices-uk/,internal,chrome
/parrots/cockatoos/galah-cockatoo/,/contact/,internal,chrome
/parrots/cockatoos/galah-cockatoo/,/privacy-policy/,internal,chrome
/parrots/cockatoos/galah-cockatoo/,/cookie-policy/,internal,chrome
/parrots/cockatoos/galah-cockatoo/,/business-policies/,internal,chrome
/parrots/cockatoos/umbrella-cockatoo/,/,internal,chrome
/parrots/cockatoos/umbrella-cockatoo/,/available-birds/,internal,chrome
/parrots/cockatoos/umbrella-cockatoo/,/parrots/,internal,chrome
/parrots/cockatoos/umbrella-cockatoo/,/parrots-for-sale/,internal,chrome
/parrots/cockatoos/umbrella-cockatoo/,/guides/,internal,chrome
/parrots/cockatoos/umbrella-cockatoo/,/contact/,internal,chrome
/parrots/cockatoos/umbrella-cockatoo/,/contact/,internal,chrome
/parrots/cockatoos/umbrella-cockatoo/,/,internal,main
/parrots/cockatoos/umbrella-cockatoo/,/parrots/,internal,main
/parrots/cockatoos/umbrella-cockatoo/,/parrots/cockatoos/,internal,main
/parrots/cockatoos/umbrella-cockatoo/,/guides/buying-a-parrot/,internal,main
/parrots/cockatoos/umbrella-cockatoo/,/guides/cites-parrots-uk/,internal,main
/parrots/cockatoos/umbrella-cockatoo/,/guides/parrot-ownership-costs/,internal,main
/parrots/cockatoos/umbrella-cockatoo/,/guides/preparing-for-a-parrot/,internal,main
/parrots/cockatoos/umbrella-cockatoo/,/parrots/cockatoos/,internal,main
/parrots/cockatoos/umbrella-cockatoo/,/parrots-for-sale/cockatoos/,internal,main
/parrots/cockatoos/umbrella-cockatoo/,/guides/choosing-a-parrot/,internal,main
/parrots/cockatoos/umbrella-cockatoo/,/guides/parrot-housing-enrichment/,internal,main
/parrots/cockatoos/umbrella-cockatoo/,/guides/buying-a-parrot-checklist/,internal,main
/parrots/cockatoos/umbrella-cockatoo/,/guides/parrot-ownership-costs/,internal,main
/parrots/cockatoos/umbrella-cockatoo/,/guides/parrot-diet-nutrition/,internal,main
/parrots/cockatoos/umbrella-cockatoo/,/available-birds/,internal,main
/parrots/cockatoos/umbrella-cockatoo/,/contact/?species=cockatoos&bird=umbrella-cockatoo,internal,main
/parrots/cockatoos/umbrella-cockatoo/,/parrots/cockatoos/galah-cockatoo/,internal,main
/parrots/cockatoos/umbrella-cockatoo/,/,internal,chrome
/parrots/cockatoos/umbrella-cockatoo/,/available-birds/,internal,chrome
/parrots/cockatoos/umbrella-cockatoo/,/parrots/,internal,chrome
/parrots/cockatoos/umbrella-cockatoo/,/parrots-for-sale/,internal,chrome
/parrots/cockatoos/umbrella-cockatoo/,/our-approach/,internal,chrome
/parrots/cockatoos/umbrella-cockatoo/,/parrot-care/,internal,chrome
/parrots/cockatoos/umbrella-cockatoo/,/locations/,internal,chrome
/parrots/cockatoos/umbrella-cockatoo/,/parrot-prices-uk/,internal,chrome
/parrots/cockatoos/umbrella-cockatoo/,/contact/,internal,chrome
/parrots/cockatoos/umbrella-cockatoo/,/privacy-policy/,internal,chrome
/parrots/cockatoos/umbrella-cockatoo/,/cookie-policy/,internal,chrome
/parrots/cockatoos/umbrella-cockatoo/,/business-policies/,internal,chrome
/parrots/conures/,/,internal,chrome
/parrots/conures/,/available-birds/,internal,chrome
/parrots/conures/,/parrots/,internal,chrome
/parrots/conures/,/parrots-for-sale/,internal,chrome
/parrots/conures/,/guides/,internal,chrome
/parrots/conures/,/contact/,internal,chrome
/parrots/conures/,/contact/,internal,chrome
/parrots/conures/,/parrots/,internal,main
/parrots/conures/,/available-birds/,internal,main
/parrots/conures/,/contact/?species=conures,internal,main
/parrots/conures/,/contact/?species=conures,internal,main
/parrots/conures/,#size,internal,chrome
/parrots/conures/,#lifespan,internal,chrome
/parrots/conures/,#noise,internal,chrome
/parrots/conures/,#diet,internal,chrome
/parrots/conures/,#suitability,internal,chrome
/parrots/conures/,#challenges,internal,chrome
/parrots/conures/,#temperament,internal,chrome
/parrots/conures/,#housing,internal,chrome
/parrots/conures/,#named-species,internal,chrome
/parrots/conures/,/parrots/conures/green-cheeked-conure/,internal,main
/parrots/conures/,/parrots/conures/sun-conure/,internal,main
/parrots/conures/,/guides/buying-a-parrot/,internal,main
/parrots/conures/,/guides/cites-parrots-uk/,internal,main
/parrots/conures/,/guides/parrot-ownership-costs/,internal,main
/parrots/conures/,/guides/preparing-for-a-parrot/,internal,main
/parrots/conures/,/parrots/conures/,internal,main
/parrots/conures/,/parrots-for-sale/conures/,internal,main
/parrots/conures/,/guides/choosing-a-parrot/,internal,main
/parrots/conures/,/guides/parrot-housing-enrichment/,internal,main
/parrots/conures/,/guides/buying-a-parrot-checklist/,internal,main
/parrots/conures/,/guides/parrot-ownership-costs/,internal,main
/parrots/conures/,/guides/parrot-diet-nutrition/,internal,main
/parrots/conures/,/available-birds/,internal,main
/parrots/conures/,https://www.rspca.org.uk/adviceandwelfare/pets/birds/diet,external,main
/parrots/conures/,https://www.ivis.org/library/avian-health-and-disease/lifespan-and-longevity,external,main
/parrots/conures/,https://vcahospitals.com/know-your-pet/conures-general,external,main
/parrots/conures/,/contact/?species=conures,internal,main
/parrots/conures/,/parrots/african-parrots/,internal,main
/parrots/conures/,/parrots/macaws/,internal,main
/parrots/conures/,/parrots/cockatoos/,internal,main
/parrots/conures/,/parrots/amazons/,internal,main
/parrots/conures/,/parrots/caiques/,internal,main
/parrots/conures/,/parrots/eclectus/,internal,main
/parrots/conures/,/parrots/parakeets-small-psittacines/,internal,main
/parrots/conures/,/guides/buying-a-parrot/,internal,main
/parrots/conures/,/guides/cites-parrots-uk/,internal,main
/parrots/conures/,/guides/preparing-for-a-parrot/,internal,main
/parrots/conures/,/,internal,chrome
/parrots/conures/,/available-birds/,internal,chrome
/parrots/conures/,/parrots/,internal,chrome
/parrots/conures/,/parrots-for-sale/,internal,chrome
/parrots/conures/,/our-approach/,internal,chrome
/parrots/conures/,/parrot-care/,internal,chrome
/parrots/conures/,/locations/,internal,chrome
/parrots/conures/,/parrot-prices-uk/,internal,chrome
/parrots/conures/,/contact/,internal,chrome
/parrots/conures/,/privacy-policy/,internal,chrome
/parrots/conures/,/cookie-policy/,internal,chrome
/parrots/conures/,/business-policies/,internal,chrome
/parrots/conures/green-cheeked-conure/,/,internal,chrome
/parrots/conures/green-cheeked-conure/,/available-birds/,internal,chrome
/parrots/conures/green-cheeked-conure/,/parrots/,internal,chrome
/parrots/conures/green-cheeked-conure/,/parrots-for-sale/,internal,chrome
/parrots/conures/green-cheeked-conure/,/guides/,internal,chrome
/parrots/conures/green-cheeked-conure/,/contact/,internal,chrome
/parrots/conures/green-cheeked-conure/,/contact/,internal,chrome
/parrots/conures/green-cheeked-conure/,/,internal,main
/parrots/conures/green-cheeked-conure/,/parrots/,internal,main
/parrots/conures/green-cheeked-conure/,/parrots/conures/,internal,main
/parrots/conures/green-cheeked-conure/,/guides/buying-a-parrot/,internal,main
/parrots/conures/green-cheeked-conure/,/guides/cites-parrots-uk/,internal,main
/parrots/conures/green-cheeked-conure/,/guides/parrot-ownership-costs/,internal,main
/parrots/conures/green-cheeked-conure/,/guides/preparing-for-a-parrot/,internal,main
/parrots/conures/green-cheeked-conure/,/parrots/conures/,internal,main
/parrots/conures/green-cheeked-conure/,/parrots-for-sale/conures/,internal,main
/parrots/conures/green-cheeked-conure/,/guides/choosing-a-parrot/,internal,main
/parrots/conures/green-cheeked-conure/,/guides/parrot-housing-enrichment/,internal,main
/parrots/conures/green-cheeked-conure/,/guides/buying-a-parrot-checklist/,internal,main
/parrots/conures/green-cheeked-conure/,/guides/parrot-ownership-costs/,internal,main
/parrots/conures/green-cheeked-conure/,/guides/parrot-diet-nutrition/,internal,main
/parrots/conures/green-cheeked-conure/,/available-birds/,internal,main
/parrots/conures/green-cheeked-conure/,/contact/?species=conures&bird=green-cheeked-conure,internal,main
/parrots/conures/green-cheeked-conure/,/parrots/conures/sun-conure/,internal,main
/parrots/conures/green-cheeked-conure/,/,internal,chrome
/parrots/conures/green-cheeked-conure/,/available-birds/,internal,chrome
/parrots/conures/green-cheeked-conure/,/parrots/,internal,chrome
/parrots/conures/green-cheeked-conure/,/parrots-for-sale/,internal,chrome
/parrots/conures/green-cheeked-conure/,/our-approach/,internal,chrome
/parrots/conures/green-cheeked-conure/,/parrot-care/,internal,chrome
/parrots/conures/green-cheeked-conure/,/locations/,internal,chrome
/parrots/conures/green-cheeked-conure/,/parrot-prices-uk/,internal,chrome
/parrots/conures/green-cheeked-conure/,/contact/,internal,chrome
/parrots/conures/green-cheeked-conure/,/privacy-policy/,internal,chrome
/parrots/conures/green-cheeked-conure/,/cookie-policy/,internal,chrome
/parrots/conures/green-cheeked-conure/,/business-policies/,internal,chrome
/parrots/conures/sun-conure/,/,internal,chrome
/parrots/conures/sun-conure/,/available-birds/,internal,chrome
/parrots/conures/sun-conure/,/parrots/,internal,chrome
/parrots/conures/sun-conure/,/parrots-for-sale/,internal,chrome
/parrots/conures/sun-conure/,/guides/,internal,chrome
/parrots/conures/sun-conure/,/contact/,internal,chrome
/parrots/conures/sun-conure/,/contact/,internal,chrome
/parrots/conures/sun-conure/,/,internal,main
/parrots/conures/sun-conure/,/parrots/,internal,main
/parrots/conures/sun-conure/,/parrots/conures/,internal,main
/parrots/conures/sun-conure/,/guides/buying-a-parrot/,internal,main
/parrots/conures/sun-conure/,/guides/cites-parrots-uk/,internal,main
/parrots/conures/sun-conure/,/guides/parrot-ownership-costs/,internal,main
/parrots/conures/sun-conure/,/guides/preparing-for-a-parrot/,internal,main
/parrots/conures/sun-conure/,/parrots/conures/,internal,main
/parrots/conures/sun-conure/,/parrots-for-sale/conures/,internal,main
/parrots/conures/sun-conure/,/guides/choosing-a-parrot/,internal,main
/parrots/conures/sun-conure/,/guides/parrot-housing-enrichment/,internal,main
/parrots/conures/sun-conure/,/guides/buying-a-parrot-checklist/,internal,main
/parrots/conures/sun-conure/,/guides/parrot-ownership-costs/,internal,main
/parrots/conures/sun-conure/,/guides/parrot-diet-nutrition/,internal,main
/parrots/conures/sun-conure/,/available-birds/,internal,main
/parrots/conures/sun-conure/,/contact/?species=conures&bird=sun-conure,internal,main
/parrots/conures/sun-conure/,/parrots/conures/green-cheeked-conure/,internal,main
/parrots/conures/sun-conure/,/,internal,chrome
/parrots/conures/sun-conure/,/available-birds/,internal,chrome
/parrots/conures/sun-conure/,/parrots/,internal,chrome
/parrots/conures/sun-conure/,/parrots-for-sale/,internal,chrome
/parrots/conures/sun-conure/,/our-approach/,internal,chrome
/parrots/conures/sun-conure/,/parrot-care/,internal,chrome
/parrots/conures/sun-conure/,/locations/,internal,chrome
/parrots/conures/sun-conure/,/parrot-prices-uk/,internal,chrome
/parrots/conures/sun-conure/,/contact/,internal,chrome
/parrots/conures/sun-conure/,/privacy-policy/,internal,chrome
/parrots/conures/sun-conure/,/cookie-policy/,internal,chrome
/parrots/conures/sun-conure/,/business-policies/,internal,chrome
/parrots/eclectus/,/,internal,chrome
/parrots/eclectus/,/available-birds/,internal,chrome
/parrots/eclectus/,/parrots/,internal,chrome
/parrots/eclectus/,/parrots-for-sale/,internal,chrome
/parrots/eclectus/,/guides/,internal,chrome
/parrots/eclectus/,/contact/,internal,chrome
/parrots/eclectus/,/contact/,internal,chrome
/parrots/eclectus/,/parrots/,internal,main
/parrots/eclectus/,/available-birds/,internal,main
/parrots/eclectus/,/contact/?species=eclectus,internal,main
/parrots/eclectus/,/contact/?species=eclectus,internal,main
/parrots/eclectus/,#size,internal,chrome
/parrots/eclectus/,#lifespan,internal,chrome
/parrots/eclectus/,#noise,internal,chrome
/parrots/eclectus/,#diet,internal,chrome
/parrots/eclectus/,#suitability,internal,chrome
/parrots/eclectus/,#challenges,internal,chrome
/parrots/eclectus/,#temperament,internal,chrome
/parrots/eclectus/,#housing,internal,chrome
/parrots/eclectus/,#named-species,internal,chrome
/parrots/eclectus/,/parrots/eclectus/papuan-eclectus-parrot/,internal,main
/parrots/eclectus/,/guides/buying-a-parrot/,internal,main
/parrots/eclectus/,/guides/cites-parrots-uk/,internal,main
/parrots/eclectus/,/guides/parrot-ownership-costs/,internal,main
/parrots/eclectus/,/guides/preparing-for-a-parrot/,internal,main
/parrots/eclectus/,/parrots/eclectus/,internal,main
/parrots/eclectus/,/parrots-for-sale/eclectus-parrots/,internal,main
/parrots/eclectus/,/guides/choosing-a-parrot/,internal,main
/parrots/eclectus/,/guides/parrot-housing-enrichment/,internal,main
/parrots/eclectus/,/guides/buying-a-parrot-checklist/,internal,main
/parrots/eclectus/,/guides/parrot-ownership-costs/,internal,main
/parrots/eclectus/,/guides/parrot-diet-nutrition/,internal,main
/parrots/eclectus/,/available-birds/,internal,main
/parrots/eclectus/,https://www.rspca.org.uk/adviceandwelfare/pets/birds/diet,external,main
/parrots/eclectus/,https://www.ivis.org/library/avian-health-and-disease/lifespan-and-longevity,external,main
/parrots/eclectus/,https://animaldiversity.org/accounts/Eclectus_roratus/,external,main
/parrots/eclectus/,/contact/?species=eclectus,internal,main
/parrots/eclectus/,/parrots/african-parrots/,internal,main
/parrots/eclectus/,/parrots/macaws/,internal,main
/parrots/eclectus/,/parrots/cockatoos/,internal,main
/parrots/eclectus/,/parrots/amazons/,internal,main
/parrots/eclectus/,/parrots/conures/,internal,main
/parrots/eclectus/,/parrots/caiques/,internal,main
/parrots/eclectus/,/parrots/parakeets-small-psittacines/,internal,main
/parrots/eclectus/,/guides/buying-a-parrot/,internal,main
/parrots/eclectus/,/guides/cites-parrots-uk/,internal,main
/parrots/eclectus/,/guides/preparing-for-a-parrot/,internal,main
/parrots/eclectus/,/,internal,chrome
/parrots/eclectus/,/available-birds/,internal,chrome
/parrots/eclectus/,/parrots/,internal,chrome
/parrots/eclectus/,/parrots-for-sale/,internal,chrome
/parrots/eclectus/,/our-approach/,internal,chrome
/parrots/eclectus/,/parrot-care/,internal,chrome
/parrots/eclectus/,/locations/,internal,chrome
/parrots/eclectus/,/parrot-prices-uk/,internal,chrome
/parrots/eclectus/,/contact/,internal,chrome
/parrots/eclectus/,/privacy-policy/,internal,chrome
/parrots/eclectus/,/cookie-policy/,internal,chrome
/parrots/eclectus/,/business-policies/,internal,chrome
/parrots/eclectus/papuan-eclectus-parrot/,/,internal,chrome
/parrots/eclectus/papuan-eclectus-parrot/,/available-birds/,internal,chrome
/parrots/eclectus/papuan-eclectus-parrot/,/parrots/,internal,chrome
/parrots/eclectus/papuan-eclectus-parrot/,/parrots-for-sale/,internal,chrome
/parrots/eclectus/papuan-eclectus-parrot/,/guides/,internal,chrome
/parrots/eclectus/papuan-eclectus-parrot/,/contact/,internal,chrome
/parrots/eclectus/papuan-eclectus-parrot/,/contact/,internal,chrome
/parrots/eclectus/papuan-eclectus-parrot/,/,internal,main
/parrots/eclectus/papuan-eclectus-parrot/,/parrots/,internal,main
/parrots/eclectus/papuan-eclectus-parrot/,/parrots/eclectus/,internal,main
/parrots/eclectus/papuan-eclectus-parrot/,https://avibase.bsc-eoc.org/species.jsp?avibaseid=028FCD4B04A2653C,external,main
/parrots/eclectus/papuan-eclectus-parrot/,/guides/buying-a-parrot/,internal,main
/parrots/eclectus/papuan-eclectus-parrot/,/guides/cites-parrots-uk/,internal,main
/parrots/eclectus/papuan-eclectus-parrot/,/guides/parrot-ownership-costs/,internal,main
/parrots/eclectus/papuan-eclectus-parrot/,/guides/preparing-for-a-parrot/,internal,main
/parrots/eclectus/papuan-eclectus-parrot/,/parrots/eclectus/,internal,main
/parrots/eclectus/papuan-eclectus-parrot/,/parrots-for-sale/eclectus-parrots/,internal,main
/parrots/eclectus/papuan-eclectus-parrot/,/guides/choosing-a-parrot/,internal,main
/parrots/eclectus/papuan-eclectus-parrot/,/guides/parrot-housing-enrichment/,internal,main
/parrots/eclectus/papuan-eclectus-parrot/,/guides/buying-a-parrot-checklist/,internal,main
/parrots/eclectus/papuan-eclectus-parrot/,/guides/parrot-ownership-costs/,internal,main
/parrots/eclectus/papuan-eclectus-parrot/,/guides/parrot-diet-nutrition/,internal,main
/parrots/eclectus/papuan-eclectus-parrot/,/available-birds/,internal,main
/parrots/eclectus/papuan-eclectus-parrot/,/contact/?species=eclectus&bird=papuan-eclectus-parrot,internal,main
/parrots/eclectus/papuan-eclectus-parrot/,/,internal,chrome
/parrots/eclectus/papuan-eclectus-parrot/,/available-birds/,internal,chrome
/parrots/eclectus/papuan-eclectus-parrot/,/parrots/,internal,chrome
/parrots/eclectus/papuan-eclectus-parrot/,/parrots-for-sale/,internal,chrome
/parrots/eclectus/papuan-eclectus-parrot/,/our-approach/,internal,chrome
/parrots/eclectus/papuan-eclectus-parrot/,/parrot-care/,internal,chrome
/parrots/eclectus/papuan-eclectus-parrot/,/locations/,internal,chrome
/parrots/eclectus/papuan-eclectus-parrot/,/parrot-prices-uk/,internal,chrome
/parrots/eclectus/papuan-eclectus-parrot/,/contact/,internal,chrome
/parrots/eclectus/papuan-eclectus-parrot/,/privacy-policy/,internal,chrome
/parrots/eclectus/papuan-eclectus-parrot/,/cookie-policy/,internal,chrome
/parrots/eclectus/papuan-eclectus-parrot/,/business-policies/,internal,chrome
/parrots/macaws/,/,internal,chrome
/parrots/macaws/,/available-birds/,internal,chrome
/parrots/macaws/,/parrots/,internal,chrome
/parrots/macaws/,/parrots-for-sale/,internal,chrome
/parrots/macaws/,/guides/,internal,chrome
/parrots/macaws/,/contact/,internal,chrome
/parrots/macaws/,/contact/,internal,chrome
/parrots/macaws/,/parrots/,internal,main
/parrots/macaws/,/available-birds/,internal,main
/parrots/macaws/,/contact/?species=macaws,internal,main
/parrots/macaws/,/contact/?species=macaws,internal,main
/parrots/macaws/,#size,internal,chrome
/parrots/macaws/,#lifespan,internal,chrome
/parrots/macaws/,#noise,internal,chrome
/parrots/macaws/,#diet,internal,chrome
/parrots/macaws/,#suitability,internal,chrome
/parrots/macaws/,#challenges,internal,chrome
/parrots/macaws/,#temperament,internal,chrome
/parrots/macaws/,#housing,internal,chrome
/parrots/macaws/,#named-species,internal,chrome
/parrots/macaws/,/parrots/macaws/blue-and-gold-macaw/,internal,main
/parrots/macaws/,/parrots/macaws/scarlet-macaw/,internal,main
/parrots/macaws/,/guides/buying-a-parrot/,internal,main
/parrots/macaws/,/guides/cites-parrots-uk/,internal,main
/parrots/macaws/,/guides/parrot-ownership-costs/,internal,main
/parrots/macaws/,/guides/preparing-for-a-parrot/,internal,main
/parrots/macaws/,/parrots/macaws/,internal,main
/parrots/macaws/,/parrots-for-sale/macaws/,internal,main
/parrots/macaws/,/guides/choosing-a-parrot/,internal,main
/parrots/macaws/,/guides/parrot-housing-enrichment/,internal,main
/parrots/macaws/,/guides/buying-a-parrot-checklist/,internal,main
/parrots/macaws/,/guides/parrot-ownership-costs/,internal,main
/parrots/macaws/,/guides/parrot-diet-nutrition/,internal,main
/parrots/macaws/,/available-birds/,internal,main
/parrots/macaws/,https://www.rspca.org.uk/adviceandwelfare/pets/birds/diet,external,main
/parrots/macaws/,https://www.ivis.org/library/avian-health-and-disease/lifespan-and-longevity,external,main
/parrots/macaws/,/contact/?species=macaws,internal,main
/parrots/macaws/,/parrots/african-parrots/,internal,main
/parrots/macaws/,/parrots/cockatoos/,internal,main
/parrots/macaws/,/parrots/amazons/,internal,main
/parrots/macaws/,/parrots/conures/,internal,main
/parrots/macaws/,/parrots/caiques/,internal,main
/parrots/macaws/,/parrots/eclectus/,internal,main
/parrots/macaws/,/parrots/parakeets-small-psittacines/,internal,main
/parrots/macaws/,/guides/buying-a-parrot/,internal,main
/parrots/macaws/,/guides/cites-parrots-uk/,internal,main
/parrots/macaws/,/guides/preparing-for-a-parrot/,internal,main
/parrots/macaws/,/,internal,chrome
/parrots/macaws/,/available-birds/,internal,chrome
/parrots/macaws/,/parrots/,internal,chrome
/parrots/macaws/,/parrots-for-sale/,internal,chrome
/parrots/macaws/,/our-approach/,internal,chrome
/parrots/macaws/,/parrot-care/,internal,chrome
/parrots/macaws/,/locations/,internal,chrome
/parrots/macaws/,/parrot-prices-uk/,internal,chrome
/parrots/macaws/,/contact/,internal,chrome
/parrots/macaws/,/privacy-policy/,internal,chrome
/parrots/macaws/,/cookie-policy/,internal,chrome
/parrots/macaws/,/business-policies/,internal,chrome
/parrots/macaws/blue-and-gold-macaw/,/,internal,chrome
/parrots/macaws/blue-and-gold-macaw/,/available-birds/,internal,chrome
/parrots/macaws/blue-and-gold-macaw/,/parrots/,internal,chrome
/parrots/macaws/blue-and-gold-macaw/,/parrots-for-sale/,internal,chrome
/parrots/macaws/blue-and-gold-macaw/,/guides/,internal,chrome
/parrots/macaws/blue-and-gold-macaw/,/contact/,internal,chrome
/parrots/macaws/blue-and-gold-macaw/,/contact/,internal,chrome
/parrots/macaws/blue-and-gold-macaw/,/,internal,main
/parrots/macaws/blue-and-gold-macaw/,/parrots/,internal,main
/parrots/macaws/blue-and-gold-macaw/,/parrots/macaws/,internal,main
/parrots/macaws/blue-and-gold-macaw/,/guides/buying-a-parrot/,internal,main
/parrots/macaws/blue-and-gold-macaw/,/guides/cites-parrots-uk/,internal,main
/parrots/macaws/blue-and-gold-macaw/,/guides/parrot-ownership-costs/,internal,main
/parrots/macaws/blue-and-gold-macaw/,/guides/preparing-for-a-parrot/,internal,main
/parrots/macaws/blue-and-gold-macaw/,/parrots/macaws/,internal,main
/parrots/macaws/blue-and-gold-macaw/,/parrots-for-sale/macaws/,internal,main
/parrots/macaws/blue-and-gold-macaw/,/guides/choosing-a-parrot/,internal,main
/parrots/macaws/blue-and-gold-macaw/,/guides/parrot-housing-enrichment/,internal,main
/parrots/macaws/blue-and-gold-macaw/,/guides/buying-a-parrot-checklist/,internal,main
/parrots/macaws/blue-and-gold-macaw/,/guides/parrot-ownership-costs/,internal,main
/parrots/macaws/blue-and-gold-macaw/,/guides/parrot-diet-nutrition/,internal,main
/parrots/macaws/blue-and-gold-macaw/,/available-birds/,internal,main
/parrots/macaws/blue-and-gold-macaw/,/contact/?species=macaws&bird=blue-and-gold-macaw,internal,main
/parrots/macaws/blue-and-gold-macaw/,/parrots/macaws/scarlet-macaw/,internal,main
/parrots/macaws/blue-and-gold-macaw/,/,internal,chrome
/parrots/macaws/blue-and-gold-macaw/,/available-birds/,internal,chrome
/parrots/macaws/blue-and-gold-macaw/,/parrots/,internal,chrome
/parrots/macaws/blue-and-gold-macaw/,/parrots-for-sale/,internal,chrome
/parrots/macaws/blue-and-gold-macaw/,/our-approach/,internal,chrome
/parrots/macaws/blue-and-gold-macaw/,/parrot-care/,internal,chrome
/parrots/macaws/blue-and-gold-macaw/,/locations/,internal,chrome
/parrots/macaws/blue-and-gold-macaw/,/parrot-prices-uk/,internal,chrome
/parrots/macaws/blue-and-gold-macaw/,/contact/,internal,chrome
/parrots/macaws/blue-and-gold-macaw/,/privacy-policy/,internal,chrome
/parrots/macaws/blue-and-gold-macaw/,/cookie-policy/,internal,chrome
/parrots/macaws/blue-and-gold-macaw/,/business-policies/,internal,chrome
/parrots/macaws/scarlet-macaw/,/,internal,chrome
/parrots/macaws/scarlet-macaw/,/available-birds/,internal,chrome
/parrots/macaws/scarlet-macaw/,/parrots/,internal,chrome
/parrots/macaws/scarlet-macaw/,/parrots-for-sale/,internal,chrome
/parrots/macaws/scarlet-macaw/,/guides/,internal,chrome
/parrots/macaws/scarlet-macaw/,/contact/,internal,chrome
/parrots/macaws/scarlet-macaw/,/contact/,internal,chrome
/parrots/macaws/scarlet-macaw/,/,internal,main
/parrots/macaws/scarlet-macaw/,/parrots/,internal,main
/parrots/macaws/scarlet-macaw/,/parrots/macaws/,internal,main
/parrots/macaws/scarlet-macaw/,/guides/buying-a-parrot/,internal,main
/parrots/macaws/scarlet-macaw/,/guides/cites-parrots-uk/,internal,main
/parrots/macaws/scarlet-macaw/,/guides/parrot-ownership-costs/,internal,main
/parrots/macaws/scarlet-macaw/,/guides/preparing-for-a-parrot/,internal,main
/parrots/macaws/scarlet-macaw/,/parrots/macaws/,internal,main
/parrots/macaws/scarlet-macaw/,/parrots-for-sale/macaws/,internal,main
/parrots/macaws/scarlet-macaw/,/guides/choosing-a-parrot/,internal,main
/parrots/macaws/scarlet-macaw/,/guides/parrot-housing-enrichment/,internal,main
/parrots/macaws/scarlet-macaw/,/guides/buying-a-parrot-checklist/,internal,main
/parrots/macaws/scarlet-macaw/,/guides/parrot-ownership-costs/,internal,main
/parrots/macaws/scarlet-macaw/,/guides/parrot-diet-nutrition/,internal,main
/parrots/macaws/scarlet-macaw/,/available-birds/,internal,main
/parrots/macaws/scarlet-macaw/,/contact/?species=macaws&bird=scarlet-macaw,internal,main
/parrots/macaws/scarlet-macaw/,/parrots/macaws/blue-and-gold-macaw/,internal,main
/parrots/macaws/scarlet-macaw/,/,internal,chrome
/parrots/macaws/scarlet-macaw/,/available-birds/,internal,chrome
/parrots/macaws/scarlet-macaw/,/parrots/,internal,chrome
/parrots/macaws/scarlet-macaw/,/parrots-for-sale/,internal,chrome
/parrots/macaws/scarlet-macaw/,/our-approach/,internal,chrome
/parrots/macaws/scarlet-macaw/,/parrot-care/,internal,chrome
/parrots/macaws/scarlet-macaw/,/locations/,internal,chrome
/parrots/macaws/scarlet-macaw/,/parrot-prices-uk/,internal,chrome
/parrots/macaws/scarlet-macaw/,/contact/,internal,chrome
/parrots/macaws/scarlet-macaw/,/privacy-policy/,internal,chrome
/parrots/macaws/scarlet-macaw/,/cookie-policy/,internal,chrome
/parrots/macaws/scarlet-macaw/,/business-policies/,internal,chrome
/parrots/parakeets-small-psittacines/,/,internal,chrome
/parrots/parakeets-small-psittacines/,/available-birds/,internal,chrome
/parrots/parakeets-small-psittacines/,/parrots/,internal,chrome
/parrots/parakeets-small-psittacines/,/parrots-for-sale/,internal,chrome
/parrots/parakeets-small-psittacines/,/guides/,internal,chrome
/parrots/parakeets-small-psittacines/,/contact/,internal,chrome
/parrots/parakeets-small-psittacines/,/contact/,internal,chrome
/parrots/parakeets-small-psittacines/,/parrots/,internal,main
/parrots/parakeets-small-psittacines/,/available-birds/,internal,main
/parrots/parakeets-small-psittacines/,/contact/?species=parakeets-small-psittacines,internal,main
/parrots/parakeets-small-psittacines/,/contact/?species=parakeets-small-psittacines,internal,main
/parrots/parakeets-small-psittacines/,#size,internal,chrome
/parrots/parakeets-small-psittacines/,#lifespan,internal,chrome
/parrots/parakeets-small-psittacines/,#noise,internal,chrome
/parrots/parakeets-small-psittacines/,#diet,internal,chrome
/parrots/parakeets-small-psittacines/,#suitability,internal,chrome
/parrots/parakeets-small-psittacines/,#challenges,internal,chrome
/parrots/parakeets-small-psittacines/,#temperament,internal,chrome
/parrots/parakeets-small-psittacines/,#housing,internal,chrome
/parrots/parakeets-small-psittacines/,#named-species,internal,chrome
/parrots/parakeets-small-psittacines/,/parrots/parakeets-small-psittacines/budgerigar/,internal,main
/parrots/parakeets-small-psittacines/,/parrots/parakeets-small-psittacines/indian-ringneck-parakeet/,internal,main
/parrots/parakeets-small-psittacines/,/parrots/parakeets-small-psittacines/peach-faced-lovebird/,internal,main
/parrots/parakeets-small-psittacines/,/guides/buying-a-parrot/,internal,main
/parrots/parakeets-small-psittacines/,/guides/cites-parrots-uk/,internal,main
/parrots/parakeets-small-psittacines/,/guides/parrot-ownership-costs/,internal,main
/parrots/parakeets-small-psittacines/,/guides/preparing-for-a-parrot/,internal,main
/parrots/parakeets-small-psittacines/,/parrots/parakeets-small-psittacines/,internal,main
/parrots/parakeets-small-psittacines/,/parrots-for-sale/parakeets-small-parrots/,internal,main
/parrots/parakeets-small-psittacines/,/guides/choosing-a-parrot/,internal,main
/parrots/parakeets-small-psittacines/,/guides/parrot-housing-enrichment/,internal,main
/parrots/parakeets-small-psittacines/,/guides/buying-a-parrot-checklist/,internal,main
/parrots/parakeets-small-psittacines/,/guides/parrot-ownership-costs/,internal,main
/parrots/parakeets-small-psittacines/,/guides/parrot-diet-nutrition/,internal,main
/parrots/parakeets-small-psittacines/,/available-birds/,internal,main
/parrots/parakeets-small-psittacines/,https://www.rspca.org.uk/adviceandwelfare/pets/birds/diet,external,main
/parrots/parakeets-small-psittacines/,https://www.ivis.org/library/avian-health-and-disease/lifespan-and-longevity,external,main
/parrots/parakeets-small-psittacines/,/contact/?species=parakeets-small-psittacines,internal,main
/parrots/parakeets-small-psittacines/,/parrots/african-parrots/,internal,main
/parrots/parakeets-small-psittacines/,/parrots/macaws/,internal,main
/parrots/parakeets-small-psittacines/,/parrots/cockatoos/,internal,main
/parrots/parakeets-small-psittacines/,/parrots/amazons/,internal,main
/parrots/parakeets-small-psittacines/,/parrots/conures/,internal,main
/parrots/parakeets-small-psittacines/,/parrots/caiques/,internal,main
/parrots/parakeets-small-psittacines/,/parrots/eclectus/,internal,main
/parrots/parakeets-small-psittacines/,/guides/buying-a-parrot/,internal,main
/parrots/parakeets-small-psittacines/,/guides/cites-parrots-uk/,internal,main
/parrots/parakeets-small-psittacines/,/guides/preparing-for-a-parrot/,internal,main
/parrots/parakeets-small-psittacines/,/,internal,chrome
/parrots/parakeets-small-psittacines/,/available-birds/,internal,chrome
/parrots/parakeets-small-psittacines/,/parrots/,internal,chrome
/parrots/parakeets-small-psittacines/,/parrots-for-sale/,internal,chrome
/parrots/parakeets-small-psittacines/,/our-approach/,internal,chrome
/parrots/parakeets-small-psittacines/,/parrot-care/,internal,chrome
/parrots/parakeets-small-psittacines/,/locations/,internal,chrome
/parrots/parakeets-small-psittacines/,/parrot-prices-uk/,internal,chrome
/parrots/parakeets-small-psittacines/,/contact/,internal,chrome
/parrots/parakeets-small-psittacines/,/privacy-policy/,internal,chrome
/parrots/parakeets-small-psittacines/,/cookie-policy/,internal,chrome
/parrots/parakeets-small-psittacines/,/business-policies/,internal,chrome
/parrots/parakeets-small-psittacines/budgerigar/,/,internal,chrome
/parrots/parakeets-small-psittacines/budgerigar/,/available-birds/,internal,chrome
/parrots/parakeets-small-psittacines/budgerigar/,/parrots/,internal,chrome
/parrots/parakeets-small-psittacines/budgerigar/,/parrots-for-sale/,internal,chrome
/parrots/parakeets-small-psittacines/budgerigar/,/guides/,internal,chrome
/parrots/parakeets-small-psittacines/budgerigar/,/contact/,internal,chrome
/parrots/parakeets-small-psittacines/budgerigar/,/contact/,internal,chrome
/parrots/parakeets-small-psittacines/budgerigar/,/,internal,main
/parrots/parakeets-small-psittacines/budgerigar/,/parrots/,internal,main
/parrots/parakeets-small-psittacines/budgerigar/,/parrots/parakeets-small-psittacines/,internal,main
/parrots/parakeets-small-psittacines/budgerigar/,/guides/buying-a-parrot/,internal,main
/parrots/parakeets-small-psittacines/budgerigar/,/guides/cites-parrots-uk/,internal,main
/parrots/parakeets-small-psittacines/budgerigar/,/guides/parrot-ownership-costs/,internal,main
/parrots/parakeets-small-psittacines/budgerigar/,/guides/preparing-for-a-parrot/,internal,main
/parrots/parakeets-small-psittacines/budgerigar/,/parrots/parakeets-small-psittacines/,internal,main
/parrots/parakeets-small-psittacines/budgerigar/,/parrots-for-sale/parakeets-small-parrots/,internal,main
/parrots/parakeets-small-psittacines/budgerigar/,/guides/choosing-a-parrot/,internal,main
/parrots/parakeets-small-psittacines/budgerigar/,/guides/parrot-housing-enrichment/,internal,main
/parrots/parakeets-small-psittacines/budgerigar/,/guides/buying-a-parrot-checklist/,internal,main
/parrots/parakeets-small-psittacines/budgerigar/,/guides/parrot-ownership-costs/,internal,main
/parrots/parakeets-small-psittacines/budgerigar/,/guides/parrot-diet-nutrition/,internal,main
/parrots/parakeets-small-psittacines/budgerigar/,/available-birds/,internal,main
/parrots/parakeets-small-psittacines/budgerigar/,/contact/?species=parakeets-small-psittacines&bird=budgerigar,internal,main
/parrots/parakeets-small-psittacines/budgerigar/,/parrots/parakeets-small-psittacines/indian-ringneck-parakeet/,internal,main
/parrots/parakeets-small-psittacines/budgerigar/,/parrots/parakeets-small-psittacines/peach-faced-lovebird/,internal,main
/parrots/parakeets-small-psittacines/budgerigar/,/,internal,chrome
/parrots/parakeets-small-psittacines/budgerigar/,/available-birds/,internal,chrome
/parrots/parakeets-small-psittacines/budgerigar/,/parrots/,internal,chrome
/parrots/parakeets-small-psittacines/budgerigar/,/parrots-for-sale/,internal,chrome
/parrots/parakeets-small-psittacines/budgerigar/,/our-approach/,internal,chrome
/parrots/parakeets-small-psittacines/budgerigar/,/parrot-care/,internal,chrome
/parrots/parakeets-small-psittacines/budgerigar/,/locations/,internal,chrome
/parrots/parakeets-small-psittacines/budgerigar/,/parrot-prices-uk/,internal,chrome
/parrots/parakeets-small-psittacines/budgerigar/,/contact/,internal,chrome
/parrots/parakeets-small-psittacines/budgerigar/,/privacy-policy/,internal,chrome
/parrots/parakeets-small-psittacines/budgerigar/,/cookie-policy/,internal,chrome
/parrots/parakeets-small-psittacines/budgerigar/,/business-policies/,internal,chrome
/parrots/parakeets-small-psittacines/indian-ringneck-parakeet/,/,internal,chrome
/parrots/parakeets-small-psittacines/indian-ringneck-parakeet/,/available-birds/,internal,chrome
/parrots/parakeets-small-psittacines/indian-ringneck-parakeet/,/parrots/,internal,chrome
/parrots/parakeets-small-psittacines/indian-ringneck-parakeet/,/parrots-for-sale/,internal,chrome
/parrots/parakeets-small-psittacines/indian-ringneck-parakeet/,/guides/,internal,chrome
/parrots/parakeets-small-psittacines/indian-ringneck-parakeet/,/contact/,internal,chrome
/parrots/parakeets-small-psittacines/indian-ringneck-parakeet/,/contact/,internal,chrome
/parrots/parakeets-small-psittacines/indian-ringneck-parakeet/,/,internal,main
/parrots/parakeets-small-psittacines/indian-ringneck-parakeet/,/parrots/,internal,main
/parrots/parakeets-small-psittacines/indian-ringneck-parakeet/,/parrots/parakeets-small-psittacines/,internal,main
/parrots/parakeets-small-psittacines/indian-ringneck-parakeet/,/guides/buying-a-parrot/,internal,main
/parrots/parakeets-small-psittacines/indian-ringneck-parakeet/,/guides/cites-parrots-uk/,internal,main
/parrots/parakeets-small-psittacines/indian-ringneck-parakeet/,/guides/parrot-ownership-costs/,internal,main
/parrots/parakeets-small-psittacines/indian-ringneck-parakeet/,/guides/preparing-for-a-parrot/,internal,main
/parrots/parakeets-small-psittacines/indian-ringneck-parakeet/,/parrots/parakeets-small-psittacines/,internal,main
/parrots/parakeets-small-psittacines/indian-ringneck-parakeet/,/parrots-for-sale/parakeets-small-parrots/,internal,main
/parrots/parakeets-small-psittacines/indian-ringneck-parakeet/,/guides/choosing-a-parrot/,internal,main
/parrots/parakeets-small-psittacines/indian-ringneck-parakeet/,/guides/parrot-housing-enrichment/,internal,main
/parrots/parakeets-small-psittacines/indian-ringneck-parakeet/,/guides/buying-a-parrot-checklist/,internal,main
/parrots/parakeets-small-psittacines/indian-ringneck-parakeet/,/guides/parrot-ownership-costs/,internal,main
/parrots/parakeets-small-psittacines/indian-ringneck-parakeet/,/guides/parrot-diet-nutrition/,internal,main
/parrots/parakeets-small-psittacines/indian-ringneck-parakeet/,/available-birds/,internal,main
/parrots/parakeets-small-psittacines/indian-ringneck-parakeet/,/contact/?species=parakeets-small-psittacines&bird=indian-ringneck-parakeet,internal,main
/parrots/parakeets-small-psittacines/indian-ringneck-parakeet/,/parrots/parakeets-small-psittacines/budgerigar/,internal,main
/parrots/parakeets-small-psittacines/indian-ringneck-parakeet/,/parrots/parakeets-small-psittacines/peach-faced-lovebird/,internal,main
/parrots/parakeets-small-psittacines/indian-ringneck-parakeet/,/,internal,chrome
/parrots/parakeets-small-psittacines/indian-ringneck-parakeet/,/available-birds/,internal,chrome
/parrots/parakeets-small-psittacines/indian-ringneck-parakeet/,/parrots/,internal,chrome
/parrots/parakeets-small-psittacines/indian-ringneck-parakeet/,/parrots-for-sale/,internal,chrome
/parrots/parakeets-small-psittacines/indian-ringneck-parakeet/,/our-approach/,internal,chrome
/parrots/parakeets-small-psittacines/indian-ringneck-parakeet/,/parrot-care/,internal,chrome
/parrots/parakeets-small-psittacines/indian-ringneck-parakeet/,/locations/,internal,chrome
/parrots/parakeets-small-psittacines/indian-ringneck-parakeet/,/parrot-prices-uk/,internal,chrome
/parrots/parakeets-small-psittacines/indian-ringneck-parakeet/,/contact/,internal,chrome
/parrots/parakeets-small-psittacines/indian-ringneck-parakeet/,/privacy-policy/,internal,chrome
/parrots/parakeets-small-psittacines/indian-ringneck-parakeet/,/cookie-policy/,internal,chrome
/parrots/parakeets-small-psittacines/indian-ringneck-parakeet/,/business-policies/,internal,chrome
/parrots/parakeets-small-psittacines/peach-faced-lovebird/,/,internal,chrome
/parrots/parakeets-small-psittacines/peach-faced-lovebird/,/available-birds/,internal,chrome
/parrots/parakeets-small-psittacines/peach-faced-lovebird/,/parrots/,internal,chrome
/parrots/parakeets-small-psittacines/peach-faced-lovebird/,/parrots-for-sale/,internal,chrome
/parrots/parakeets-small-psittacines/peach-faced-lovebird/,/guides/,internal,chrome
/parrots/parakeets-small-psittacines/peach-faced-lovebird/,/contact/,internal,chrome
/parrots/parakeets-small-psittacines/peach-faced-lovebird/,/contact/,internal,chrome
/parrots/parakeets-small-psittacines/peach-faced-lovebird/,/,internal,main
/parrots/parakeets-small-psittacines/peach-faced-lovebird/,/parrots/,internal,main
/parrots/parakeets-small-psittacines/peach-faced-lovebird/,/parrots/parakeets-small-psittacines/,internal,main
/parrots/parakeets-small-psittacines/peach-faced-lovebird/,/guides/buying-a-parrot/,internal,main
/parrots/parakeets-small-psittacines/peach-faced-lovebird/,/guides/cites-parrots-uk/,internal,main
/parrots/parakeets-small-psittacines/peach-faced-lovebird/,/guides/parrot-ownership-costs/,internal,main
/parrots/parakeets-small-psittacines/peach-faced-lovebird/,/guides/preparing-for-a-parrot/,internal,main
/parrots/parakeets-small-psittacines/peach-faced-lovebird/,/parrots/parakeets-small-psittacines/,internal,main
/parrots/parakeets-small-psittacines/peach-faced-lovebird/,/parrots-for-sale/parakeets-small-parrots/,internal,main
/parrots/parakeets-small-psittacines/peach-faced-lovebird/,/guides/choosing-a-parrot/,internal,main
/parrots/parakeets-small-psittacines/peach-faced-lovebird/,/guides/parrot-housing-enrichment/,internal,main
/parrots/parakeets-small-psittacines/peach-faced-lovebird/,/guides/buying-a-parrot-checklist/,internal,main
/parrots/parakeets-small-psittacines/peach-faced-lovebird/,/guides/parrot-ownership-costs/,internal,main
/parrots/parakeets-small-psittacines/peach-faced-lovebird/,/guides/parrot-diet-nutrition/,internal,main
/parrots/parakeets-small-psittacines/peach-faced-lovebird/,/available-birds/,internal,main
/parrots/parakeets-small-psittacines/peach-faced-lovebird/,/contact/?species=parakeets-small-psittacines&bird=peach-faced-lovebird,internal,main
/parrots/parakeets-small-psittacines/peach-faced-lovebird/,/parrots/parakeets-small-psittacines/budgerigar/,internal,main
/parrots/parakeets-small-psittacines/peach-faced-lovebird/,/parrots/parakeets-small-psittacines/indian-ringneck-parakeet/,internal,main
/parrots/parakeets-small-psittacines/peach-faced-lovebird/,/,internal,chrome
/parrots/parakeets-small-psittacines/peach-faced-lovebird/,/available-birds/,internal,chrome
/parrots/parakeets-small-psittacines/peach-faced-lovebird/,/parrots/,internal,chrome
/parrots/parakeets-small-psittacines/peach-faced-lovebird/,/parrots-for-sale/,internal,chrome
/parrots/parakeets-small-psittacines/peach-faced-lovebird/,/our-approach/,internal,chrome
/parrots/parakeets-small-psittacines/peach-faced-lovebird/,/parrot-care/,internal,chrome
/parrots/parakeets-small-psittacines/peach-faced-lovebird/,/locations/,internal,chrome
/parrots/parakeets-small-psittacines/peach-faced-lovebird/,/parrot-prices-uk/,internal,chrome
/parrots/parakeets-small-psittacines/peach-faced-lovebird/,/contact/,internal,chrome
/parrots/parakeets-small-psittacines/peach-faced-lovebird/,/privacy-policy/,internal,chrome
/parrots/parakeets-small-psittacines/peach-faced-lovebird/,/cookie-policy/,internal,chrome
/parrots/parakeets-small-psittacines/peach-faced-lovebird/,/business-policies/,internal,chrome
/privacy-policy/,/,internal,chrome
/privacy-policy/,/available-birds/,internal,chrome
/privacy-policy/,/parrots/,internal,chrome
/privacy-policy/,/parrots-for-sale/,internal,chrome
/privacy-policy/,/guides/,internal,chrome
/privacy-policy/,/contact/,internal,chrome
/privacy-policy/,/contact/,internal,chrome
/privacy-policy/,/,internal,main
/privacy-policy/,https://ico.org.uk/make-a-complaint/,external,main
/privacy-policy/,https://developers.google.com/fonts/faq/privacy,external,main
/privacy-policy/,https://policies.google.com/privacy,external,main
/privacy-policy/,/cookie-policy/,internal,main
/privacy-policy/,/business-policies/,internal,main
/privacy-policy/,/contact/,internal,main
/privacy-policy/,/,internal,chrome
/privacy-policy/,/available-birds/,internal,chrome
/privacy-policy/,/parrots/,internal,chrome
/privacy-policy/,/parrots-for-sale/,internal,chrome
/privacy-policy/,/our-approach/,internal,chrome
/privacy-policy/,/parrot-care/,internal,chrome
/privacy-policy/,/locations/,internal,chrome
/privacy-policy/,/parrot-prices-uk/,internal,chrome
/privacy-policy/,/contact/,internal,chrome
/privacy-policy/,/privacy-policy/,internal,chrome
/privacy-policy/,/cookie-policy/,internal,chrome
/privacy-policy/,/business-policies/,internal,chrome
